# WaveFront *.obj file (generated by Autodesk ATF)

mtllib Caja.mtl

g Caja

v 46.750000 15.266667 -0.900000
v 42.750000 14.600000 1.100000
v 42.750000 10.600000 1.100000
v 46.750000 9.933333 -0.900000
v 46.750000 6.866667 -0.900000
v 42.750000 6.200000 1.100000
v 42.750000 2.200000 1.100000
v 46.750000 1.533333 -0.900000
v 46.750000 -1.533333 -0.900000
v 42.750000 -2.200000 1.100000
v 42.750000 -6.200000 1.100000
v 46.750000 -6.866667 -0.900000
v 46.750000 -9.933333 -0.900000
v 42.750000 -10.600000 1.100000
v 42.750000 -14.600000 1.100000
v 46.750000 -15.266667 -0.900000
v 46.750000 4.200000 7.100000
v 42.750000 4.200000 7.100000
v 46.750000 -4.200000 7.100000
v 42.750000 -4.200000 7.100000
v 46.750000 12.600000 7.100000
v 42.750000 12.600000 7.100000
v 46.750000 -12.600000 7.100000
v 42.750000 -12.600000 7.100000
v 42.750000 -16.800000 1.100000
v 42.750000 -16.800000 3.100000
v 42.750000 -23.200000 3.100000
v 42.750000 -23.200000 38.000000
v 42.750000 23.200000 38.000000
v 42.750000 23.200000 35.100000
v 42.750000 -5.800000 35.100000
v 42.750000 -5.800000 13.100000
v 42.750000 23.200000 13.100000
v 42.750000 23.200000 3.100000
v 42.750000 16.800000 3.100000
v 42.750000 16.800000 1.100000
v -29.302053 16.800000 3.100000
v -29.302053 -16.800000 3.100000
v 42.728421 23.749214 3.100000
v 42.663818 24.295041 3.100000
v 42.556589 24.834118 3.100000
v 42.407396 25.363119 3.100000
v 42.217157 25.878784 3.100000
v 41.987046 26.377933 3.100000
v 41.718481 26.857490 3.100000
v 41.413119 27.314497 3.100000
v 41.072842 27.746136 3.100000
v 40.699747 28.149747 3.100000
v 40.296136 28.522842 3.100000
v 39.864497 28.863119 3.100000
v 39.407490 29.168481 3.100000
v 38.927933 29.437046 3.100000
v 38.428784 29.667157 3.100000
v 37.913119 29.857396 3.100000
v 37.384118 30.006589 3.100000
v 36.845041 30.113818 3.100000
v 36.299214 30.178421 3.100000
v 35.750000 30.200000 3.100000
v -35.750000 30.200000 3.100000
v -36.299214 30.178421 3.100000
v -36.845041 30.113818 3.100000
v -37.384118 30.006589 3.100000
v -37.913119 29.857396 3.100000
v -38.428784 29.667157 3.100000
v -38.927933 29.437046 3.100000
v -39.407490 29.168481 3.100000
v -39.864497 28.863119 3.100000
v -40.296136 28.522842 3.100000
v -40.699747 28.149747 3.100000
v -41.072842 27.746136 3.100000
v -41.413119 27.314497 3.100000
v -41.718481 26.857490 3.100000
v -41.987046 26.377933 3.100000
v -42.217157 25.878784 3.100000
v -42.407396 25.363119 3.100000
v -42.556589 24.834118 3.100000
v -42.663818 24.295041 3.100000
v -42.728421 23.749214 3.100000
v -42.750000 23.200000 3.100000
v -42.750000 -23.200000 3.100000
v -42.728421 -23.749214 3.100000
v -42.663818 -24.295041 3.100000
v -42.556589 -24.834118 3.100000
v -42.407396 -25.363119 3.100000
v -42.217157 -25.878784 3.100000
v -41.987046 -26.377933 3.100000
v -41.718481 -26.857490 3.100000
v -41.413119 -27.314497 3.100000
v -41.072842 -27.746136 3.100000
v -40.699747 -28.149747 3.100000
v -40.296136 -28.522842 3.100000
v -39.864497 -28.863119 3.100000
v -39.407490 -29.168481 3.100000
v -38.927933 -29.437046 3.100000
v -38.428784 -29.667157 3.100000
v -37.913119 -29.857396 3.100000
v -37.384118 -30.006589 3.100000
v -36.845041 -30.113818 3.100000
v -36.299214 -30.178421 3.100000
v -35.750000 -30.200000 3.100000
v 35.750000 -30.200000 3.100000
v 36.299214 -30.178421 3.100000
v 36.845041 -30.113818 3.100000
v 37.384118 -30.006589 3.100000
v 37.913119 -29.857396 3.100000
v 38.428784 -29.667157 3.100000
v 38.927933 -29.437046 3.100000
v 39.407490 -29.168481 3.100000
v 39.864497 -28.863119 3.100000
v 40.296136 -28.522842 3.100000
v 40.699747 -28.149747 3.100000
v 41.072842 -27.746136 3.100000
v 41.413119 -27.314497 3.100000
v 41.718481 -26.857490 3.100000
v 41.987046 -26.377933 3.100000
v 42.217157 -25.878784 3.100000
v 42.407396 -25.363119 3.100000
v 42.556589 -24.834118 3.100000
v 42.663818 -24.295041 3.100000
v 42.728421 -23.749214 3.100000
v 41.000000 23.500000 3.100000
v 40.976658 23.017430 3.100000
v 40.906851 22.539366 3.100000
v 40.791229 22.070272 3.100000
v 40.630873 21.614526 3.100000
v 40.427280 21.176384 3.100000
v 40.182351 20.759937 3.100000
v 39.898372 20.369074 3.100000
v 39.577995 20.007443 3.100000
v 39.224211 19.678421 3.100000
v 38.840324 19.385081 3.100000
v 38.429917 19.130160 3.100000
v 37.996823 18.916039 3.100000
v 37.545085 18.744717 3.100000
v 37.078921 18.617795 3.100000
v 36.602683 18.536456 3.100000
v 36.120819 18.501460 3.100000
v 35.637826 18.513134 3.100000
v 35.158215 18.571370 3.100000
v 34.686463 18.675622 3.100000
v 34.226976 18.824919 3.100000
v 33.784042 19.017865 3.100000
v 33.361799 19.252660 3.100000
v 32.964187 19.527112 3.100000
v 32.594921 19.838657 3.100000
v 32.257446 20.184387 3.100000
v 31.954915 20.561074 3.100000
v 31.690152 20.965201 3.100000
v 31.465628 21.392994 3.100000
v 31.283441 21.840461 3.100000
v 31.145291 22.303422 3.100000
v 31.052468 22.777555 3.100000
v 31.005839 23.258433 3.100000
v 31.005839 23.741567 3.100000
v 31.052468 24.222445 3.100000
v 31.145291 24.696578 3.100000
v 31.283441 25.159539 3.100000
v 31.465628 25.607006 3.100000
v 31.690152 26.034799 3.100000
v 31.954915 26.438926 3.100000
v 32.257446 26.815613 3.100000
v 32.594921 27.161343 3.100000
v 32.964187 27.472888 3.100000
v 33.361799 27.747340 3.100000
v 33.784042 27.982135 3.100000
v 34.226976 28.175081 3.100000
v 34.686463 28.324378 3.100000
v 35.158215 28.428630 3.100000
v 35.637826 28.486866 3.100000
v 36.120819 28.498540 3.100000
v 36.602683 28.463544 3.100000
v 37.078921 28.382205 3.100000
v 37.545085 28.255283 3.100000
v 37.996823 28.083961 3.100000
v 38.429917 27.869840 3.100000
v 38.840324 27.614919 3.100000
v 39.224211 27.321579 3.100000
v 39.577995 26.992557 3.100000
v 39.898372 26.630926 3.100000
v 40.182351 26.240063 3.100000
v 40.427280 25.823616 3.100000
v 40.630873 25.385474 3.100000
v 40.791229 24.929728 3.100000
v 40.906851 24.460634 3.100000
v 40.976658 23.982570 3.100000
v -31.000000 23.500000 3.100000
v -31.023342 23.017430 3.100000
v -31.093149 22.539366 3.100000
v -31.208771 22.070272 3.100000
v -31.369127 21.614526 3.100000
v -31.572720 21.176384 3.100000
v -31.817649 20.759937 3.100000
v -32.101628 20.369074 3.100000
v -32.422005 20.007443 3.100000
v -32.775789 19.678421 3.100000
v -33.159676 19.385081 3.100000
v -33.570083 19.130160 3.100000
v -34.003177 18.916039 3.100000
v -34.454915 18.744717 3.100000
v -34.921079 18.617795 3.100000
v -35.397317 18.536456 3.100000
v -35.879181 18.501460 3.100000
v -36.362174 18.513134 3.100000
v -36.841785 18.571370 3.100000
v -37.313537 18.675622 3.100000
v -37.773024 18.824919 3.100000
v -38.215958 19.017865 3.100000
v -38.638201 19.252660 3.100000
v -39.035813 19.527112 3.100000
v -39.405079 19.838657 3.100000
v -39.742554 20.184387 3.100000
v -40.045085 20.561074 3.100000
v -40.309848 20.965201 3.100000
v -40.534372 21.392994 3.100000
v -40.716559 21.840461 3.100000
v -40.854709 22.303422 3.100000
v -40.947532 22.777555 3.100000
v -40.994161 23.258433 3.100000
v -40.994161 23.741567 3.100000
v -40.947532 24.222445 3.100000
v -40.854709 24.696578 3.100000
v -40.716559 25.159539 3.100000
v -40.534372 25.607006 3.100000
v -40.309848 26.034799 3.100000
v -40.045085 26.438926 3.100000
v -39.742554 26.815613 3.100000
v -39.405079 27.161343 3.100000
v -39.035813 27.472888 3.100000
v -38.638201 27.747340 3.100000
v -38.215958 27.982135 3.100000
v -37.773024 28.175081 3.100000
v -37.313537 28.324378 3.100000
v -36.841785 28.428630 3.100000
v -36.362174 28.486866 3.100000
v -35.879181 28.498540 3.100000
v -35.397317 28.463544 3.100000
v -34.921079 28.382205 3.100000
v -34.454915 28.255283 3.100000
v -34.003177 28.083961 3.100000
v -33.570083 27.869840 3.100000
v -33.159676 27.614919 3.100000
v -32.775789 27.321579 3.100000
v -32.422005 26.992557 3.100000
v -32.101628 26.630926 3.100000
v -31.817649 26.240063 3.100000
v -31.572720 25.823616 3.100000
v -31.369127 25.385474 3.100000
v -31.208771 24.929728 3.100000
v -31.093149 24.460634 3.100000
v -31.023342 23.982570 3.100000
v 41.000000 -23.500000 3.100000
v 40.976658 -23.982570 3.100000
v 40.906851 -24.460634 3.100000
v 40.791229 -24.929728 3.100000
v 40.630873 -25.385474 3.100000
v 40.427280 -25.823616 3.100000
v 40.182351 -26.240063 3.100000
v 39.898372 -26.630926 3.100000
v 39.577995 -26.992557 3.100000
v 39.224211 -27.321579 3.100000
v 38.840324 -27.614919 3.100000
v 38.429917 -27.869840 3.100000
v 37.996823 -28.083961 3.100000
v 37.545085 -28.255283 3.100000
v 37.078921 -28.382205 3.100000
v 36.602683 -28.463544 3.100000
v 36.120819 -28.498540 3.100000
v 35.637826 -28.486866 3.100000
v 35.158215 -28.428630 3.100000
v 34.686463 -28.324378 3.100000
v 34.226976 -28.175081 3.100000
v 33.784042 -27.982135 3.100000
v 33.361799 -27.747340 3.100000
v 32.964187 -27.472888 3.100000
v 32.594921 -27.161343 3.100000
v 32.257446 -26.815613 3.100000
v 31.954915 -26.438926 3.100000
v 31.690152 -26.034799 3.100000
v 31.465628 -25.607006 3.100000
v 31.283441 -25.159539 3.100000
v 31.145291 -24.696578 3.100000
v 31.052468 -24.222445 3.100000
v 31.005839 -23.741567 3.100000
v 31.005839 -23.258433 3.100000
v 31.052468 -22.777555 3.100000
v 31.145291 -22.303422 3.100000
v 31.283441 -21.840461 3.100000
v 31.465628 -21.392994 3.100000
v 31.690152 -20.965201 3.100000
v 31.954915 -20.561074 3.100000
v 32.257446 -20.184387 3.100000
v 32.594921 -19.838657 3.100000
v 32.964187 -19.527112 3.100000
v 33.361799 -19.252660 3.100000
v 33.784042 -19.017865 3.100000
v 34.226976 -18.824919 3.100000
v 34.686463 -18.675622 3.100000
v 35.158215 -18.571370 3.100000
v 35.637826 -18.513134 3.100000
v 36.120819 -18.501460 3.100000
v 36.602683 -18.536456 3.100000
v 37.078921 -18.617795 3.100000
v 37.545085 -18.744717 3.100000
v 37.996823 -18.916039 3.100000
v 38.429917 -19.130160 3.100000
v 38.840324 -19.385081 3.100000
v 39.224211 -19.678421 3.100000
v 39.577995 -20.007443 3.100000
v 39.898372 -20.369074 3.100000
v 40.182351 -20.759937 3.100000
v 40.427280 -21.176384 3.100000
v 40.630873 -21.614526 3.100000
v 40.791229 -22.070272 3.100000
v 40.906851 -22.539366 3.100000
v 40.976658 -23.017430 3.100000
v -31.000000 -23.500000 3.100000
v -31.023342 -23.982570 3.100000
v -31.093149 -24.460634 3.100000
v -31.208771 -24.929728 3.100000
v -31.369127 -25.385474 3.100000
v -31.572720 -25.823616 3.100000
v -31.817649 -26.240063 3.100000
v -32.101628 -26.630926 3.100000
v -32.422005 -26.992557 3.100000
v -32.775789 -27.321579 3.100000
v -33.159676 -27.614919 3.100000
v -33.570083 -27.869840 3.100000
v -34.003177 -28.083961 3.100000
v -34.454915 -28.255283 3.100000
v -34.921079 -28.382205 3.100000
v -35.397317 -28.463544 3.100000
v -35.879181 -28.498540 3.100000
v -36.362174 -28.486866 3.100000
v -36.841785 -28.428630 3.100000
v -37.313537 -28.324378 3.100000
v -37.773024 -28.175081 3.100000
v -38.215958 -27.982135 3.100000
v -38.638201 -27.747340 3.100000
v -39.035813 -27.472888 3.100000
v -39.405079 -27.161343 3.100000
v -39.742554 -26.815613 3.100000
v -40.045085 -26.438926 3.100000
v -40.309848 -26.034799 3.100000
v -40.534372 -25.607006 3.100000
v -40.716559 -25.159539 3.100000
v -40.854709 -24.696578 3.100000
v -40.947532 -24.222445 3.100000
v -40.994161 -23.741567 3.100000
v -40.994161 -23.258433 3.100000
v -40.947532 -22.777555 3.100000
v -40.854709 -22.303422 3.100000
v -40.716559 -21.840461 3.100000
v -40.534372 -21.392994 3.100000
v -40.309848 -20.965201 3.100000
v -40.045085 -20.561074 3.100000
v -39.742554 -20.184387 3.100000
v -39.405079 -19.838657 3.100000
v -39.035813 -19.527112 3.100000
v -38.638201 -19.252660 3.100000
v -38.215958 -19.017865 3.100000
v -37.773024 -18.824919 3.100000
v -37.313537 -18.675622 3.100000
v -36.841785 -18.571370 3.100000
v -36.362174 -18.513134 3.100000
v -35.879181 -18.501460 3.100000
v -35.397317 -18.536456 3.100000
v -34.921079 -18.617795 3.100000
v -34.454915 -18.744717 3.100000
v -34.003177 -18.916039 3.100000
v -33.570083 -19.130160 3.100000
v -33.159676 -19.385081 3.100000
v -32.775789 -19.678421 3.100000
v -32.422005 -20.007443 3.100000
v -32.101628 -20.369074 3.100000
v -31.817649 -20.759937 3.100000
v -31.572720 -21.176384 3.100000
v -31.369127 -21.614526 3.100000
v -31.208771 -22.070272 3.100000
v -31.093149 -22.539366 3.100000
v -31.023342 -23.017430 3.100000
v -35.750000 30.200000 33.739814
v -35.214420 30.200000 32.604268
v -34.639069 30.200000 31.489801
v -34.024607 30.200000 30.397431
v -33.371691 30.200000 29.328174
v -32.680983 30.200000 28.283048
v -31.953141 30.200000 27.263070
v -31.188824 30.200000 26.269259
v -30.388692 30.200000 25.302630
v -29.553404 30.200000 24.364201
v -28.683782 30.200000 23.455154
v -27.782823 30.200000 22.578671
v -26.852215 30.200000 21.736192
v -25.892953 30.200000 20.928407
v -24.906035 30.200000 20.156007
v -23.892455 30.200000 19.419683
v -22.853209 30.200000 18.720127
v -21.789295 30.200000 18.058029
v -20.701708 30.200000 17.434080
v -19.591444 30.200000 16.848971
v -18.459499 30.200000 16.303393
v -17.307200 30.200000 15.798175
v -16.137939 30.200000 15.334871
v -14.953326 30.200000 14.914056
v -13.754521 30.200000 14.536100
v -12.542686 30.200000 14.201375
v -11.318981 30.200000 13.910251
v -10.085178 30.200000 13.663209
v -8.844066 30.200000 13.460787
v -7.596938 30.200000 13.303131
v -6.345008 30.200000 13.190364
v -5.089487 30.200000 13.122612
v -3.831588 30.200000 13.100000
v -3.831588 32.000000 13.100000
v -4.483908 32.000000 13.106080
v -5.135467 32.000000 13.124296
v -5.786099 32.000000 13.154617
v -6.435638 32.000000 13.197011
v -7.083918 32.000000 13.251443
v -7.730773 32.000000 13.317881
v -8.376038 32.000000 13.396294
v -9.019546 32.000000 13.486647
v -9.661132 32.000000 13.588909
v -10.300630 32.000000 13.703046
v -10.937875 32.000000 13.829026
v -11.572699 32.000000 13.966817
v -12.204939 32.000000 14.116385
v -12.834427 32.000000 14.277698
v -13.460999 32.000000 14.450722
v -14.084487 32.000000 14.635427
v -14.704727 32.000000 14.831778
v -15.321553 32.000000 15.039743
v -15.934799 32.000000 15.259290
v -16.544298 32.000000 15.490385
v -17.149884 32.000000 15.732996
v -17.750792 32.000000 15.986829
v -18.346381 32.000000 16.251598
v -18.936509 32.000000 16.527208
v -19.521035 32.000000 16.813566
v -20.099819 32.000000 17.110579
v -20.672720 32.000000 17.418154
v -21.239596 32.000000 17.736198
v -21.800307 32.000000 18.064617
v -22.354712 32.000000 18.403319
v -22.902669 32.000000 18.752210
v -23.444038 32.000000 19.111196
v -23.978678 32.000000 19.480185
v -24.506447 32.000000 19.859084
v -25.027205 32.000000 20.247799
v -25.540811 32.000000 20.646238
v -26.047124 32.000000 21.054306
v -26.546002 32.000000 21.471911
v -27.037305 32.000000 21.898959
v -27.520893 32.000000 22.335358
v -27.996623 32.000000 22.781014
v -28.464351 32.000000 23.235830
v -28.923563 32.000000 23.699328
v -29.373883 32.000000 24.171123
v -29.815204 32.000000 24.651084
v -30.247418 32.000000 25.139080
v -30.670418 32.000000 25.634979
v -31.084094 32.000000 26.138651
v -31.488340 32.000000 26.649964
v -31.883046 32.000000 27.168788
v -32.268106 32.000000 27.694990
v -32.643411 32.000000 28.228441
v -33.008852 32.000000 28.769009
v -33.364138 32.000000 29.316271
v -33.709028 32.000000 29.869845
v -34.043444 32.000000 30.429580
v -34.367307 32.000000 30.995327
v -34.680537 32.000000 31.566934
v -34.983057 32.000000 32.144251
v -35.274787 32.000000 32.727128
v -35.555648 32.000000 33.315414
v -35.825561 32.000000 33.908959
v -36.084448 32.000000 34.507613
v -36.332229 32.000000 35.111225
v -36.332229 30.175744 35.111225
v -36.048435 30.193639 34.422478
v -36.448866 32.000000 35.380608
v -36.577834 32.000000 35.635244
v -36.719642 32.000000 35.875410
v -36.874800 32.000000 36.101383
v -37.043818 32.000000 36.313438
v -37.225848 32.000000 36.510415
v -37.419729 32.000000 36.691622
v -37.625286 32.000000 36.857765
v -37.842343 32.000000 37.009554
v -38.070725 32.000000 37.147699
v -38.310852 32.000000 37.273200
v -38.565846 32.000000 37.388014
v -38.836675 32.000000 37.492508
v -39.123923 32.000000 37.586824
v -39.428171 32.000000 37.671107
v -39.750000 32.000000 37.745500
v -40.146399 31.984258 37.819629
v -40.543062 31.936680 37.877643
v -40.936380 31.857197 37.921637
v -41.323961 31.745802 37.953873
v -41.701556 31.603397 37.976309
v -42.066351 31.431059 37.990473
v -42.416460 31.229642 37.997869
v -42.750000 31.000000 38.000000
v -42.750000 23.200000 38.000000
v -42.738891 23.594216 37.999999
v -42.705597 23.987192 37.999962
v -42.650243 24.377561 37.999811
v -42.572992 24.764217 37.999384
v -42.474126 25.145794 37.998522
v -42.354076 25.520809 37.996921
v -42.213175 25.888374 37.994170
v -42.051754 26.247605 37.989862
v -41.870296 26.597338 37.983608
v -41.669857 26.935635 37.974850
v -41.451133 27.261606 37.962646
v -41.214765 27.574474 37.946032
v -40.961397 27.873465 37.924042
v -40.692503 28.156981 37.895770
v -40.415004 28.418966 37.860582
v -40.131801 28.658885 37.817392
v -39.844716 28.877392 37.765025
v -39.555573 29.075145 37.702306
v -39.266193 29.252800 37.628059
v -38.978327 29.411059 37.541004
v -38.693648 29.550850 37.439502
v -38.413873 29.673169 37.321837
v -38.140721 29.779008 37.186294
v -37.875908 29.869364 37.031156
v -37.622392 29.944994 36.855589
v -37.384982 30.006564 36.661008
v -37.164066 30.055857 36.446717
v -36.959726 30.094723 36.211838
v -36.772427 30.124947 35.956061
v -36.605796 30.147594 35.685393
v -36.459553 30.164021 35.403152
v -42.438626 29.800000 37.998067
v -42.140801 29.800000 37.992353
v -41.855727 29.800000 37.982978
v -41.582670 29.800000 37.970047
v -41.069953 29.800000 37.933875
v -40.597835 29.800000 37.884449
v -40.162198 29.800000 37.822217
v -39.759500 29.800000 37.747490
v -39.386681 29.800000 37.660454
v -39.041092 29.800000 37.561182
v -38.725129 29.800000 37.451427
v -38.431419 29.800000 37.329645
v -42.438626 27.600000 37.998067
v -42.140801 26.500000 37.992353
v -42.438626 26.500000 37.998067
v -42.438626 25.400000 37.998067
v -41.582670 27.600000 37.970047
v -41.855727 27.600000 37.982978
v -42.140801 27.600000 37.992353
v -35.750000 -30.200000 33.739814
v -36.048446 -30.193638 34.422505
v -36.332229 -30.175744 35.111225
v -36.332229 -32.000000 35.111225
v -36.084503 -32.000000 34.507742
v -35.825788 -32.000000 33.909472
v -35.556177 -32.000000 33.316554
v -35.275763 -32.000000 32.729131
v -34.984636 -32.000000 32.147346
v -34.682889 -32.000000 31.571338
v -34.370613 -32.000000 31.001252
v -34.047901 -32.000000 30.437227
v -33.714844 -32.000000 29.879407
v -33.371534 -32.000000 29.327933
v -33.018064 -32.000000 28.782947
v -32.654525 -32.000000 28.244590
v -32.281008 -32.000000 27.713005
v -31.897607 -32.000000 27.188333
v -31.504412 -32.000000 26.670716
v -31.101516 -32.000000 26.160296
v -30.689010 -32.000000 25.657215
v -30.266987 -32.000000 25.161614
v -29.835538 -32.000000 24.673636
v -29.394755 -32.000000 24.193423
v -28.944732 -32.000000 23.721116
v -28.486023 -32.000000 23.257319
v -28.019134 -32.000000 22.802519
v -27.544204 -32.000000 22.356813
v -27.061373 -32.000000 21.920297
v -26.570778 -32.000000 21.493068
v -26.072559 -32.000000 21.075222
v -25.566854 -32.000000 20.666855
v -25.053803 -32.000000 20.268064
v -24.533545 -32.000000 19.878944
v -24.006217 -32.000000 19.499593
v -23.471959 -32.000000 19.130106
v -22.930911 -32.000000 18.770580
v -22.383210 -32.000000 18.421111
v -21.828996 -32.000000 18.081796
v -21.268407 -32.000000 17.752730
v -20.701582 -32.000000 17.434011
v -20.128661 -32.000000 17.125734
v -19.549781 -32.000000 16.827995
v -18.965083 -32.000000 16.540892
v -18.374705 -32.000000 16.264521
v -17.778789 -32.000000 15.998979
v -17.177972 -32.000000 15.744568
v -16.572751 -32.000000 15.501492
v -15.963286 -32.000000 15.269802
v -15.349741 -32.000000 15.049552
v -14.732275 -32.000000 14.840791
v -14.111052 -32.000000 14.643572
v -13.486233 -32.000000 14.457946
v -12.857980 -32.000000 14.283965
v -12.226455 -32.000000 14.121680
v -11.591819 -32.000000 13.971144
v -10.954236 -32.000000 13.832408
v -10.314205 -32.000000 13.705587
v -9.672170 -32.000000 13.590761
v -9.028301 -32.000000 13.487948
v -8.382766 -32.000000 13.397165
v -7.735735 -32.000000 13.318430
v -7.087377 -32.000000 13.251760
v -6.437860 -32.000000 13.197173
v -5.787354 -32.000000 13.154686
v -5.136027 -32.000000 13.124317
v -4.484049 -32.000000 13.106082
v -3.831588 -32.000000 13.100000
v -3.831588 -30.200000 13.100000
v -5.088989 -30.200000 13.122594
v -6.342986 -30.200000 13.190221
v -7.592388 -30.200000 13.302646
v -8.836006 -30.200000 13.459634
v -10.072650 -30.200000 13.660951
v -11.301132 -30.200000 13.906362
v -12.520261 -30.200000 14.195632
v -13.728849 -30.200000 14.528528
v -14.925705 -30.200000 14.904814
v -16.109641 -30.200000 15.324256
v -17.279428 -30.200000 15.786603
v -18.431383 -30.200000 16.290475
v -19.562953 -30.200000 16.834622
v -20.673125 -30.200000 17.418376
v -21.760889 -30.200000 18.041070
v -22.825233 -30.200000 18.702034
v -23.865146 -30.200000 19.400600
v -24.879615 -30.200000 20.136099
v -25.867631 -30.200000 20.907863
v -26.828182 -30.200000 21.715222
v -27.760256 -30.200000 22.557510
v -28.662752 -30.200000 23.433965
v -29.533053 -30.200000 24.342166
v -30.369738 -30.200000 25.280567
v -31.172033 -30.200000 26.248226
v -31.939161 -30.200000 27.244202
v -32.670349 -30.200000 28.267556
v -33.364636 -30.200000 29.317054
v -34.020392 -30.200000 30.390226
v -34.636916 -30.200000 31.485797
v -35.213640 -30.200000 32.602686
v 3.831588 -32.000000 13.100000
v 3.831588 -30.200000 13.100000
v 35.750000 -30.200000 33.739814
v 35.214420 -30.200000 32.604268
v 34.639069 -30.200000 31.489801
v 34.024607 -30.200000 30.397431
v 33.371691 -30.200000 29.328174
v 32.680983 -30.200000 28.283048
v 31.953141 -30.200000 27.263070
v 31.188824 -30.200000 26.269259
v 30.388692 -30.200000 25.302630
v 29.553404 -30.200000 24.364201
v 28.683782 -30.200000 23.455154
v 27.782823 -30.200000 22.578671
v 26.852215 -30.200000 21.736192
v 25.892953 -30.200000 20.928407
v 24.906035 -30.200000 20.156007
v 23.892455 -30.200000 19.419683
v 22.853209 -30.200000 18.720127
v 21.789295 -30.200000 18.058029
v 20.701708 -30.200000 17.434080
v 19.591444 -30.200000 16.848971
v 18.459499 -30.200000 16.303393
v 17.307200 -30.200000 15.798175
v 16.137939 -30.200000 15.334871
v 14.953326 -30.200000 14.914056
v 13.754521 -30.200000 14.536100
v 12.542686 -30.200000 14.201375
v 11.318981 -30.200000 13.910251
v 10.085178 -30.200000 13.663209
v 8.844066 -30.200000 13.460787
v 7.596938 -30.200000 13.303131
v 6.345008 -30.200000 13.190364
v 5.089487 -30.200000 13.122612
v 4.483908 -32.000000 13.106080
v 5.135467 -32.000000 13.124296
v 5.786099 -32.000000 13.154617
v 6.435638 -32.000000 13.197011
v 7.083918 -32.000000 13.251443
v 7.730773 -32.000000 13.317881
v 8.376038 -32.000000 13.396294
v 9.019546 -32.000000 13.486647
v 9.661132 -32.000000 13.588909
v 10.300630 -32.000000 13.703046
v 10.937875 -32.000000 13.829026
v 11.572699 -32.000000 13.966817
v 12.204939 -32.000000 14.116385
v 12.834427 -32.000000 14.277698
v 13.460999 -32.000000 14.450722
v 14.084487 -32.000000 14.635427
v 14.704727 -32.000000 14.831778
v 15.321553 -32.000000 15.039743
v 15.934799 -32.000000 15.259290
v 16.544298 -32.000000 15.490385
v 17.149884 -32.000000 15.732996
v 17.750792 -32.000000 15.986829
v 18.346381 -32.000000 16.251598
v 18.936509 -32.000000 16.527208
v 19.521035 -32.000000 16.813566
v 20.099819 -32.000000 17.110579
v 20.672720 -32.000000 17.418154
v 21.239596 -32.000000 17.736198
v 21.800307 -32.000000 18.064617
v 22.354712 -32.000000 18.403319
v 22.902669 -32.000000 18.752210
v 23.444038 -32.000000 19.111196
v 23.978678 -32.000000 19.480185
v 24.506447 -32.000000 19.859084
v 25.027205 -32.000000 20.247799
v 25.540811 -32.000000 20.646238
v 26.047124 -32.000000 21.054306
v 26.546002 -32.000000 21.471911
v 27.037305 -32.000000 21.898959
v 27.520893 -32.000000 22.335358
v 27.996623 -32.000000 22.781014
v 28.464351 -32.000000 23.235830
v 28.923563 -32.000000 23.699328
v 29.373883 -32.000000 24.171123
v 29.815204 -32.000000 24.651084
v 30.247418 -32.000000 25.139080
v 30.670418 -32.000000 25.634979
v 31.084094 -32.000000 26.138651
v 31.488340 -32.000000 26.649964
v 31.883046 -32.000000 27.168788
v 32.268106 -32.000000 27.694990
v 32.643411 -32.000000 28.228441
v 33.008852 -32.000000 28.769009
v 33.364138 -32.000000 29.316271
v 33.709028 -32.000000 29.869845
v 34.043444 -32.000000 30.429580
v 34.367307 -32.000000 30.995327
v 34.680537 -32.000000 31.566934
v 34.983057 -32.000000 32.144251
v 35.274787 -32.000000 32.727128
v 35.555648 -32.000000 33.315414
v 35.825561 -32.000000 33.908959
v 36.084448 -32.000000 34.507613
v 36.332229 -32.000000 35.111225
v 36.332229 -30.175744 35.111225
v 36.048435 -30.193639 34.422478
v 36.499057 -32.000000 35.484380
v 36.688678 -32.000000 35.825935
v 36.901686 -32.000000 36.137258
v 37.138271 -32.000000 36.419261
v 37.397977 -32.000000 36.672578
v 37.680811 -32.000000 36.898729
v 37.986796 -32.000000 37.099247
v 38.315844 -32.000000 37.275659
v 38.667807 -32.000000 37.429389
v 39.042762 -32.000000 37.561816
v 39.440794 -32.000000 37.674318
v 39.861874 -32.000000 37.768243
v 40.304288 -32.000000 37.844512
v 40.766908 -32.000000 37.904187
v 41.249043 -32.000000 37.948442
v 41.750000 -32.000000 37.978451
v 42.001044 -31.993693 37.988262
v 42.251717 -31.974764 37.994953
v 42.501532 -31.943197 37.998781
v 42.750000 -31.898979 38.000000
v 42.738902 -23.594020 37.999999
v 42.705641 -23.986801 37.999963
v 42.650342 -24.376979 37.999811
v 42.573169 -24.763447 37.999385
v 42.474399 -25.144852 37.998525
v 42.354466 -25.519699 37.996928
v 42.213704 -25.887101 37.994184
v 42.052445 -26.246175 37.989884
v 41.871159 -26.595783 37.983638
v 41.670904 -26.933975 37.974901
v 41.452386 -27.259845 37.962730
v 41.216247 -27.572620 37.946157
v 40.963133 -27.871528 37.924214
v 40.694372 -28.155117 37.895982
v 40.416825 -28.417339 37.860831
v 40.133573 -28.657462 37.817686
v 39.846441 -28.876147 37.765371
v 39.557250 -29.074057 37.702706
v 39.267823 -29.251852 37.628513
v 38.979903 -29.410243 37.541517
v 38.695143 -29.550159 37.440078
v 38.415262 -29.672595 37.322472
v 38.141982 -29.778546 37.186975
v 37.877022 -29.869007 37.031866
v 37.623232 -29.944756 36.856222
v 37.385586 -30.006419 36.661546
v 37.164530 -30.055766 36.447205
v 36.960129 -30.094657 36.212340
v 36.772763 -30.124895 35.956564
v 36.605989 -30.147566 35.685737
v 36.459634 -30.164010 35.403324
v 42.438626 -29.800000 37.998067
v 42.140801 -29.800000 37.992353
v 41.855727 -29.800000 37.982978
v 41.582670 -29.800000 37.970047
v 41.069953 -29.800000 37.933875
v 40.597835 -29.800000 37.884449
v 40.162198 -29.800000 37.822217
v 39.759500 -29.800000 37.747490
v 39.386681 -29.800000 37.660454
v 39.041092 -29.800000 37.561182
v 38.725129 -29.800000 37.451427
v 38.431419 -29.800000 37.329645
v 42.438626 -27.600000 37.998067
v 42.140801 -26.500000 37.992353
v 42.438626 -26.500000 37.998067
v 42.438626 -25.400000 37.998067
v 41.582670 -27.600000 37.970047
v 41.855727 -27.600000 37.982978
v 42.140801 -27.600000 37.992353
v 35.750000 30.200000 33.739814
v 36.048446 30.193638 34.422505
v 36.332229 30.175744 35.111225
v 36.332229 32.000000 35.111225
v 36.084503 32.000000 34.507742
v 35.825788 32.000000 33.909472
v 35.556177 32.000000 33.316554
v 35.275763 32.000000 32.729131
v 34.984636 32.000000 32.147346
v 34.682889 32.000000 31.571338
v 34.370613 32.000000 31.001252
v 34.047901 32.000000 30.437227
v 33.714844 32.000000 29.879407
v 33.371534 32.000000 29.327933
v 33.018064 32.000000 28.782947
v 32.654525 32.000000 28.244590
v 32.281008 32.000000 27.713005
v 31.897607 32.000000 27.188333
v 31.504412 32.000000 26.670716
v 31.101516 32.000000 26.160296
v 30.689010 32.000000 25.657215
v 30.266987 32.000000 25.161614
v 29.835538 32.000000 24.673636
v 29.394755 32.000000 24.193423
v 28.944732 32.000000 23.721116
v 28.486023 32.000000 23.257319
v 28.019134 32.000000 22.802519
v 27.544204 32.000000 22.356813
v 27.061373 32.000000 21.920297
v 26.570778 32.000000 21.493068
v 26.072559 32.000000 21.075222
v 25.566854 32.000000 20.666855
v 25.053803 32.000000 20.268064
v 24.533545 32.000000 19.878944
v 24.006217 32.000000 19.499593
v 23.471959 32.000000 19.130106
v 22.930911 32.000000 18.770580
v 22.383210 32.000000 18.421111
v 21.828996 32.000000 18.081796
v 21.268407 32.000000 17.752730
v 20.701582 32.000000 17.434011
v 20.128661 32.000000 17.125734
v 19.549781 32.000000 16.827995
v 18.965083 32.000000 16.540892
v 18.374705 32.000000 16.264521
v 17.778789 32.000000 15.998979
v 17.177972 32.000000 15.744568
v 16.572751 32.000000 15.501492
v 15.963286 32.000000 15.269802
v 15.349741 32.000000 15.049552
v 14.732275 32.000000 14.840791
v 14.111052 32.000000 14.643572
v 13.486233 32.000000 14.457946
v 12.857980 32.000000 14.283965
v 12.226455 32.000000 14.121680
v 11.591819 32.000000 13.971144
v 10.954236 32.000000 13.832408
v 10.314205 32.000000 13.705587
v 9.672170 32.000000 13.590761
v 9.028301 32.000000 13.487948
v 8.382766 32.000000 13.397165
v 7.735735 32.000000 13.318430
v 7.087377 32.000000 13.251760
v 6.437860 32.000000 13.197173
v 5.787354 32.000000 13.154686
v 5.136027 32.000000 13.124317
v 4.484049 32.000000 13.106082
v 3.831588 32.000000 13.100000
v 3.831588 30.200000 13.100000
v 5.088989 30.200000 13.122594
v 6.342986 30.200000 13.190221
v 7.592388 30.200000 13.302646
v 8.836006 30.200000 13.459634
v 10.072650 30.200000 13.660951
v 11.301132 30.200000 13.906362
v 12.520261 30.200000 14.195632
v 13.728849 30.200000 14.528528
v 14.925705 30.200000 14.904814
v 16.109641 30.200000 15.324256
v 17.279428 30.200000 15.786603
v 18.431383 30.200000 16.290475
v 19.562953 30.200000 16.834622
v 20.673125 30.200000 17.418376
v 21.760889 30.200000 18.041070
v 22.825233 30.200000 18.702034
v 23.865146 30.200000 19.400600
v 24.879615 30.200000 20.136099
v 25.867631 30.200000 20.907863
v 26.828182 30.200000 21.715222
v 27.760256 30.200000 22.557510
v 28.662752 30.200000 23.433965
v 29.533053 30.200000 24.342166
v 30.369738 30.200000 25.280567
v 31.172033 30.200000 26.248226
v 31.939161 30.200000 27.244202
v 32.670349 30.200000 28.267556
v 33.364636 30.200000 29.317054
v 34.020392 30.200000 30.390226
v 34.636916 30.200000 31.485797
v 35.213640 30.200000 32.602686
v -36.462720 -30.163631 35.409863
v -36.610596 -30.146897 35.693960
v -36.776179 -30.124534 35.961582
v -36.959604 -30.095031 36.211566
v -37.161497 -30.056497 36.443960
v -37.382484 -30.007045 36.658817
v -37.622173 -29.944975 36.855455
v -37.873073 -29.870152 37.029441
v -38.132085 -29.782054 37.181689
v -38.397416 -29.679956 37.314223
v -38.667269 -29.563133 37.429069
v -38.940718 -29.430471 37.528497
v -39.218040 -29.280363 37.614630
v -39.497610 -29.112083 37.688610
v -39.777718 -28.924946 37.751549
v -40.056652 -28.718264 37.804558
v -40.332705 -28.491350 37.848747
v -40.604155 -28.243528 37.885227
v -40.867480 -27.976086 37.914893
v -41.119839 -27.690440 37.938474
v -41.359793 -27.386824 37.956769
v -41.585904 -27.065468 37.970578
v -41.796734 -26.726605 37.980701
v -41.990845 -26.370468 37.987938
v -42.166117 -25.998827 37.993016
v -42.319295 -25.617508 37.996317
v -42.449809 -25.227940 37.998260
v -42.557305 -24.831135 37.999277
v -42.641390 -24.428309 37.999772
v -42.701651 -24.021306 37.999957
v -42.737903 -23.611351 37.999998
v -42.750000 -23.200000 38.000000
v -42.750000 -31.000000 38.000000
v -42.416251 -31.229777 37.997849
v -42.065791 -31.431358 37.990410
v -41.700494 -31.603855 37.976201
v -41.322238 -31.746374 37.953743
v -40.934892 -31.857536 37.921575
v -40.542198 -31.936779 37.877664
v -40.146453 -31.984226 37.819731
v -39.750000 -32.000000 37.745500
v -39.420964 -32.000000 37.669278
v -39.110278 -32.000000 37.582692
v -38.817331 -32.000000 37.485586
v -38.541511 -32.000000 37.377801
v -38.282204 -32.000000 37.259181
v -38.038759 -32.000000 37.129546
v -37.808822 -32.000000 36.987521
v -37.591300 -32.000000 36.831927
v -37.386206 -32.000000 36.662139
v -37.193554 -32.000000 36.477533
v -37.013357 -32.000000 36.277484
v -36.846334 -32.000000 36.062342
v -36.695436 -32.000000 35.836780
v -36.560122 -32.000000 35.602380
v -36.439389 -32.000000 35.360182
v -42.438626 -30.350000 37.998067
v -36.504863 -30.900000 35.495973
v -42.438626 -27.600000 37.998067
v -36.504863 -31.450000 35.495973
v -36.700332 -31.450000 35.844708
v -36.919605 -31.450000 36.160704
v -37.163974 -31.450000 36.446687
v -37.435083 -31.450000 36.704912
v -37.734964 -31.450000 36.937220
v -38.066084 -31.450000 37.145086
v -38.431419 -31.450000 37.329645
v -38.725129 -31.450000 37.451427
v -39.041092 -31.450000 37.561182
v -39.386681 -31.450000 37.660454
v -39.759500 -31.450000 37.747490
v -40.162198 -31.450000 37.822217
v -40.597835 -31.450000 37.884449
v -41.069953 -31.450000 37.933875
v -41.582670 -31.450000 37.970047
v -41.582670 -30.900000 37.970047
v -41.855727 -31.450000 37.982978
v -42.438626 -28.700000 37.998067
v -42.140801 -30.350000 37.992353
v -41.855727 -30.350000 37.982978
v -41.582670 -30.350000 37.970047
v -41.069953 -30.350000 37.933875
v -40.597835 -30.350000 37.884449
v -40.162198 -30.350000 37.822217
v -39.759500 -30.350000 37.747490
v -39.386681 -30.350000 37.660454
v -39.041092 -30.350000 37.561182
v -38.725129 -30.350000 37.451427
v -38.431419 -30.350000 37.329645
v -38.066084 -30.350000 37.145086
v -37.734964 -30.350000 36.937220
v -37.435083 -30.350000 36.704912
v -37.163974 -30.900000 36.446687
v -36.919605 -30.900000 36.160704
v -36.700332 -30.900000 35.844708
v -38.725129 -29.800000 37.451427
v -39.041092 -29.800000 37.561182
v -39.386681 -29.800000 37.660454
v -39.759500 -29.800000 37.747490
v -40.162198 -29.800000 37.822217
v -40.597835 -29.800000 37.884449
v -41.069953 -29.800000 37.933875
v -41.582670 -29.800000 37.970047
v -41.855727 -29.800000 37.982978
v -42.140801 -29.800000 37.992353
v -42.438626 -29.800000 37.998067
v -38.431419 -29.800000 37.329645
v -40.597835 -28.700000 37.884449
v -41.069953 -28.700000 37.933875
v -41.582670 -28.700000 37.970047
v -41.855727 -28.700000 37.982978
v -42.140801 -28.700000 37.992353
v -42.438626 -25.400000 37.998067
v -40.162198 -28.700000 37.822217
v -41.582670 -27.600000 37.970047
v -41.855727 -27.600000 37.982978
v -42.140801 -27.600000 37.992353
v -37.435083 -30.900000 36.704912
v -37.734964 -30.900000 36.937220
v -38.066084 -30.900000 37.145086
v -38.431419 -30.900000 37.329645
v -38.725129 -30.900000 37.451427
v -39.041092 -30.900000 37.561182
v -39.386681 -30.900000 37.660454
v -39.759500 -30.900000 37.747490
v -40.162198 -30.900000 37.822217
v -40.597835 -30.900000 37.884449
v -41.069953 -30.900000 37.933875
v -41.855727 -30.900000 37.982978
v -42.140801 -30.900000 37.992353
v -42.438626 -30.900000 37.998067
v -37.163974 -30.350000 36.446687
v -36.919605 -30.350000 36.160704
v -36.700332 -30.350000 35.844708
v -36.504863 -30.350000 35.495973
v -39.750000 -32.000000 -1.000000
v 41.750000 -32.000000 -1.000000
v -43.107498 -30.705025 38.000000
v -43.436146 -30.378214 38.000000
v -43.733121 -30.022375 38.000000
v -43.995870 -29.640566 38.000000
v -44.222136 -29.236068 38.000000
v -44.409975 -28.812356 38.000000
v -44.557772 -28.373072 38.000000
v -44.664259 -27.921989 38.000000
v -44.728518 -27.462983 38.000000
v -44.750000 -27.000000 38.000000
v -44.750000 -27.000000 -1.000000
v -44.728671 -27.461342 -1.000000
v -44.664865 -27.918748 -1.000000
v -44.559128 -28.368315 -1.000000
v -44.412361 -28.806208 -1.000000
v -44.225816 -29.228692 -1.000000
v -44.001086 -29.632161 -1.000000
v -43.740086 -30.013173 -1.000000
v -43.445045 -30.368478 -1.000000
v -43.118478 -30.695045 -1.000000
v -42.763173 -30.990086 -1.000000
v -42.382161 -31.251086 -1.000000
v -41.978692 -31.475816 -1.000000
v -41.556208 -31.662361 -1.000000
v -41.118315 -31.809128 -1.000000
v -40.668748 -31.914865 -1.000000
v -40.211342 -31.978671 -1.000000
v -40.211342 -31.978671 28.250000
v -40.211342 -31.978671 18.500000
v -40.211342 -31.978671 8.750000
v -40.668748 -31.914865 28.250000
v -40.668748 -31.914865 18.500000
v -40.668748 -31.914865 8.750000
v -41.118315 -31.809128 28.250000
v -41.118315 -31.809128 18.500000
v -41.118315 -31.809128 8.750000
v -41.556208 -31.662361 28.250000
v -41.556208 -31.662361 18.500000
v -41.556208 -31.662361 8.750000
v -41.978692 -31.475816 28.250000
v -41.978692 -31.475816 18.500000
v -41.978692 -31.475816 8.750000
v -42.382161 -31.251086 28.250000
v -42.382161 -31.251086 18.500000
v -42.382161 -31.251086 8.750000
v -42.763173 -30.990086 28.250000
v -42.763173 -30.990086 18.500000
v -42.763173 -30.990086 8.750000
v -43.118478 -30.695045 28.250000
v -43.118478 -30.695045 18.500000
v -43.118478 -30.695045 8.750000
v -43.445045 -30.368478 28.250000
v -43.445045 -30.368478 18.500000
v -43.445045 -30.368478 8.750000
v -43.740086 -30.013173 28.250000
v -43.740086 -30.013173 18.500000
v -43.740086 -30.013173 8.750000
v -44.001086 -29.632161 28.250000
v -44.001086 -29.632161 18.500000
v -44.001086 -29.632161 8.750000
v -44.225816 -29.228692 28.250000
v -44.225816 -29.228692 18.500000
v -44.225816 -29.228692 8.750000
v -44.412361 -28.806208 28.250000
v -44.412361 -28.806208 18.500000
v -44.412361 -28.806208 8.750000
v -44.559128 -28.368315 28.250000
v -44.559128 -28.368315 18.500000
v -44.559128 -28.368315 8.750000
v -44.728557 -27.462573 28.250000
v -44.728595 -27.462163 18.500000
v -44.728633 -27.461752 8.750000
v -44.664714 -27.919558 8.750000
v -44.664562 -27.920368 18.500000
v -44.664410 -27.921178 28.250000
v -43.107498 30.705025 38.000000
v -43.436146 30.378214 38.000000
v -43.733121 30.022375 38.000000
v -43.995870 29.640566 38.000000
v -44.222136 29.236068 38.000000
v -44.409975 28.812356 38.000000
v -44.557772 28.373072 38.000000
v -44.664259 27.921989 38.000000
v -44.728518 27.462983 38.000000
v -44.750000 27.000000 38.000000
v -39.750000 32.000000 -1.000000
v -40.211342 31.978671 -1.000000
v -40.668748 31.914865 -1.000000
v -41.118315 31.809128 -1.000000
v -41.556208 31.662361 -1.000000
v -41.978692 31.475816 -1.000000
v -42.382161 31.251086 -1.000000
v -42.763173 30.990086 -1.000000
v -43.118478 30.695045 -1.000000
v -43.445045 30.368478 -1.000000
v -43.740086 30.013173 -1.000000
v -44.001086 29.632161 -1.000000
v -44.225816 29.228692 -1.000000
v -44.412361 28.806208 -1.000000
v -44.559128 28.368315 -1.000000
v -44.664865 27.918748 -1.000000
v -44.728671 27.461342 -1.000000
v -44.750000 27.000000 -1.000000
v -42.763173 30.990086 8.750000
v -42.763173 30.990086 18.500000
v -42.763173 30.990086 28.250000
v -42.382161 31.251086 28.250000
v -42.382161 31.251086 18.500000
v -42.382161 31.251086 8.750000
v -41.978692 31.475816 28.250000
v -41.978692 31.475816 18.500000
v -41.978692 31.475816 8.750000
v -41.556208 31.662361 28.250000
v -41.556208 31.662361 18.500000
v -41.556208 31.662361 8.750000
v -41.118315 31.809128 28.250000
v -41.118315 31.809128 18.500000
v -41.118315 31.809128 8.750000
v -40.668748 31.914865 28.250000
v -40.668748 31.914865 18.500000
v -40.668748 31.914865 8.750000
v -40.211342 31.978671 28.250000
v -40.211342 31.978671 18.500000
v -40.211342 31.978671 8.750000
v -43.118478 30.695045 8.750000
v -43.118478 30.695045 18.500000
v -43.118478 30.695045 28.250000
v -43.445045 30.368478 8.750000
v -43.445045 30.368478 18.500000
v -43.445045 30.368478 28.250000
v -43.740086 30.013173 8.750000
v -43.740086 30.013173 18.500000
v -43.740086 30.013173 28.250000
v -44.001086 29.632161 8.750000
v -44.001086 29.632161 18.500000
v -44.001086 29.632161 28.250000
v -44.225816 29.228692 8.750000
v -44.225816 29.228692 18.500000
v -44.225816 29.228692 28.250000
v -44.412361 28.806208 8.750000
v -44.412361 28.806208 18.500000
v -44.412361 28.806208 28.250000
v -44.559128 28.368315 8.750000
v -44.559128 28.368315 18.500000
v -44.559128 28.368315 28.250000
v -44.664714 27.919558 8.750000
v -44.664562 27.920368 18.500000
v -44.664410 27.921178 28.250000
v -44.728633 27.461752 8.750000
v -44.728595 27.462163 18.500000
v -44.728557 27.462573 28.250000
v 36.478985 32.000000 35.443635
v 36.643682 32.000000 35.751228
v 36.829625 32.000000 36.038967
v 37.038678 32.000000 36.307412
v 37.272297 32.000000 36.556285
v 37.531887 32.000000 36.785270
v 37.817379 32.000000 36.993201
v 38.129250 32.000000 37.180021
v 38.468593 32.000000 37.346253
v 38.836498 32.000000 37.492417
v 39.234359 32.000000 37.619117
v 39.665047 32.000000 37.727198
v 40.130365 32.000000 37.816952
v 40.631903 32.000000 37.888599
v 41.171251 32.000000 37.942359
v 41.750000 32.000000 37.978451
v 41.750000 32.000000 -1.000000
v 36.902162 -30.104529 26.366667
v 36.902162 -30.104529 14.733333
v 36.329572 -30.175966 14.733333
v 36.331089 -30.175839 26.366667
v 37.468398 -29.985802 26.366667
v 37.468398 -29.985802 14.733333
v 38.022896 -29.820721 26.366667
v 38.022896 -29.820721 14.733333
v 38.561868 -29.610413 26.366667
v 38.561868 -29.610413 14.733333
v 39.081632 -29.356316 26.366667
v 39.081632 -29.356316 14.733333
v 39.578637 -29.060165 26.366667
v 39.578637 -29.060165 14.733333
v 40.049489 -28.723984 26.366667
v 40.049489 -28.723984 14.733333
v 40.490971 -28.350067 26.366667
v 40.490971 -28.350067 14.733333
v 40.900067 -27.940971 26.366667
v 40.900067 -27.940971 14.733333
v 41.273984 -27.499489 26.366667
v 41.273984 -27.499489 14.733333
v 41.610165 -27.028637 26.366667
v 41.610165 -27.028637 14.733333
v 41.906316 -26.531632 26.366667
v 41.906316 -26.531632 14.733333
v 42.160413 -26.011868 26.366667
v 42.160413 -26.011868 14.733333
v 42.370721 -25.472896 26.366667
v 42.370721 -25.472896 14.733333
v 42.535802 -24.918398 26.366667
v 42.535802 -24.918398 14.733333
v 42.654529 -24.352162 26.366667
v 42.654529 -24.352162 14.733333
v 42.726091 -23.778055 26.366667
v 42.726091 -23.778055 14.733333
v 43.192471 -31.787408 38.000000
v 43.622928 -31.635962 38.000000
v 44.037784 -31.445902 38.000000
v 44.433586 -31.218811 38.000000
v 44.807035 -30.956582 38.000000
v 45.155022 -30.661397 38.000000
v 45.474648 -30.335716 38.000000
v 45.763250 -29.982251 38.000000
v 46.018426 -29.603947 38.000000
v 46.238049 -29.203954 38.000000
v 46.420291 -28.785604 38.000000
v 46.563633 -28.352381 38.000000
v 46.666882 -27.907894 38.000000
v 46.729177 -27.455846 38.000000
v 46.750000 -27.000000 38.000000
v 46.750000 27.000000 38.000000
v 46.729177 27.455846 38.000000
v 46.666882 27.907894 38.000000
v 46.563633 28.352381 38.000000
v 46.420291 28.785604 38.000000
v 46.238049 29.203954 38.000000
v 46.018426 29.603947 38.000000
v 45.763250 29.982251 38.000000
v 45.474648 30.335716 38.000000
v 45.155022 30.661397 38.000000
v 44.807035 30.956582 38.000000
v 44.433586 31.218811 38.000000
v 44.037784 31.445902 38.000000
v 43.622928 31.635962 38.000000
v 43.192471 31.787408 38.000000
v 42.750000 31.898979 38.000000
v 42.211342 -31.978671 -1.000000
v 42.668748 -31.914865 -1.000000
v 43.118315 -31.809128 -1.000000
v 43.556208 -31.662361 -1.000000
v 43.978692 -31.475816 -1.000000
v 44.382161 -31.251086 -1.000000
v 44.763173 -30.990086 -1.000000
v 45.118478 -30.695045 -1.000000
v 45.445045 -30.368478 -1.000000
v 45.740086 -30.013173 -1.000000
v 46.001086 -29.632161 -1.000000
v 46.225816 -29.228692 -1.000000
v 46.412361 -28.806208 -1.000000
v 46.559128 -28.368315 -1.000000
v 46.664865 -27.918748 -1.000000
v 46.728671 -27.461342 -1.000000
v 46.750000 -27.000000 -1.000000
v 43.118315 -31.809128 8.750000
v 43.118315 -31.809128 18.500000
v 43.118315 -31.809128 28.250000
v 42.668748 -31.914865 28.250000
v 42.668748 -31.914865 18.500000
v 42.668748 -31.914865 8.750000
v 42.211342 -31.978671 28.250000
v 42.211342 -31.978671 18.500000
v 42.211342 -31.978671 8.750000
v 43.556208 -31.662361 8.750000
v 43.556208 -31.662361 18.500000
v 43.556208 -31.662361 28.250000
v 43.978692 -31.475816 8.750000
v 43.978692 -31.475816 18.500000
v 43.978692 -31.475816 28.250000
v 44.382161 -31.251086 8.750000
v 44.382161 -31.251086 18.500000
v 44.382161 -31.251086 28.250000
v 44.763173 -30.990086 8.750000
v 44.763173 -30.990086 18.500000
v 44.763173 -30.990086 28.250000
v 45.118478 -30.695045 8.750000
v 45.118478 -30.695045 18.500000
v 45.118478 -30.695045 28.250000
v 45.445045 -30.368478 8.750000
v 45.445045 -30.368478 18.500000
v 45.445045 -30.368478 28.250000
v 45.740086 -30.013173 8.750000
v 45.740086 -30.013173 18.500000
v 45.740086 -30.013173 28.250000
v 46.001086 -29.632161 8.750000
v 46.001086 -29.632161 18.500000
v 46.001086 -29.632161 28.250000
v 46.225816 -29.228692 8.750000
v 46.225816 -29.228692 18.500000
v 46.225816 -29.228692 28.250000
v 46.412361 -28.806208 8.750000
v 46.412361 -28.806208 18.500000
v 46.412361 -28.806208 28.250000
v 46.559128 -28.368315 8.750000
v 46.559128 -28.368315 18.500000
v 46.559128 -28.368315 28.250000
v 46.664865 -27.918748 8.750000
v 46.664865 -27.918748 18.500000
v 46.664865 -27.918748 28.250000
v 46.728671 -27.461342 8.750000
v 46.728671 -27.461342 18.500000
v 46.728671 -27.461342 28.250000
v 36.462609 30.163641 35.409630
v 36.610321 30.146932 35.693476
v 36.775684 30.124620 35.960842
v 36.958930 30.095156 36.210718
v 37.160705 30.056657 36.443124
v 37.381656 30.007237 36.658080
v 37.621240 29.945232 36.854754
v 37.871905 29.870523 37.028695
v 38.130731 29.782550 37.180949
v 38.395932 29.680570 37.313532
v 38.665723 29.563844 37.428459
v 38.939267 29.431209 37.528015
v 39.216725 29.281108 37.614258
v 39.496439 29.112825 37.688326
v 39.776700 28.925665 37.751335
v 40.055797 28.718937 37.804401
v 40.332020 28.491947 37.848640
v 40.603631 28.244032 37.885165
v 40.866997 27.976601 37.914853
v 41.119449 27.690907 37.938444
v 41.359538 27.387171 37.956743
v 41.585814 27.065610 37.970555
v 41.796829 26.726445 37.980686
v 41.991135 26.369896 37.987941
v 42.166394 25.998192 37.993029
v 42.319487 25.616985 37.996326
v 42.449938 25.227515 37.998263
v 42.557387 24.830792 37.999277
v 42.641436 24.428050 37.999773
v 42.701672 24.021134 37.999956
v 42.737908 23.611267 37.999998
v 42.501654 31.943178 37.998782
v 42.251880 31.974747 37.994957
v 42.001165 31.993687 37.988266
v 42.438626 30.900000 37.998067
v 42.438626 27.600000 37.998067
v 36.504863 30.900000 35.495973
v 36.504863 31.450000 35.495973
v 36.700332 31.450000 35.844708
v 36.919605 31.450000 36.160704
v 37.163974 31.450000 36.446687
v 37.435083 31.450000 36.704912
v 37.734964 31.450000 36.937220
v 38.066084 31.450000 37.145086
v 38.431419 31.450000 37.329645
v 38.725129 31.450000 37.451427
v 39.041092 31.450000 37.561182
v 39.386681 31.450000 37.660454
v 39.759500 31.450000 37.747490
v 40.162198 31.450000 37.822217
v 40.597835 31.450000 37.884449
v 41.069953 31.450000 37.933875
v 41.582670 31.450000 37.970047
v 41.855727 31.450000 37.982978
v 42.140801 31.450000 37.992353
v 42.438626 31.450000 37.998067
v 42.438626 30.350000 37.998067
v 42.140801 30.350000 37.992353
v 41.855727 30.350000 37.982978
v 41.582670 30.350000 37.970047
v 41.069953 30.350000 37.933875
v 40.597835 30.350000 37.884449
v 40.162198 30.350000 37.822217
v 39.759500 30.350000 37.747490
v 39.386681 30.350000 37.660454
v 39.041092 30.350000 37.561182
v 38.725129 30.350000 37.451427
v 38.431419 30.350000 37.329645
v 38.066084 30.350000 37.145086
v 37.734964 30.350000 36.937220
v 37.435083 30.350000 36.704912
v 37.163974 30.900000 36.446687
v 36.919605 30.900000 36.160704
v 36.700332 30.900000 35.844708
v 38.725129 29.800000 37.451427
v 39.041092 29.800000 37.561182
v 39.386681 29.800000 37.660454
v 39.759500 29.800000 37.747490
v 40.162198 29.800000 37.822217
v 40.597835 29.800000 37.884449
v 41.069953 29.800000 37.933875
v 41.582670 29.800000 37.970047
v 41.855727 29.800000 37.982978
v 42.140801 29.800000 37.992353
v 42.438626 25.400000 37.998067
v 42.438626 29.800000 37.998067
v 38.431419 29.800000 37.329645
v 40.597835 28.700000 37.884449
v 41.069953 28.700000 37.933875
v 41.582670 28.700000 37.970047
v 41.855727 28.700000 37.982978
v 42.140801 28.700000 37.992353
v 42.438626 28.700000 37.998067
v 40.162198 28.700000 37.822217
v 41.582670 27.600000 37.970047
v 41.855727 27.600000 37.982978
v 42.140801 27.600000 37.992353
v 42.140801 30.900000 37.992353
v 41.855727 30.900000 37.982978
v 41.582670 30.900000 37.970047
v 41.069953 30.900000 37.933875
v 40.597835 30.900000 37.884449
v 40.162198 30.900000 37.822217
v 39.759500 30.900000 37.747490
v 39.386681 30.900000 37.660454
v 39.041092 30.900000 37.561182
v 38.725129 30.900000 37.451427
v 38.431419 30.900000 37.329645
v 38.066084 30.900000 37.145086
v 37.734964 30.900000 36.937220
v 37.435083 30.900000 36.704912
v 37.163974 30.350000 36.446687
v 36.919605 30.350000 36.160704
v 36.700332 30.350000 35.844708
v 36.504863 30.350000 35.495973
v 46.750000 27.000000 -1.000000
v 46.728671 27.461342 -1.000000
v 46.664865 27.918748 -1.000000
v 46.559128 28.368315 -1.000000
v 46.412361 28.806208 -1.000000
v 46.225816 29.228692 -1.000000
v 46.001086 29.632161 -1.000000
v 45.740086 30.013173 -1.000000
v 45.445045 30.368478 -1.000000
v 45.118478 30.695045 -1.000000
v 44.763173 30.990086 -1.000000
v 44.382161 31.251086 -1.000000
v 43.978692 31.475816 -1.000000
v 43.556208 31.662361 -1.000000
v 43.118315 31.809128 -1.000000
v 42.668748 31.914865 -1.000000
v 42.211342 31.978671 -1.000000
v 42.211342 31.978671 28.250000
v 42.211342 31.978671 18.500000
v 42.211342 31.978671 8.750000
v 42.668748 31.914865 28.250000
v 42.668748 31.914865 18.500000
v 42.668748 31.914865 8.750000
v 43.118315 31.809128 28.250000
v 43.118315 31.809128 18.500000
v 43.118315 31.809128 8.750000
v 43.556208 31.662361 28.250000
v 43.556208 31.662361 18.500000
v 43.556208 31.662361 8.750000
v 43.978692 31.475816 28.250000
v 43.978692 31.475816 18.500000
v 43.978692 31.475816 8.750000
v 44.382161 31.251086 28.250000
v 44.382161 31.251086 18.500000
v 44.382161 31.251086 8.750000
v 44.763173 30.990086 28.250000
v 44.763173 30.990086 18.500000
v 44.763173 30.990086 8.750000
v 45.118478 30.695045 28.250000
v 45.118478 30.695045 18.500000
v 45.118478 30.695045 8.750000
v 45.445045 30.368478 28.250000
v 45.445045 30.368478 18.500000
v 45.445045 30.368478 8.750000
v 45.740086 30.013173 28.250000
v 45.740086 30.013173 18.500000
v 45.740086 30.013173 8.750000
v 46.001086 29.632161 28.250000
v 46.001086 29.632161 18.500000
v 46.001086 29.632161 8.750000
v 46.225816 29.228692 28.250000
v 46.225816 29.228692 18.500000
v 46.225816 29.228692 8.750000
v 46.412361 28.806208 28.250000
v 46.412361 28.806208 18.500000
v 46.412361 28.806208 8.750000
v 46.559128 28.368315 28.250000
v 46.559128 28.368315 18.500000
v 46.559128 28.368315 8.750000
v 46.664865 27.918748 28.250000
v 46.664865 27.918748 18.500000
v 46.664865 27.918748 8.750000
v 46.728671 27.461342 28.250000
v 46.728671 27.461342 18.500000
v 46.728671 27.461342 8.750000
v -31.000000 -23.500000 2.100000
v -31.023342 -23.982570 2.100000
v -31.093149 -24.460634 2.100000
v -31.208771 -24.929728 2.100000
v -31.369127 -25.385474 2.100000
v -31.572720 -25.823616 2.100000
v -31.817649 -26.240063 2.100000
v -32.101628 -26.630926 2.100000
v -32.422005 -26.992557 2.100000
v -32.775789 -27.321579 2.100000
v -33.159676 -27.614919 2.100000
v -33.570083 -27.869840 2.100000
v -34.003177 -28.083961 2.100000
v -34.454915 -28.255283 2.100000
v -34.921079 -28.382205 2.100000
v -35.397317 -28.463544 2.100000
v -35.879181 -28.498540 2.100000
v -36.362174 -28.486866 2.100000
v -36.841785 -28.428630 2.100000
v -37.313537 -28.324378 2.100000
v -37.773024 -28.175081 2.100000
v -38.215958 -27.982135 2.100000
v -38.638201 -27.747340 2.100000
v -39.035813 -27.472888 2.100000
v -39.405079 -27.161343 2.100000
v -39.742554 -26.815613 2.100000
v -40.045085 -26.438926 2.100000
v -40.309848 -26.034799 2.100000
v -40.534372 -25.607006 2.100000
v -40.716559 -25.159539 2.100000
v -40.854709 -24.696578 2.100000
v -40.947532 -24.222445 2.100000
v -40.994161 -23.741567 2.100000
v -40.994161 -23.258433 2.100000
v -40.947532 -22.777555 2.100000
v -40.854709 -22.303422 2.100000
v -40.716559 -21.840461 2.100000
v -40.534372 -21.392994 2.100000
v -40.309848 -20.965201 2.100000
v -40.045085 -20.561074 2.100000
v -39.742554 -20.184387 2.100000
v -39.405079 -19.838657 2.100000
v -39.035813 -19.527112 2.100000
v -38.638201 -19.252660 2.100000
v -38.215958 -19.017865 2.100000
v -37.773024 -18.824919 2.100000
v -37.313537 -18.675622 2.100000
v -36.841785 -18.571370 2.100000
v -36.362174 -18.513134 2.100000
v -35.879181 -18.501460 2.100000
v -35.397317 -18.536456 2.100000
v -34.921079 -18.617795 2.100000
v -34.454915 -18.744717 2.100000
v -34.003177 -18.916039 2.100000
v -33.570083 -19.130160 2.100000
v -33.159676 -19.385081 2.100000
v -32.775789 -19.678421 2.100000
v -32.422005 -20.007443 2.100000
v -32.101628 -20.369074 2.100000
v -31.817649 -20.759937 2.100000
v -31.572720 -21.176384 2.100000
v -31.369127 -21.614526 2.100000
v -31.208771 -22.070272 2.100000
v -31.093149 -22.539366 2.100000
v -31.023342 -23.017430 2.100000
v 41.000000 -23.500000 2.100000
v 40.976658 -23.982570 2.100000
v 40.906851 -24.460634 2.100000
v 40.791229 -24.929728 2.100000
v 40.630873 -25.385474 2.100000
v 40.427280 -25.823616 2.100000
v 40.182351 -26.240063 2.100000
v 39.898372 -26.630926 2.100000
v 39.577995 -26.992557 2.100000
v 39.224211 -27.321579 2.100000
v 38.840324 -27.614919 2.100000
v 38.429917 -27.869840 2.100000
v 37.996823 -28.083961 2.100000
v 37.545085 -28.255283 2.100000
v 37.078921 -28.382205 2.100000
v 36.602683 -28.463544 2.100000
v 36.120819 -28.498540 2.100000
v 35.637826 -28.486866 2.100000
v 35.158215 -28.428630 2.100000
v 34.686463 -28.324378 2.100000
v 34.226976 -28.175081 2.100000
v 33.784042 -27.982135 2.100000
v 33.361799 -27.747340 2.100000
v 32.964187 -27.472888 2.100000
v 32.594921 -27.161343 2.100000
v 32.257446 -26.815613 2.100000
v 31.954915 -26.438926 2.100000
v 31.690152 -26.034799 2.100000
v 31.465628 -25.607006 2.100000
v 31.283441 -25.159539 2.100000
v 31.145291 -24.696578 2.100000
v 31.052468 -24.222445 2.100000
v 31.005839 -23.741567 2.100000
v 31.005839 -23.258433 2.100000
v 31.052468 -22.777555 2.100000
v 31.145291 -22.303422 2.100000
v 31.283441 -21.840461 2.100000
v 31.465628 -21.392994 2.100000
v 31.690152 -20.965201 2.100000
v 31.954915 -20.561074 2.100000
v 32.257446 -20.184387 2.100000
v 32.594921 -19.838657 2.100000
v 32.964187 -19.527112 2.100000
v 33.361799 -19.252660 2.100000
v 33.784042 -19.017865 2.100000
v 34.226976 -18.824919 2.100000
v 34.686463 -18.675622 2.100000
v 35.158215 -18.571370 2.100000
v 35.637826 -18.513134 2.100000
v 36.120819 -18.501460 2.100000
v 36.602683 -18.536456 2.100000
v 37.078921 -18.617795 2.100000
v 37.545085 -18.744717 2.100000
v 37.996823 -18.916039 2.100000
v 38.429917 -19.130160 2.100000
v 38.840324 -19.385081 2.100000
v 39.224211 -19.678421 2.100000
v 39.577995 -20.007443 2.100000
v 39.898372 -20.369074 2.100000
v 40.182351 -20.759937 2.100000
v 40.427280 -21.176384 2.100000
v 40.630873 -21.614526 2.100000
v 40.791229 -22.070272 2.100000
v 40.906851 -22.539366 2.100000
v 40.976658 -23.017430 2.100000
v -31.000000 23.500000 2.100000
v -31.023342 23.017430 2.100000
v -31.093149 22.539366 2.100000
v -31.208771 22.070272 2.100000
v -31.369127 21.614526 2.100000
v -31.572720 21.176384 2.100000
v -31.817649 20.759937 2.100000
v -32.101628 20.369074 2.100000
v -32.422005 20.007443 2.100000
v -32.775789 19.678421 2.100000
v -33.159676 19.385081 2.100000
v -33.570083 19.130160 2.100000
v -34.003177 18.916039 2.100000
v -34.454915 18.744717 2.100000
v -34.921079 18.617795 2.100000
v -35.397317 18.536456 2.100000
v -35.879181 18.501460 2.100000
v -36.362174 18.513134 2.100000
v -36.841785 18.571370 2.100000
v -37.313537 18.675622 2.100000
v -37.773024 18.824919 2.100000
v -38.215958 19.017865 2.100000
v -38.638201 19.252660 2.100000
v -39.035813 19.527112 2.100000
v -39.405079 19.838657 2.100000
v -39.742554 20.184387 2.100000
v -40.045085 20.561074 2.100000
v -40.309848 20.965201 2.100000
v -40.534372 21.392994 2.100000
v -40.716559 21.840461 2.100000
v -40.854709 22.303422 2.100000
v -40.947532 22.777555 2.100000
v -40.994161 23.258433 2.100000
v -40.994161 23.741567 2.100000
v -40.947532 24.222445 2.100000
v -40.854709 24.696578 2.100000
v -40.716559 25.159539 2.100000
v -40.534372 25.607006 2.100000
v -40.309848 26.034799 2.100000
v -40.045085 26.438926 2.100000
v -39.742554 26.815613 2.100000
v -39.405079 27.161343 2.100000
v -39.035813 27.472888 2.100000
v -38.638201 27.747340 2.100000
v -38.215958 27.982135 2.100000
v -37.773024 28.175081 2.100000
v -37.313537 28.324378 2.100000
v -36.841785 28.428630 2.100000
v -36.362174 28.486866 2.100000
v -35.879181 28.498540 2.100000
v -35.397317 28.463544 2.100000
v -34.921079 28.382205 2.100000
v -34.454915 28.255283 2.100000
v -34.003177 28.083961 2.100000
v -33.570083 27.869840 2.100000
v -33.159676 27.614919 2.100000
v -32.775789 27.321579 2.100000
v -32.422005 26.992557 2.100000
v -32.101628 26.630926 2.100000
v -31.817649 26.240063 2.100000
v -31.572720 25.823616 2.100000
v -31.369127 25.385474 2.100000
v -31.208771 24.929728 2.100000
v -31.093149 24.460634 2.100000
v -31.023342 23.982570 2.100000
v 41.000000 23.500000 2.100000
v 40.976658 23.017430 2.100000
v 40.906851 22.539366 2.100000
v 40.791229 22.070272 2.100000
v 40.630873 21.614526 2.100000
v 40.427280 21.176384 2.100000
v 40.182351 20.759937 2.100000
v 39.898372 20.369074 2.100000
v 39.577995 20.007443 2.100000
v 39.224211 19.678421 2.100000
v 38.840324 19.385081 2.100000
v 38.429917 19.130160 2.100000
v 37.996823 18.916039 2.100000
v 37.545085 18.744717 2.100000
v 37.078921 18.617795 2.100000
v 36.602683 18.536456 2.100000
v 36.120819 18.501460 2.100000
v 35.637826 18.513134 2.100000
v 35.158215 18.571370 2.100000
v 34.686463 18.675622 2.100000
v 34.226976 18.824919 2.100000
v 33.784042 19.017865 2.100000
v 33.361799 19.252660 2.100000
v 32.964187 19.527112 2.100000
v 32.594921 19.838657 2.100000
v 32.257446 20.184387 2.100000
v 31.954915 20.561074 2.100000
v 31.690152 20.965201 2.100000
v 31.465628 21.392994 2.100000
v 31.283441 21.840461 2.100000
v 31.145291 22.303422 2.100000
v 31.052468 22.777555 2.100000
v 31.005839 23.258433 2.100000
v 31.005839 23.741567 2.100000
v 31.052468 24.222445 2.100000
v 31.145291 24.696578 2.100000
v 31.283441 25.159539 2.100000
v 31.465628 25.607006 2.100000
v 31.690152 26.034799 2.100000
v 31.954915 26.438926 2.100000
v 32.257446 26.815613 2.100000
v 32.594921 27.161343 2.100000
v 32.964187 27.472888 2.100000
v 33.361799 27.747340 2.100000
v 33.784042 27.982135 2.100000
v 34.226976 28.175081 2.100000
v 34.686463 28.324378 2.100000
v 35.158215 28.428630 2.100000
v 35.637826 28.486866 2.100000
v 36.120819 28.498540 2.100000
v 36.602683 28.463544 2.100000
v 37.078921 28.382205 2.100000
v 37.545085 28.255283 2.100000
v 37.996823 28.083961 2.100000
v 38.429917 27.869840 2.100000
v 38.840324 27.614919 2.100000
v 39.224211 27.321579 2.100000
v 39.577995 26.992557 2.100000
v 39.898372 26.630926 2.100000
v 40.182351 26.240063 2.100000
v 40.427280 25.823616 2.100000
v 40.630873 25.385474 2.100000
v 40.791229 24.929728 2.100000
v 40.906851 24.460634 2.100000
v 40.976658 23.982570 2.100000
v 45.850000 23.200000 23.100000
v 45.850000 -5.800000 23.100000
v 45.850000 -5.800000 13.100000
v 45.850000 23.200000 13.100000
v -36.902162 30.104529 26.366667
v -36.902162 30.104529 14.733333
v -36.329572 30.175966 14.733333
v -36.331089 30.175839 26.366667
v -37.468398 29.985802 26.366667
v -37.468398 29.985802 14.733333
v -38.022896 29.820721 26.366667
v -38.022896 29.820721 14.733333
v -38.561868 29.610413 26.366667
v -38.561868 29.610413 14.733333
v -39.081632 29.356316 26.366667
v -39.081632 29.356316 14.733333
v -39.578637 29.060165 26.366667
v -39.578637 29.060165 14.733333
v -40.049489 28.723984 26.366667
v -40.049489 28.723984 14.733333
v -40.490971 28.350067 26.366667
v -40.490971 28.350067 14.733333
v -40.900067 27.940971 26.366667
v -40.900067 27.940971 14.733333
v -41.273984 27.499489 26.366667
v -41.273984 27.499489 14.733333
v -41.610165 27.028637 26.366667
v -41.610165 27.028637 14.733333
v -41.906316 26.531632 26.366667
v -41.906316 26.531632 14.733333
v -42.160413 26.011868 26.366667
v -42.160413 26.011868 14.733333
v -42.370721 25.472896 26.366667
v -42.370721 25.472896 14.733333
v -42.535802 24.918398 26.366667
v -42.535802 24.918398 14.733333
v -42.654529 24.352162 26.366667
v -42.654529 24.352162 14.733333
v -42.726091 23.778055 26.366667
v -42.726091 23.778055 14.733333
v 36.329572 30.175966 14.733333
v 36.331089 30.175839 26.366667
v 36.902162 30.104529 14.733333
v 36.902162 30.104529 26.366667
v 37.468398 29.985802 14.733333
v 37.468398 29.985802 26.366667
v 38.022896 29.820721 14.733333
v 38.022896 29.820721 26.366667
v 38.561868 29.610413 14.733333
v 38.561868 29.610413 26.366667
v 39.081632 29.356316 14.733333
v 39.081632 29.356316 26.366667
v 39.578637 29.060165 14.733333
v 39.578637 29.060165 26.366667
v 40.049489 28.723984 14.733333
v 40.049489 28.723984 26.366667
v 40.490971 28.350067 14.733333
v 40.490971 28.350067 26.366667
v 40.900067 27.940971 14.733333
v 40.900067 27.940971 26.366667
v 41.273984 27.499489 14.733333
v 41.273984 27.499489 26.366667
v 41.610165 27.028637 14.733333
v 41.610165 27.028637 26.366667
v 41.906316 26.531632 14.733333
v 41.906316 26.531632 26.366667
v 42.160413 26.011868 14.733333
v 42.160413 26.011868 26.366667
v 42.370721 25.472896 14.733333
v 42.370721 25.472896 26.366667
v 42.535802 24.918398 14.733333
v 42.535802 24.918398 26.366667
v 42.654529 24.352162 14.733333
v 42.654529 24.352162 26.366667
v 42.726091 23.778055 14.733333
v 42.726091 23.778055 26.366667
v -36.329572 -30.175966 14.733333
v -36.331089 -30.175839 26.366667
v -36.902162 -30.104529 14.733333
v -36.902162 -30.104529 26.366667
v -37.468398 -29.985802 14.733333
v -37.468398 -29.985802 26.366667
v -38.022896 -29.820721 14.733333
v -38.022896 -29.820721 26.366667
v -38.561868 -29.610413 14.733333
v -38.561868 -29.610413 26.366667
v -39.081632 -29.356316 14.733333
v -39.081632 -29.356316 26.366667
v -39.578637 -29.060165 14.733333
v -39.578637 -29.060165 26.366667
v -40.049489 -28.723984 14.733333
v -40.049489 -28.723984 26.366667
v -40.490971 -28.350067 14.733333
v -40.490971 -28.350067 26.366667
v -40.900067 -27.940971 14.733333
v -40.900067 -27.940971 26.366667
v -41.273984 -27.499489 14.733333
v -41.273984 -27.499489 26.366667
v -41.610165 -27.028637 14.733333
v -41.610165 -27.028637 26.366667
v -41.906316 -26.531632 14.733333
v -41.906316 -26.531632 26.366667
v -42.160413 -26.011868 14.733333
v -42.160413 -26.011868 26.366667
v -42.370721 -25.472896 14.733333
v -42.370721 -25.472896 26.366667
v -42.535802 -24.918398 14.733333
v -42.535802 -24.918398 26.366667
v -42.654529 -24.352162 14.733333
v -42.654529 -24.352162 26.366667
v -42.726091 -23.778055 14.733333
v -42.726091 -23.778055 26.366667
vt 0.223607 2.596667 0.000000
vt -0.223607 2.530000 0.000000
vt 0.223607 2.063333 0.000000
vt -0.223607 2.130000 0.000000
vt 0.223607 2.176667 0.000000
vt -0.223607 2.110000 0.000000
vt 0.223607 1.643333 0.000000
vt -0.223607 1.710000 0.000000
vt 0.223607 1.756667 0.000000
vt -0.223607 1.690000 0.000000
vt 0.223607 1.223333 0.000000
vt -0.223607 1.290000 0.000000
vt 0.223607 1.336667 0.000000
vt -0.223607 1.270000 0.000000
vt 0.223607 0.803333 0.000000
vt -0.223607 0.870000 0.000000
vt -0.843274 0.400000 0.000000
vt -0.632456 0.000000 0.000000
vt 0.000000 0.400000 0.000000
vt 0.000000 0.000000 0.000000
vt 0.210819 0.400000 0.000000
vt -0.632456 0.400000 0.000000
vt -0.000000 0.000000 0.000000
vt -0.632456 0.000000 0.000000
vt -0.843274 0.400000 0.000000
vt -0.632456 0.000000 0.000000
vt 0.000000 0.400000 0.000000
vt 0.000000 0.000000 0.000000
vt 0.210819 0.400000 0.000000
vt -0.632456 0.400000 0.000000
vt -0.000000 0.000000 0.000000
vt -0.632456 0.000000 0.000000
vt -0.843274 0.400000 0.000000
vt -0.632456 0.000000 0.000000
vt 0.000000 0.400000 0.000000
vt 0.000000 0.000000 0.000000
vt 0.210819 0.400000 0.000000
vt -0.632456 0.400000 0.000000
vt -0.000000 0.000000 0.000000
vt -0.632456 0.000000 0.000000
vt -0.843274 0.400000 0.000000
vt -0.632456 0.000000 0.000000
vt 0.000000 0.400000 0.000000
vt 0.000000 0.000000 0.000000
vt 0.210819 0.400000 0.000000
vt -0.632456 0.400000 0.000000
vt -0.000000 0.000000 0.000000
vt -0.632456 0.000000 0.000000
vt 1.260000 0.110000 0.000000
vt 1.700000 0.110000 0.000000
vt 1.060000 0.710000 0.000000
vt 1.900000 0.710000 0.000000
vt 2.900000 1.310000 0.000000
vt 2.740000 0.710000 0.000000
vt 3.580000 0.710000 0.000000
vt 3.380000 0.110000 0.000000
vt 2.940000 0.110000 0.000000
vt 2.100000 0.110000 0.000000
vt 2.540000 0.110000 0.000000
vt 3.780000 0.110000 0.000000
vt 4.000000 0.310000 0.000000
vt 4.640000 0.310000 0.000000
vt 4.640000 3.800000 0.000000
vt 4.000000 0.110000 0.000000
vt -0.000000 3.800000 0.000000
vt 2.900000 3.510000 0.000000
vt -0.000000 3.510000 0.000000
vt -0.000000 1.310000 0.000000
vt 0.640000 0.310000 0.000000
vt 0.860000 0.110000 0.000000
vt 0.640000 0.110000 0.000000
vt -0.000000 0.310000 0.000000
vt 3.603990 1.680000 0.000000
vt -3.603990 1.680000 0.000000
vt 3.603990 1.460000 0.000000
vt 3.603990 1.060000 0.000000
vt 3.603990 0.620000 0.000000
vt 3.603990 0.220000 0.000000
vt -3.603990 -1.680000 0.000000
vt 3.603990 -0.220000 0.000000
vt 3.603990 -0.620000 0.000000
vt 3.603990 -1.060000 0.000000
vt 3.603990 -1.460000 0.000000
vt 3.603990 -1.680000 0.000000
vt -0.000000 0.200000 0.000000
vt -7.205205 -0.000000 0.000000
vt -0.000000 0.000000 0.000000
vt -0.000000 0.000000 0.000000
vt -7.205205 0.200000 0.000000
vt -7.205205 0.000000 0.000000
vt -3.030205 -1.680000 0.000000
vt 3.415821 -1.857137 0.000000
vt 4.175000 -1.680000 0.000000
vt 3.463783 -1.851313 0.000000
vt 3.512082 -1.850146 0.000000
vt -3.030205 1.680000 0.000000
vt -3.784179 -1.857137 0.000000
vt -3.736217 -1.851313 0.000000
vt -3.687918 -1.850146 0.000000
vt 4.175000 1.680000 0.000000
vt 3.415821 1.857137 0.000000
vt 3.368646 1.867562 0.000000
vt 3.322698 1.882492 0.000000
vt 4.175000 2.320000 0.000000
vt 3.942728 2.117638 0.000000
vt 3.918235 2.075994 0.000000
vt 3.889837 2.036907 0.000000
vt 4.172842 2.374921 0.000000
vt 4.000000 2.350000 0.000000
vt 3.997666 2.301743 0.000000
vt 3.990685 2.253937 0.000000
vt 3.997666 2.398257 0.000000
vt 4.166382 2.429504 0.000000
vt 3.990685 2.446063 0.000000
vt 4.155659 2.483412 0.000000
vt 3.979123 2.492973 0.000000
vt 4.140740 2.536312 0.000000
vt 3.963087 2.538547 0.000000
vt 4.121716 2.587878 0.000000
vt 3.942728 2.582362 0.000000
vt 4.098705 2.637793 0.000000
vt 3.918235 2.624006 0.000000
vt 4.071848 2.685749 0.000000
vt 3.889837 2.663093 0.000000
vt 4.041312 2.731450 0.000000
vt 3.857799 2.699256 0.000000
vt 4.007284 2.774614 0.000000
vt 3.822421 2.732158 0.000000
vt 3.969975 2.814975 0.000000
vt 3.929614 2.852284 0.000000
vt 3.784032 2.761492 0.000000
vt 3.886450 2.886312 0.000000
vt 3.742992 2.786984 0.000000
vt 3.840749 2.916848 0.000000
vt 3.699682 2.808396 0.000000
vt 3.792793 2.943705 0.000000
vt 3.654508 2.825528 0.000000
vt 3.742878 2.966716 0.000000
vt 3.607892 2.838221 0.000000
vt 3.691312 2.985740 0.000000
vt 3.638412 3.000659 0.000000
vt 3.560268 2.846354 0.000000
vt 3.584504 3.011382 0.000000
vt 3.512082 2.849854 0.000000
vt 3.529921 3.017842 0.000000
vt 3.475000 3.020000 0.000000
vt -3.675000 3.020000 0.000000
vt -3.377579 2.732158 0.000000
vt 3.159492 2.716134 0.000000
vt 3.196419 2.747289 0.000000
vt -3.729921 3.017842 0.000000
vt -3.687918 2.849854 0.000000
vt -3.639732 2.846354 0.000000
vt -3.592108 2.838221 0.000000
vt -3.736217 2.848687 0.000000
vt -3.784504 3.011382 0.000000
vt -3.784179 2.842863 0.000000
vt -3.838412 3.000659 0.000000
vt -3.891312 2.985740 0.000000
vt -3.831354 2.832438 0.000000
vt -3.942878 2.966716 0.000000
vt -3.877302 2.817508 0.000000
vt -3.992793 2.943705 0.000000
vt -4.040749 2.916848 0.000000
vt -3.921596 2.798213 0.000000
vt -4.086450 2.886312 0.000000
vt -3.963820 2.774734 0.000000
vt -4.129614 2.852284 0.000000
vt -4.003581 2.747289 0.000000
vt -4.169975 2.814975 0.000000
vt -4.040508 2.716134 0.000000
vt -4.207284 2.774614 0.000000
vt -4.074255 2.681561 0.000000
vt -4.241312 2.731450 0.000000
vt -4.104508 2.643893 0.000000
vt -4.271848 2.685749 0.000000
vt -4.130985 2.603480 0.000000
vt -4.298705 2.637793 0.000000
vt -4.153437 2.560701 0.000000
vt -4.321716 2.587878 0.000000
vt -4.171656 2.515954 0.000000
vt -4.340740 2.536312 0.000000
vt -4.185471 2.469658 0.000000
vt -4.355659 2.483412 0.000000
vt -4.194753 2.422245 0.000000
vt -4.366382 2.429504 0.000000
vt -4.199416 2.374157 0.000000
vt -4.372842 2.374921 0.000000
vt -4.199416 2.325843 0.000000
vt -4.375000 2.320000 0.000000
vt -4.194753 2.277755 0.000000
vt -4.185471 2.230342 0.000000
vt -4.171656 2.184046 0.000000
vt -4.153437 2.139299 0.000000
vt -4.130985 2.096520 0.000000
vt -4.104508 2.056107 0.000000
vt -4.074255 2.018439 0.000000
vt -4.375000 -2.320000 0.000000
vt -4.074255 -2.018439 0.000000
vt -4.104508 -2.056107 0.000000
vt -4.130985 -2.096520 0.000000
vt -4.153437 -2.139299 0.000000
vt -4.171656 -2.184046 0.000000
vt -4.185471 -2.230342 0.000000
vt -4.194753 -2.277755 0.000000
vt -4.199416 -2.325843 0.000000
vt -4.372842 -2.374921 0.000000
vt -4.199416 -2.374157 0.000000
vt -4.366382 -2.429504 0.000000
vt -4.194753 -2.422245 0.000000
vt -4.355659 -2.483412 0.000000
vt -4.185471 -2.469658 0.000000
vt -4.340740 -2.536312 0.000000
vt -4.171656 -2.515954 0.000000
vt -4.321716 -2.587878 0.000000
vt -4.153437 -2.560701 0.000000
vt -4.298705 -2.637793 0.000000
vt -4.130985 -2.603480 0.000000
vt -4.271848 -2.685749 0.000000
vt -4.104508 -2.643893 0.000000
vt -4.241312 -2.731450 0.000000
vt -4.074255 -2.681561 0.000000
vt -4.207284 -2.774614 0.000000
vt -4.040508 -2.716134 0.000000
vt -4.169975 -2.814975 0.000000
vt -4.003581 -2.747289 0.000000
vt -4.129614 -2.852284 0.000000
vt -3.963820 -2.774734 0.000000
vt -4.086450 -2.886312 0.000000
vt -3.921596 -2.798213 0.000000
vt -4.040749 -2.916848 0.000000
vt -3.877302 -2.817508 0.000000
vt -3.992793 -2.943705 0.000000
vt -3.942878 -2.966716 0.000000
vt -3.831354 -2.832438 0.000000
vt -3.891312 -2.985740 0.000000
vt -3.784179 -2.842863 0.000000
vt -3.838412 -3.000659 0.000000
vt -3.784504 -3.011382 0.000000
vt -3.736217 -2.848687 0.000000
vt -3.729921 -3.017842 0.000000
vt -3.687918 -2.849854 0.000000
vt -3.675000 -3.020000 0.000000
vt -3.639732 -2.846354 0.000000
vt -3.592108 -2.838221 0.000000
vt -3.545492 -2.825528 0.000000
vt -3.500318 -2.808396 0.000000
vt -3.457008 -2.786984 0.000000
vt -3.415968 -2.761492 0.000000
vt -3.377579 -2.732158 0.000000
vt 3.475000 -3.020000 0.000000
vt 3.159492 -2.716134 0.000000
vt 3.196419 -2.747289 0.000000
vt 3.236180 -2.774734 0.000000
vt 3.278404 -2.798213 0.000000
vt 3.322698 -2.817508 0.000000
vt 3.368646 -2.832438 0.000000
vt 3.415821 -2.842863 0.000000
vt 3.463783 -2.848687 0.000000
vt 3.512082 -2.849854 0.000000
vt 3.529921 -3.017842 0.000000
vt 3.584504 -3.011382 0.000000
vt 3.560268 -2.846354 0.000000
vt 3.638412 -3.000659 0.000000
vt 3.607892 -2.838221 0.000000
vt 3.691312 -2.985740 0.000000
vt 3.742878 -2.966716 0.000000
vt 3.654508 -2.825528 0.000000
vt 3.792793 -2.943705 0.000000
vt 3.699682 -2.808396 0.000000
vt 3.840749 -2.916848 0.000000
vt 3.742992 -2.786984 0.000000
vt 3.886450 -2.886312 0.000000
vt 3.784032 -2.761492 0.000000
vt 3.929614 -2.852284 0.000000
vt 3.822421 -2.732158 0.000000
vt 3.969975 -2.814975 0.000000
vt 4.007284 -2.774614 0.000000
vt 3.857799 -2.699256 0.000000
vt 4.041312 -2.731450 0.000000
vt 3.889837 -2.663093 0.000000
vt 4.071848 -2.685749 0.000000
vt 3.918235 -2.624006 0.000000
vt 4.098705 -2.637793 0.000000
vt 3.942728 -2.582362 0.000000
vt 4.121716 -2.587878 0.000000
vt 3.963087 -2.538547 0.000000
vt 4.140740 -2.536312 0.000000
vt 3.979123 -2.492973 0.000000
vt 4.155659 -2.483412 0.000000
vt 3.990685 -2.446063 0.000000
vt 4.166382 -2.429504 0.000000
vt 3.997666 -2.398257 0.000000
vt 4.172842 -2.374921 0.000000
vt 4.000000 -2.350000 0.000000
vt 4.175000 -2.320000 0.000000
vt 3.997666 -2.301743 0.000000
vt 3.990685 -2.253937 0.000000
vt 3.979123 -2.207027 0.000000
vt 3.963087 -2.161453 0.000000
vt 3.942728 -2.117638 0.000000
vt 3.918235 -2.075994 0.000000
vt 3.889837 -2.036907 0.000000
vt 3.857799 -2.000744 0.000000
vt 3.822421 -1.967842 0.000000
vt 3.784032 -1.938508 0.000000
vt 3.742992 -1.913016 0.000000
vt 3.699682 -1.891604 0.000000
vt 3.654508 -1.874472 0.000000
vt 3.607892 -1.861779 0.000000
vt 3.560268 -1.853646 0.000000
vt 3.979123 2.207027 0.000000
vt 3.963087 2.161453 0.000000
vt 3.857799 2.000744 0.000000
vt 3.822421 1.967842 0.000000
vt 3.784032 1.938508 0.000000
vt 3.742992 1.913016 0.000000
vt 3.699682 1.891604 0.000000
vt 3.654508 1.874472 0.000000
vt 3.607892 1.861779 0.000000
vt 3.560268 1.853646 0.000000
vt 3.512082 1.850146 0.000000
vt 3.463783 1.851313 0.000000
vt 3.278404 1.901787 0.000000
vt 3.236180 1.925266 0.000000
vt 3.196419 1.952711 0.000000
vt 3.159492 1.983866 0.000000
vt 3.125745 2.018439 0.000000
vt 3.095492 2.056107 0.000000
vt 3.069015 2.096520 0.000000
vt 3.046563 2.139299 0.000000
vt 3.028344 2.184046 0.000000
vt 3.014529 2.230342 0.000000
vt 3.005247 2.277755 0.000000
vt 3.000584 2.325843 0.000000
vt 3.000584 2.374157 0.000000
vt -3.200000 2.350000 0.000000
vt -3.202334 2.301743 0.000000
vt -3.202334 2.398257 0.000000
vt 3.005247 2.422245 0.000000
vt -3.209315 2.446063 0.000000
vt 3.014529 2.469658 0.000000
vt -3.220877 2.492973 0.000000
vt 3.028344 2.515954 0.000000
vt -3.236913 2.538547 0.000000
vt 3.046563 2.560701 0.000000
vt -3.257272 2.582362 0.000000
vt 3.069015 2.603480 0.000000
vt -3.281765 2.624006 0.000000
vt 3.095492 2.643893 0.000000
vt -3.310163 2.663093 0.000000
vt 3.125745 2.681561 0.000000
vt -3.342201 2.699256 0.000000
vt 3.236180 2.774734 0.000000
vt 3.278404 2.798213 0.000000
vt 3.322698 2.817508 0.000000
vt 3.368646 2.832438 0.000000
vt 3.415821 2.842863 0.000000
vt 3.463783 2.848687 0.000000
vt -3.209315 2.253937 0.000000
vt -3.220877 2.207027 0.000000
vt -3.236913 2.161453 0.000000
vt -3.257272 2.117638 0.000000
vt -3.281765 2.075994 0.000000
vt -3.310163 2.036907 0.000000
vt -3.342201 2.000744 0.000000
vt -3.377579 1.967842 0.000000
vt -3.415968 1.938508 0.000000
vt -3.457008 1.913016 0.000000
vt -3.500318 1.891604 0.000000
vt -3.545492 1.874472 0.000000
vt -3.592108 1.861779 0.000000
vt -3.639732 1.853646 0.000000
vt -3.687918 1.850146 0.000000
vt -3.736217 1.851313 0.000000
vt -3.784179 1.857137 0.000000
vt -3.831354 -1.867562 0.000000
vt -3.831354 1.867562 0.000000
vt -3.877302 -1.882492 0.000000
vt -3.877302 1.882492 0.000000
vt -3.921596 -1.901787 0.000000
vt -3.921596 1.901787 0.000000
vt -3.963820 -1.925266 0.000000
vt -3.963820 1.925266 0.000000
vt -4.003581 -1.952711 0.000000
vt -4.003581 1.952711 0.000000
vt -4.040508 -1.983866 0.000000
vt -4.040508 1.983866 0.000000
vt -3.545492 2.825528 0.000000
vt -3.500318 2.808396 0.000000
vt -3.457008 2.786984 0.000000
vt -3.415968 2.761492 0.000000
vt -3.342201 -2.699256 0.000000
vt 3.125745 -2.681561 0.000000
vt -3.310163 -2.663093 0.000000
vt 3.095492 -2.643893 0.000000
vt -3.281765 -2.624006 0.000000
vt 3.069015 -2.603480 0.000000
vt -3.257272 -2.582362 0.000000
vt 3.046563 -2.560701 0.000000
vt -3.236913 -2.538547 0.000000
vt 3.028344 -2.515954 0.000000
vt -3.220877 -2.492973 0.000000
vt 3.014529 -2.469658 0.000000
vt -3.209315 -2.446063 0.000000
vt 3.005247 -2.422245 0.000000
vt -3.202334 -2.398257 0.000000
vt 3.000584 -2.374157 0.000000
vt -3.200000 -2.350000 0.000000
vt -3.202334 -2.301743 0.000000
vt -3.209315 -2.253937 0.000000
vt -3.220877 -2.207027 0.000000
vt -3.236913 -2.161453 0.000000
vt -3.257272 -2.117638 0.000000
vt -3.281765 -2.075994 0.000000
vt -3.310163 -2.036907 0.000000
vt -3.342201 -2.000744 0.000000
vt -3.377579 -1.967842 0.000000
vt -3.415968 -1.938508 0.000000
vt -3.457008 -1.913016 0.000000
vt -3.500318 -1.891604 0.000000
vt -3.545492 -1.874472 0.000000
vt -3.592108 -1.861779 0.000000
vt -3.639732 -1.853646 0.000000
vt 3.000584 -2.325843 0.000000
vt 3.005247 -2.277755 0.000000
vt 3.014529 -2.230342 0.000000
vt 3.028344 -2.184046 0.000000
vt 3.046563 -2.139299 0.000000
vt 3.069015 -2.096520 0.000000
vt 3.095492 -2.056107 0.000000
vt 3.125745 -2.018439 0.000000
vt 3.159492 -1.983866 0.000000
vt 3.196419 -1.952711 0.000000
vt 3.236180 -1.925266 0.000000
vt 3.278404 -1.901787 0.000000
vt 3.322698 -1.882492 0.000000
vt 3.368646 -1.867562 0.000000
vt 3.892523 0.180001 0.000000
vt 3.971402 0.000001 0.000000
vt 4.018081 0.180001 0.000000
vt 4.036607 0.000001 0.000000
vt 4.092587 0.180637 0.000000
vt 4.101831 0.000001 0.000000
vt 4.167081 0.182426 0.000000
vt 4.167081 0.000001 0.000000
vt 3.767095 0.180001 0.000000
vt 3.841031 0.000001 0.000000
vt 3.906212 0.000001 0.000000
vt 3.641755 0.180001 0.000000
vt 3.710671 0.000001 0.000000
vt 3.775852 0.000001 0.000000
vt 3.516464 0.180001 0.000000
vt 3.580277 0.000001 0.000000
vt 3.645481 0.000001 0.000000
vt 3.391182 0.180001 0.000000
vt 3.449805 0.000001 0.000000
vt 3.515054 0.000001 0.000000
vt 3.265872 0.180001 0.000000
vt 3.319329 0.000001 0.000000
vt 3.384554 0.000001 0.000000
vt 3.140493 0.180001 0.000000
vt 3.188933 0.000001 0.000000
vt 3.254124 0.000001 0.000000
vt 3.015003 0.180001 0.000000
vt 3.058573 0.000001 0.000000
vt 3.123751 0.000001 0.000000
vt 2.889364 0.180001 0.000000
vt 2.928202 0.000001 0.000000
vt 2.993392 0.000001 0.000000
vt 2.763555 0.180001 0.000000
vt 2.797777 0.000001 0.000000
vt 2.862999 0.000001 0.000000
vt 2.732530 0.000001 0.000000
vt 2.637853 0.180001 0.000000
vt 2.667290 0.000001 0.000000
vt 2.602102 0.000001 0.000000
vt 2.512315 0.180001 0.000000
vt 2.536963 0.000001 0.000000
vt 2.471866 0.000001 0.000000
vt 2.386901 0.180001 0.000000
vt 2.406805 0.000001 0.000000
vt 2.341776 0.000001 0.000000
vt 2.261570 0.180001 0.000000
vt 2.276771 0.000001 0.000000
vt 2.211786 0.000001 0.000000
vt 2.136283 0.180001 0.000000
vt 2.146816 0.000001 0.000000
vt 2.081854 0.000001 0.000000
vt 2.011000 0.180001 0.000000
vt 2.016896 0.000001 0.000000
vt 1.951935 0.000001 0.000000
vt 1.885683 0.180001 0.000000
vt 1.886966 0.000001 0.000000
vt 1.821984 0.000001 0.000000
vt 1.760290 0.180001 0.000000
vt 1.756982 0.000001 0.000000
vt 1.691957 0.000001 0.000000
vt 1.634782 0.180001 0.000000
vt 1.626901 0.000001 0.000000
vt 1.561810 0.000001 0.000000
vt 1.509119 0.180001 0.000000
vt 1.496678 0.000001 0.000000
vt 1.431498 0.000001 0.000000
vt 1.383294 0.180001 0.000000
vt 1.366266 0.000001 0.000000
vt 1.301027 0.000001 0.000000
vt 1.257517 0.180001 0.000000
vt 1.235842 0.000001 0.000000
vt 1.170705 0.000001 0.000000
vt 1.131796 0.180001 0.000000
vt 1.105610 0.000001 0.000000
vt 1.040551 0.000001 0.000000
vt 1.006092 0.180001 0.000000
vt 0.975523 0.000001 0.000000
vt 0.880364 0.180001 0.000000
vt 0.910520 0.000001 0.000000
vt 0.845536 0.000001 0.000000
vt 0.754572 0.180001 0.000000
vt 0.780566 0.000001 0.000000
vt 0.715605 0.000001 0.000000
vt 0.628735 0.180001 0.000000
vt 0.650646 0.000001 0.000000
vt 0.585684 0.000001 0.000000
vt 0.502977 0.180001 0.000000
vt 0.520714 0.000001 0.000000
vt 0.455731 0.000001 0.000000
vt 0.377265 0.180001 0.000000
vt 0.390729 0.000001 0.000000
vt 0.325702 0.000001 0.000000
vt 0.251558 0.180001 0.000000
vt 0.260646 0.000001 0.000000
vt 0.195553 0.000001 0.000000
vt 0.125817 0.180001 0.000000
vt 0.130418 0.000001 0.000000
vt 0.065236 0.000001 0.000000
vt 0.000000 0.180001 0.000000
vt 0.000000 0.000001 0.000000
vt 0.641310 4.710000 0.000000
vt 0.612726 4.710000 0.000000
vt 0.641310 4.527574 0.000000
vt 0.610241 4.526402 0.000000
vt 0.583800 4.710000 0.000000
vt 0.577856 4.524759 0.000000
vt 0.554569 4.710000 0.000000
vt 0.544275 4.522495 0.000000
vt 0.525073 4.710000 0.000000
vt 0.509859 4.519472 0.000000
vt 0.495357 4.710000 0.000000
vt 0.475516 4.515586 0.000000
vt 0.465687 4.710000 0.000000
vt 0.441432 4.510656 0.000000
vt 0.436319 4.710000 0.000000
vt 0.407712 4.504499 0.000000
vt 0.407318 4.710000 0.000000
vt 0.378740 4.710000 0.000000
vt 0.374489 4.496936 0.000000
vt 0.350634 4.710000 0.000000
vt 0.342378 4.487901 0.000000
vt 0.322973 4.710000 0.000000
vt 0.309740 4.490000 0.000000
vt 0.295460 4.710000 0.000000
vt 0.279144 4.490000 0.000000
vt 0.268084 4.710000 0.000000
vt 0.248548 4.490000 0.000000
vt 0.240886 4.710000 0.000000
vt 0.217480 4.490000 0.000000
vt 0.213903 4.710000 0.000000
vt 0.186411 4.490000 0.000000
vt 0.187174 4.710000 0.000000
vt 0.156517 4.708426 0.000000
vt 0.155343 4.490000 0.000000
vt 0.128046 4.703668 0.000000
vt 0.124274 4.490000 0.000000
vt 0.101741 4.695720 0.000000
vt 0.093206 4.490000 0.000000
vt 0.077489 4.684580 0.000000
vt 0.062137 4.490000 0.000000
vt 0.055292 4.670340 0.000000
vt 0.046603 4.490000 0.000000
vt 0.035061 4.653106 0.000000
vt 0.031069 4.490000 0.000000
vt 0.016667 4.632964 0.000000
vt 0.015534 4.490000 0.000000
vt 0.000000 4.610000 0.000000
vt 0.008745 3.986422 0.000000
vt 0.004901 3.947756 0.000000
vt 0.002173 3.908719 0.000000
vt 0.000542 3.869422 0.000000
vt 0.000000 3.830000 0.000000
vt 0.013728 4.024579 0.000000
vt 0.015534 4.270000 0.000000
vt 0.031069 4.270000 0.000000
vt 0.031069 4.160000 0.000000
vt 0.045792 4.169734 0.000000
vt 0.035849 4.134760 0.000000
vt 0.027230 4.098837 0.000000
vt 0.015534 4.160000 0.000000
vt 0.019875 4.062081 0.000000
vt 0.015534 4.050000 0.000000
vt 0.046603 4.270000 0.000000
vt 0.057104 4.203564 0.000000
vt 0.062137 4.270000 0.000000
vt 0.069862 4.236161 0.000000
vt 0.084164 4.267447 0.000000
vt 0.100128 4.297347 0.000000
vt 0.117839 4.325698 0.000000
vt 0.137013 4.351897 0.000000
vt 0.157603 4.375888 0.000000
vt 0.179630 4.397739 0.000000
vt 0.203109 4.417515 0.000000
vt 0.228048 4.435280 0.000000
vt 0.254448 4.451106 0.000000
vt 0.282314 4.465085 0.000000
vt 0.311634 4.477317 0.000000
vt 0.074491 -0.699364 0.000000
vt 0.130418 -0.880000 0.000000
vt 0.149000 -0.700000 0.000000
vt 0.195553 -0.880000 0.000000
vt 0.274734 -0.700000 0.000000
vt 0.260646 -0.880000 0.000000
vt 0.325702 -0.880000 0.000000
vt 0.065236 -0.880000 0.000000
vt 0.000000 -0.697574 0.000000
vt 0.000000 -0.880000 0.000000
vt 0.400440 -0.700000 0.000000
vt 0.390729 -0.880000 0.000000
vt 0.455731 -0.880000 0.000000
vt 0.526160 -0.700000 0.000000
vt 0.520714 -0.880000 0.000000
vt 0.585684 -0.880000 0.000000
vt 0.651934 -0.700000 0.000000
vt 0.650646 -0.880000 0.000000
vt 0.715605 -0.880000 0.000000
vt 0.777777 -0.700000 0.000000
vt 0.780566 -0.880000 0.000000
vt 0.845536 -0.880000 0.000000
vt 0.903557 -0.700000 0.000000
vt 0.910520 -0.880000 0.000000
vt 0.975523 -0.880000 0.000000
vt 1.029280 -0.700000 0.000000
vt 1.040551 -0.880000 0.000000
vt 1.105610 -0.880000 0.000000
vt 1.154986 -0.700000 0.000000
vt 1.170705 -0.880000 0.000000
vt 1.235842 -0.880000 0.000000
vt 1.280717 -0.700000 0.000000
vt 1.301027 -0.880000 0.000000
vt 1.366266 -0.880000 0.000000
vt 1.406511 -0.700000 0.000000
vt 1.431498 -0.880000 0.000000
vt 1.496678 -0.880000 0.000000
vt 1.532322 -0.700000 0.000000
vt 1.561810 -0.880000 0.000000
vt 1.626901 -0.880000 0.000000
vt 1.657955 -0.700000 0.000000
vt 1.691957 -0.880000 0.000000
vt 1.783441 -0.700000 0.000000
vt 1.756982 -0.880000 0.000000
vt 1.821984 -0.880000 0.000000
vt 1.908819 -0.700000 0.000000
vt 1.886966 -0.880000 0.000000
vt 1.951935 -0.880000 0.000000
vt 2.034130 -0.700000 0.000000
vt 2.016896 -0.880000 0.000000
vt 2.081854 -0.880000 0.000000
vt 2.159412 -0.700000 0.000000
vt 2.146816 -0.880000 0.000000
vt 2.211786 -0.880000 0.000000
vt 2.284706 -0.700000 0.000000
vt 2.276771 -0.880000 0.000000
vt 2.341776 -0.880000 0.000000
vt 2.410052 -0.700000 0.000000
vt 2.406805 -0.880000 0.000000
vt 2.471866 -0.880000 0.000000
vt 2.535489 -0.700000 0.000000
vt 2.536963 -0.880000 0.000000
vt 2.602102 -0.880000 0.000000
vt 2.661056 -0.700000 0.000000
vt 2.667290 -0.880000 0.000000
vt 2.732530 -0.880000 0.000000
vt 2.786795 -0.700000 0.000000
vt 2.797777 -0.880000 0.000000
vt 2.862999 -0.880000 0.000000
vt 2.912586 -0.700000 0.000000
vt 2.928202 -0.880000 0.000000
vt 2.993392 -0.880000 0.000000
vt 3.038198 -0.700000 0.000000
vt 3.058573 -0.880000 0.000000
vt 3.123751 -0.880000 0.000000
vt 3.163666 -0.700000 0.000000
vt 3.188933 -0.880000 0.000000
vt 3.254124 -0.880000 0.000000
vt 3.289032 -0.700000 0.000000
vt 3.319329 -0.880000 0.000000
vt 3.414336 -0.700000 0.000000
vt 3.384554 -0.880000 0.000000
vt 3.449805 -0.880000 0.000000
vt 3.539618 -0.700000 0.000000
vt 3.515054 -0.880000 0.000000
vt 3.580277 -0.880000 0.000000
vt 3.664918 -0.700000 0.000000
vt 3.645481 -0.880000 0.000000
vt 3.710671 -0.880000 0.000000
vt 3.790274 -0.700000 0.000000
vt 3.775852 -0.880000 0.000000
vt 3.841031 -0.880000 0.000000
vt 3.915725 -0.700000 0.000000
vt 3.906212 -0.880000 0.000000
vt 3.971402 -0.880000 0.000000
vt 4.041314 -0.700000 0.000000
vt 4.036607 -0.880000 0.000000
vt 4.101831 -0.880000 0.000000
vt 4.167081 -0.880000 0.000000
vt 4.167081 -0.700000 0.000000
vt -3.191841 0.180000 0.000000
vt -3.958159 0.180000 0.000000
vt -3.191841 0.000000 0.000000
vt -3.958159 -0.000000 0.000000
vt 3.892523 0.180000 0.000000
vt 3.971402 -0.000000 0.000000
vt 4.018081 0.180000 0.000000
vt 4.036607 -0.000000 0.000000
vt 4.092587 0.180636 0.000000
vt 4.101831 -0.000000 0.000000
vt 4.167081 0.182426 0.000000
vt 4.167081 -0.000000 0.000000
vt 3.767095 0.180000 0.000000
vt 3.841031 -0.000000 0.000000
vt 3.906212 -0.000000 0.000000
vt 3.641755 0.180000 0.000000
vt 3.710671 0.000000 0.000000
vt 3.775852 -0.000000 0.000000
vt 3.516464 0.180000 0.000000
vt 3.580277 -0.000000 0.000000
vt 3.645481 0.000000 0.000000
vt 3.391182 0.180000 0.000000
vt 3.449805 -0.000000 0.000000
vt 3.515054 -0.000000 0.000000
vt 3.265872 0.180000 0.000000
vt 3.319329 -0.000000 0.000000
vt 3.384554 -0.000000 0.000000
vt 3.140493 0.180000 0.000000
vt 3.188933 -0.000000 0.000000
vt 3.254124 -0.000000 0.000000
vt 3.015003 0.180000 0.000000
vt 3.058573 -0.000000 0.000000
vt 3.123751 0.000000 0.000000
vt 2.889364 0.180000 0.000000
vt 2.928202 -0.000000 0.000000
vt 2.993392 -0.000000 0.000000
vt 2.763555 0.180000 0.000000
vt 2.797777 -0.000000 0.000000
vt 2.862999 -0.000000 0.000000
vt 2.732530 -0.000000 0.000000
vt 2.637853 0.180000 0.000000
vt 2.667290 -0.000000 0.000000
vt 2.602102 -0.000000 0.000000
vt 2.512315 0.180000 0.000000
vt 2.536963 -0.000000 0.000000
vt 2.471866 -0.000000 0.000000
vt 2.386901 0.180000 0.000000
vt 2.406805 -0.000000 0.000000
vt 2.341776 -0.000000 0.000000
vt 2.261570 0.180000 0.000000
vt 2.276771 -0.000000 0.000000
vt 2.211786 -0.000000 0.000000
vt 2.136283 0.180000 0.000000
vt 2.146816 -0.000000 0.000000
vt 2.081854 -0.000000 0.000000
vt 2.011000 0.180000 0.000000
vt 2.016896 -0.000000 0.000000
vt 1.951935 -0.000000 0.000000
vt 1.885683 0.180000 0.000000
vt 1.886966 -0.000000 0.000000
vt 1.821984 -0.000000 0.000000
vt 1.760290 0.180000 0.000000
vt 1.756982 -0.000000 0.000000
vt 1.691957 -0.000000 0.000000
vt 1.634782 0.180000 0.000000
vt 1.626901 -0.000000 0.000000
vt 1.561810 -0.000000 0.000000
vt 1.509119 0.180000 0.000000
vt 1.496678 -0.000000 0.000000
vt 1.431498 -0.000000 0.000000
vt 1.383294 0.180000 0.000000
vt 1.366266 -0.000000 0.000000
vt 1.301027 -0.000000 0.000000
vt 1.257517 0.180000 0.000000
vt 1.235842 -0.000000 0.000000
vt 1.170705 -0.000000 0.000000
vt 1.131796 0.180000 0.000000
vt 1.105610 -0.000000 0.000000
vt 1.040551 -0.000000 0.000000
vt 1.006092 0.180000 0.000000
vt 0.975523 -0.000000 0.000000
vt 0.880364 0.180000 0.000000
vt 0.910520 -0.000000 0.000000
vt 0.845536 -0.000000 0.000000
vt 0.754572 0.180000 0.000000
vt 0.780566 -0.000000 0.000000
vt 0.715605 -0.000000 0.000000
vt 0.628735 0.180000 0.000000
vt 0.650646 -0.000000 0.000000
vt 0.585684 -0.000000 0.000000
vt 0.502977 0.180000 0.000000
vt 0.520714 -0.000000 0.000000
vt 0.455731 -0.000000 0.000000
vt 0.377265 0.180000 0.000000
vt 0.390729 -0.000000 0.000000
vt 0.325702 -0.000000 0.000000
vt 0.251558 0.180000 0.000000
vt 0.260646 -0.000000 0.000000
vt 0.195553 -0.000000 0.000000
vt 0.125817 0.180000 0.000000
vt 0.130418 -0.000000 0.000000
vt 0.065236 -0.000000 0.000000
vt 0.000000 0.180000 0.000000
vt 0.000000 0.000000 0.000000
vt 0.641310 1.507574 0.000000
vt 0.641310 1.690000 0.000000
vt 0.610222 1.506401 0.000000
vt 0.601175 1.690000 0.000000
vt 0.577815 1.504757 0.000000
vt 0.560756 1.690000 0.000000
vt 0.544211 1.502489 0.000000
vt 0.520192 1.690000 0.000000
vt 0.509789 1.499466 0.000000
vt 0.479686 1.690000 0.000000
vt 0.475441 1.495577 0.000000
vt 0.439510 1.690000 0.000000
vt 0.441343 1.490642 0.000000
vt 0.407598 1.484476 0.000000
vt 0.399819 1.690000 0.000000
vt 0.374349 1.476901 0.000000
vt 0.360746 1.690000 0.000000
vt 0.342231 1.467855 0.000000
vt 0.322415 1.690000 0.000000
vt 0.309740 1.470000 0.000000
vt 0.284939 1.690000 0.000000
vt 0.279144 1.470000 0.000000
vt 0.248390 1.690000 0.000000
vt 0.248548 1.470000 0.000000
vt 0.217480 1.470000 0.000000
vt 0.227903 1.415185 0.000000
vt 0.202969 1.397406 0.000000
vt 0.186411 1.470000 0.000000
vt 0.179494 1.377615 0.000000
vt 0.155343 1.470000 0.000000
vt 0.157471 1.355746 0.000000
vt 0.124274 1.470000 0.000000
vt 0.136884 1.331734 0.000000
vt 0.117713 1.305512 0.000000
vt 0.093206 1.470000 0.000000
vt 0.100016 1.277153 0.000000
vt 0.062137 1.470000 0.000000
vt 0.084072 1.247262 0.000000
vt 0.062137 1.250000 0.000000
vt 0.069787 1.215985 0.000000
vt 0.057044 1.183398 0.000000
vt 0.046603 1.250000 0.000000
vt 0.045744 1.149578 0.000000
vt 0.031069 1.250000 0.000000
vt 0.031069 1.140000 0.000000
vt 0.015534 1.250000 0.000000
vt 0.015534 1.140000 0.000000
vt 0.013714 1.004485 0.000000
vt 0.015534 1.030000 0.000000
vt 0.019855 1.041970 0.000000
vt 0.027202 1.078710 0.000000
vt 0.035811 1.114618 0.000000
vt 0.212820 1.690000 0.000000
vt 0.178281 1.690000 0.000000
vt 0.144935 1.690000 0.000000
vt 0.112855 1.690000 0.000000
vt 0.082056 1.690000 0.000000
vt 0.052539 1.690000 0.000000
vt 0.046603 1.470000 0.000000
vt 0.038600 1.689369 0.000000
vt 0.031069 1.470000 0.000000
vt 0.025203 1.687476 0.000000
vt 0.015534 1.470000 0.000000
vt 0.012339 1.684320 0.000000
vt 0.000000 1.679898 0.000000
vt 0.008736 0.966345 0.000000
vt 0.004896 0.927698 0.000000
vt 0.002171 0.888680 0.000000
vt 0.000542 0.849402 0.000000
vt 0.000000 0.810000 0.000000
vt 0.254299 1.431024 0.000000
vt 0.282163 1.445016 0.000000
vt 0.311483 1.457260 0.000000
vt 0.074491 -0.699364 0.000000
vt 0.130418 -0.880000 0.000000
vt 0.149000 -0.700000 0.000000
vt 0.195553 -0.880000 0.000000
vt 0.274734 -0.700000 0.000000
vt 0.260646 -0.880000 0.000000
vt 0.325702 -0.880000 0.000000
vt 0.065236 -0.880000 0.000000
vt 0.000000 -0.697574 0.000000
vt 0.000000 -0.880000 0.000000
vt 0.400440 -0.700000 0.000000
vt 0.390729 -0.880000 0.000000
vt 0.455731 -0.880000 0.000000
vt 0.526160 -0.700000 0.000000
vt 0.520714 -0.880000 0.000000
vt 0.585684 -0.880000 0.000000
vt 0.651934 -0.700000 0.000000
vt 0.650646 -0.880000 0.000000
vt 0.715605 -0.880000 0.000000
vt 0.777777 -0.700000 0.000000
vt 0.780566 -0.880000 0.000000
vt 0.845536 -0.880000 0.000000
vt 0.903557 -0.700000 0.000000
vt 0.910520 -0.880000 0.000000
vt 0.975523 -0.880000 0.000000
vt 1.029280 -0.700000 0.000000
vt 1.040551 -0.880000 0.000000
vt 1.105610 -0.880000 0.000000
vt 1.154986 -0.700000 0.000000
vt 1.170705 -0.880000 0.000000
vt 1.235842 -0.880000 0.000000
vt 1.280717 -0.700000 0.000000
vt 1.301027 -0.880000 0.000000
vt 1.366266 -0.880000 0.000000
vt 1.406511 -0.700000 0.000000
vt 1.431498 -0.880000 0.000000
vt 1.496678 -0.880000 0.000000
vt 1.532322 -0.700000 0.000000
vt 1.561810 -0.880000 0.000000
vt 1.626901 -0.880000 0.000000
vt 1.657955 -0.700000 0.000000
vt 1.691957 -0.880000 0.000000
vt 1.783441 -0.700000 0.000000
vt 1.756982 -0.880000 0.000000
vt 1.821984 -0.880000 0.000000
vt 1.908819 -0.700000 0.000000
vt 1.886966 -0.880000 0.000000
vt 1.951935 -0.880000 0.000000
vt 2.034130 -0.700000 0.000000
vt 2.016896 -0.880000 0.000000
vt 2.081854 -0.880000 0.000000
vt 2.159412 -0.700000 0.000000
vt 2.146816 -0.880000 0.000000
vt 2.211786 -0.880000 0.000000
vt 2.284706 -0.700000 0.000000
vt 2.276771 -0.880000 0.000000
vt 2.341776 -0.880000 0.000000
vt 2.410052 -0.700000 0.000000
vt 2.406805 -0.880000 0.000000
vt 2.471866 -0.880000 0.000000
vt 2.535489 -0.700000 0.000000
vt 2.536963 -0.880000 0.000000
vt 2.602102 -0.880000 0.000000
vt 2.661056 -0.700000 0.000000
vt 2.667290 -0.880000 0.000000
vt 2.732530 -0.880000 0.000000
vt 2.786795 -0.700000 0.000000
vt 2.797777 -0.880000 0.000000
vt 2.862999 -0.880000 0.000000
vt 2.912586 -0.700000 0.000000
vt 2.928202 -0.880000 0.000000
vt 2.993392 -0.880000 0.000000
vt 3.038198 -0.700000 0.000000
vt 3.058573 -0.880000 0.000000
vt 3.123751 -0.880000 0.000000
vt 3.163666 -0.700000 0.000000
vt 3.188933 -0.880000 0.000000
vt 3.254124 -0.880000 0.000000
vt 3.289032 -0.700000 0.000000
vt 3.319329 -0.880000 0.000000
vt 3.414336 -0.700000 0.000000
vt 3.384554 -0.880000 0.000000
vt 3.449805 -0.880000 0.000000
vt 3.539618 -0.700000 0.000000
vt 3.515054 -0.880000 0.000000
vt 3.580277 -0.880000 0.000000
vt 3.664918 -0.700000 0.000000
vt 3.645481 -0.880000 0.000000
vt 3.710671 -0.880000 0.000000
vt 3.790274 -0.700000 0.000000
vt 3.775852 -0.880000 0.000000
vt 3.841031 -0.880000 0.000000
vt 3.915725 -0.700000 0.000000
vt 3.906212 -0.880000 0.000000
vt 3.971402 -0.880000 0.000000
vt 4.041314 -0.700000 0.000000
vt 4.036607 -0.880000 0.000000
vt 4.101831 -0.880000 0.000000
vt 4.167081 -0.880000 0.000000
vt 4.167081 -0.700000 0.000000
vt -3.958159 6.040000 0.000000
vt -3.191841 6.040000 0.000000
vt -3.958159 6.220000 0.000000
vt -3.191841 6.220000 0.000000
vt 0.641310 -1.507574 0.000000
vt 0.599864 -1.580000 0.000000
vt 0.641310 -1.690000 0.000000
vt 0.599864 -1.635000 0.000000
vt 0.614961 -1.690000 0.000000
vt 0.587642 -1.690000 0.000000
vt 0.558418 -1.635000 0.000000
vt 0.559405 -1.690000 0.000000
vt 0.530318 -1.690000 0.000000
vt 0.516972 -1.635000 0.000000
vt 0.500548 -1.690000 0.000000
vt 0.475525 -1.635000 0.000000
vt 0.470792 -1.690000 0.000000
vt 0.441248 -1.690000 0.000000
vt 0.434079 -1.635000 0.000000
vt 0.411974 -1.690000 0.000000
vt 0.392633 -1.635000 0.000000
vt 0.383028 -1.690000 0.000000
vt 0.351187 -1.635000 0.000000
vt 0.354457 -1.690000 0.000000
vt 0.326179 -1.690000 0.000000
vt 0.309740 -1.635000 0.000000
vt 0.298009 -1.690000 0.000000
vt 0.279144 -1.635000 0.000000
vt 0.269981 -1.690000 0.000000
vt 0.248548 -1.635000 0.000000
vt 0.242138 -1.690000 0.000000
vt 0.217480 -1.635000 0.000000
vt 0.214522 -1.690000 0.000000
vt 0.186411 -1.635000 0.000000
vt 0.187174 -1.690000 0.000000
vt 0.156512 -1.688423 0.000000
vt 0.155343 -1.635000 0.000000
vt 0.128105 -1.683678 0.000000
vt 0.124274 -1.635000 0.000000
vt 0.101837 -1.675754 0.000000
vt 0.093206 -1.635000 0.000000
vt 0.077594 -1.664637 0.000000
vt 0.062137 -1.580000 0.000000
vt 0.062137 -1.635000 0.000000
vt 0.046603 -1.580000 0.000000
vt 0.046603 -1.635000 0.000000
vt 0.035091 -1.633136 0.000000
vt 0.055352 -1.650385 0.000000
vt 0.609500 -1.506363 0.000000
vt 0.599864 -1.525000 0.000000
vt 0.576836 -1.504690 0.000000
vt 0.543559 -1.502453 0.000000
vt 0.558418 -1.525000 0.000000
vt 0.558418 -1.580000 0.000000
vt 0.509891 -1.499503 0.000000
vt 0.516972 -1.525000 0.000000
vt 0.516972 -1.580000 0.000000
vt 0.475933 -1.495650 0.000000
vt 0.475525 -1.525000 0.000000
vt 0.475525 -1.580000 0.000000
vt 0.441799 -1.490705 0.000000
vt 0.434079 -1.525000 0.000000
vt 0.407740 -1.484498 0.000000
vt 0.392633 -1.525000 0.000000
vt 0.374841 -1.477015 0.000000
vt 0.351187 -1.525000 0.000000
vt 0.343385 -1.468205 0.000000
vt 0.309740 -1.525000 0.000000
vt 0.313427 -1.457996 0.000000
vt 0.309740 -1.470000 0.000000
vt 0.284998 -1.446313 0.000000
vt 0.279144 -1.470000 0.000000
vt 0.279144 -1.525000 0.000000
vt 0.248548 -1.470000 0.000000
vt 0.248548 -1.525000 0.000000
vt 0.217480 -1.470000 0.000000
vt 0.217480 -1.525000 0.000000
vt 0.186411 -1.470000 0.000000
vt 0.186411 -1.525000 0.000000
vt 0.155343 -1.470000 0.000000
vt 0.155343 -1.525000 0.000000
vt 0.124274 -1.470000 0.000000
vt 0.124274 -1.525000 0.000000
vt 0.093206 -1.470000 0.000000
vt 0.093206 -1.525000 0.000000
vt 0.062137 -1.470000 0.000000
vt 0.062137 -1.525000 0.000000
vt 0.046603 -1.470000 0.000000
vt 0.046603 -1.525000 0.000000
vt 0.031069 -1.470000 0.000000
vt 0.031069 -1.525000 0.000000
vt 0.015534 -1.470000 0.000000
vt 0.015534 -1.525000 0.000000
vt 0.000000 -1.590000 0.000000
vt 0.015534 -1.580000 0.000000
vt 0.016678 -1.612978 0.000000
vt 0.031069 -1.580000 0.000000
vt 0.258026 -1.433047 0.000000
vt 0.232345 -1.418036 0.000000
vt 0.207980 -1.401208 0.000000
vt 0.184948 -1.382495 0.000000
vt 0.163252 -1.361826 0.000000
vt 0.155343 -1.360000 0.000000
vt 0.142887 -1.339135 0.000000
vt 0.124274 -1.360000 0.000000
vt 0.123841 -1.314353 0.000000
vt 0.093206 -1.360000 0.000000
vt 0.106220 -1.287609 0.000000
vt 0.090065 -1.259044 0.000000
vt 0.075323 -1.228682 0.000000
vt 0.062137 -1.250000 0.000000
vt 0.062137 -1.360000 0.000000
vt 0.061948 -1.196547 0.000000
vt 0.046603 -1.250000 0.000000
vt 0.046603 -1.360000 0.000000
vt 0.049903 -1.162661 0.000000
vt 0.039156 -1.127047 0.000000
vt 0.031069 -1.250000 0.000000
vt 0.029721 -1.089883 0.000000
vt 0.015534 -1.250000 0.000000
vt 0.021676 -1.051751 0.000000
vt 0.015534 -1.030000 0.000000
vt 0.014964 -1.012794 0.000000
vt 0.009531 -0.973114 0.000000
vt 0.005340 -0.932831 0.000000
vt 0.002367 -0.892131 0.000000
vt 0.000591 -0.851135 0.000000
vt 0.000000 -0.810000 0.000000
vt 0.015534 -1.360000 0.000000
vt 0.031069 -1.360000 0.000000
vt 0.434079 -1.580000 0.000000
vt 0.392633 -1.580000 0.000000
vt 0.351187 -1.580000 0.000000
vt 0.309740 -1.580000 0.000000
vt 0.279144 -1.580000 0.000000
vt 0.248548 -1.580000 0.000000
vt 0.217480 -1.580000 0.000000
vt 0.186411 -1.580000 0.000000
vt 0.155343 -1.580000 0.000000
vt 0.124274 -1.580000 0.000000
vt 0.093206 -1.580000 0.000000
vt 0.866550 3.450774 0.000000
vt 0.841777 3.511122 0.000000
vt 0.500000 3.774550 0.000000
vt 0.831061 3.536018 0.000000
vt 0.818988 3.560238 0.000000
vt 0.805456 3.583678 0.000000
vt 0.790367 3.606234 0.000000
vt 0.773664 3.627748 0.000000
vt 0.755645 3.647753 0.000000
vt 0.736379 3.666214 0.000000
vt 0.715870 3.683193 0.000000
vt 0.694118 3.698752 0.000000
vt 0.671124 3.712955 0.000000
vt 0.646780 3.725918 0.000000
vt 0.532904 3.766928 0.000000
vt 0.620849 3.737780 0.000000
vt 0.563972 3.758269 0.000000
vt 0.593267 3.748559 0.000000
vt 0.500000 -0.100000 0.000000
vt 1.070210 3.043723 0.000000
vt 1.037939 3.100125 0.000000
vt 1.006711 3.157134 0.000000
vt 8.650000 -0.100000 0.000000
vt 4.858159 1.310000 0.000000
vt 4.091841 1.310000 0.000000
vt 4.026595 1.310608 0.000000
vt 8.650000 3.797845 0.000000
vt 7.811414 2.931627 0.000000
vt 7.775885 2.876901 0.000000
vt 7.739341 2.822844 0.000000
vt 8.599904 3.794844 0.000000
vt 8.188827 3.641926 0.000000
vt 8.165169 3.613726 0.000000
vt 8.143868 3.582593 0.000000
vt 8.214798 3.667258 0.000000
vt 8.551691 3.790419 0.000000
vt 8.505429 3.784451 0.000000
vt 8.243081 3.689873 0.000000
vt 8.461187 3.776824 0.000000
vt 8.419079 3.767432 0.000000
vt 8.379276 3.756182 0.000000
vt 8.273680 3.709925 0.000000
vt 8.306584 3.727566 0.000000
vt 8.341781 3.742939 0.000000
vt 8.124906 3.548438 0.000000
vt 8.108223 3.511122 0.000000
vt 8.083445 3.450761 0.000000
vt 8.057556 3.390896 0.000000
vt 8.030565 3.331541 0.000000
vt 8.002479 3.272713 0.000000
vt 7.973306 3.214425 0.000000
vt 7.943054 3.156693 0.000000
vt 7.911731 3.099533 0.000000
vt 7.879344 3.042958 0.000000
vt 7.845903 2.986984 0.000000
vt 7.701811 2.769499 0.000000
vt 7.663305 2.716879 0.000000
vt 7.623834 2.664996 0.000000
vt 7.583409 2.613865 0.000000
vt 7.542042 2.563498 0.000000
vt 7.499742 2.513908 0.000000
vt 7.456520 2.465108 0.000000
vt 7.412388 2.417112 0.000000
vt 7.367356 2.369933 0.000000
vt 7.321435 2.323583 0.000000
vt 7.274662 2.278101 0.000000
vt 7.227089 2.233536 0.000000
vt 7.178731 2.189896 0.000000
vt 7.129600 2.147191 0.000000
vt 7.079712 2.105431 0.000000
vt 7.029081 2.064624 0.000000
vt 6.977721 2.024780 0.000000
vt 6.925645 1.985908 0.000000
vt 6.872868 1.948019 0.000000
vt 6.819404 1.911120 0.000000
vt 6.765267 1.875221 0.000000
vt 6.710471 1.840332 0.000000
vt 6.655031 1.806462 0.000000
vt 6.598960 1.773620 0.000000
vt 6.542272 1.741815 0.000000
vt 6.484982 1.711058 0.000000
vt 6.427104 1.681357 0.000000
vt 6.368651 1.652721 0.000000
vt 6.309638 1.625160 0.000000
vt 6.250079 1.598683 0.000000
vt 6.189988 1.573300 0.000000
vt 6.129430 1.549039 0.000000
vt 6.068480 1.525929 0.000000
vt 6.007155 1.503974 0.000000
vt 5.945473 1.483178 0.000000
vt 5.883449 1.463543 0.000000
vt 5.821100 1.445072 0.000000
vt 5.758443 1.427770 0.000000
vt 5.695494 1.411638 0.000000
vt 5.632270 1.396682 0.000000
vt 5.568787 1.382903 0.000000
vt 5.505063 1.370305 0.000000
vt 5.441113 1.358891 0.000000
vt 5.376955 1.348665 0.000000
vt 5.312604 1.339629 0.000000
vt 5.248077 1.331788 0.000000
vt 5.183392 1.325144 0.000000
vt 5.118564 1.319701 0.000000
vt 5.053610 1.315462 0.000000
vt 4.988547 1.312430 0.000000
vt 4.923391 1.310608 0.000000
vt 3.961397 1.312432 0.000000
vt 3.896265 1.315469 0.000000
vt 3.831214 1.319717 0.000000
vt 3.766262 1.325176 0.000000
vt 3.701426 1.331843 0.000000
vt 3.636723 1.339717 0.000000
vt 3.572170 1.348795 0.000000
vt 3.507783 1.359076 0.000000
vt 3.443580 1.370559 0.000000
vt 3.379576 1.383241 0.000000
vt 3.315818 1.397114 0.000000
vt 3.252355 1.412168 0.000000
vt 3.189202 1.428396 0.000000
vt 3.126377 1.445795 0.000000
vt 3.063895 1.464357 0.000000
vt 3.001772 1.484079 0.000000
vt 2.940026 1.504955 0.000000
vt 2.878671 1.526980 0.000000
vt 2.817725 1.550149 0.000000
vt 2.757203 1.574457 0.000000
vt 2.697121 1.599898 0.000000
vt 2.637530 1.626452 0.000000
vt 2.578492 1.654089 0.000000
vt 2.520022 1.682800 0.000000
vt 2.462134 1.712573 0.000000
vt 2.404842 1.743401 0.000000
vt 2.348159 1.775273 0.000000
vt 2.292100 1.808180 0.000000
vt 2.236679 1.842111 0.000000
vt 2.181909 1.877058 0.000000
vt 2.127804 1.913011 0.000000
vt 2.074378 1.949959 0.000000
vt 2.021646 1.987894 0.000000
vt 1.969620 2.026806 0.000000
vt 1.918315 2.066686 0.000000
vt 1.867744 2.107522 0.000000
vt 1.817922 2.149307 0.000000
vt 1.768863 2.192030 0.000000
vt 1.720580 2.235681 0.000000
vt 1.673087 2.280252 0.000000
vt 1.626398 2.325732 0.000000
vt 1.580527 2.372112 0.000000
vt 1.535524 2.419342 0.000000
vt 1.491446 2.467364 0.000000
vt 1.448301 2.516161 0.000000
vt 1.406099 2.565721 0.000000
vt 1.364848 2.616030 0.000000
vt 1.324559 2.667072 0.000000
vt 1.285239 2.718833 0.000000
vt 1.246899 2.771300 0.000000
vt 1.209548 2.824459 0.000000
vt 1.173194 2.878295 0.000000
vt 1.137847 2.932793 0.000000
vt 1.103516 2.987941 0.000000
vt 0.976536 3.214735 0.000000
vt 0.947424 3.272913 0.000000
vt 0.919382 3.331655 0.000000
vt 0.892421 3.390947 0.000000
vt -3.781973 0.353012 0.000000
vt -2.825000 0.346499 0.000000
vt -3.774550 0.392699 0.000000
vt -1.850000 0.346499 0.000000
vt 0.100000 0.392699 0.000000
vt -0.875000 0.346499 0.000000
vt 0.100000 0.346499 0.000000
vt 0.100000 0.300299 0.000000
vt -0.875000 0.300299 0.000000
vt 0.100000 0.254099 0.000000
vt -0.875000 0.254099 0.000000
vt 0.100000 0.207900 0.000000
vt -0.875000 0.207900 0.000000
vt 0.100000 0.161700 0.000000
vt -0.875000 0.161700 0.000000
vt 0.100000 0.115500 0.000000
vt -0.875000 0.115500 0.000000
vt 0.100000 0.069300 0.000000
vt -0.875000 0.069300 0.000000
vt 0.100000 0.023100 0.000000
vt -0.875000 0.023100 0.000000
vt 0.100000 -0.023100 0.000000
vt -0.875000 -0.023100 0.000000
vt 0.100000 -0.069300 0.000000
vt -0.875000 -0.069300 0.000000
vt 0.100000 -0.115500 0.000000
vt -0.875000 -0.115500 0.000000
vt 0.100000 -0.161700 0.000000
vt -0.875000 -0.161700 0.000000
vt 0.100000 -0.207900 0.000000
vt -0.875000 -0.207900 0.000000
vt 0.100000 -0.254099 0.000000
vt -0.875000 -0.254099 0.000000
vt -0.875000 -0.300217 0.000000
vt -1.850000 -0.300134 0.000000
vt -1.850000 -0.346417 0.000000
vt -2.825000 -0.346376 0.000000
vt -3.800000 -0.392699 0.000000
vt -3.800000 -0.346334 0.000000
vt -2.825000 -0.300052 0.000000
vt -3.800000 -0.299970 0.000000
vt -2.825000 -0.254099 0.000000
vt -3.800000 -0.253605 0.000000
vt -2.825000 -0.207900 0.000000
vt -3.800000 -0.207240 0.000000
vt -2.825000 -0.161700 0.000000
vt -3.800000 -0.160875 0.000000
vt -2.825000 -0.115500 0.000000
vt -3.800000 -0.114511 0.000000
vt -2.825000 -0.069300 0.000000
vt -3.800000 -0.068146 0.000000
vt -2.825000 -0.023100 0.000000
vt -3.800000 -0.021781 0.000000
vt -2.825000 0.023100 0.000000
vt -3.800000 0.024584 0.000000
vt -2.825000 0.069300 0.000000
vt -3.800000 0.070949 0.000000
vt -3.799785 0.111480 0.000000
vt -2.825000 0.115500 0.000000
vt -3.799041 0.151920 0.000000
vt -2.825000 0.161700 0.000000
vt -3.797620 0.192329 0.000000
vt -2.825000 0.207900 0.000000
vt -3.795374 0.232762 0.000000
vt -2.825000 0.254099 0.000000
vt -3.792157 0.273071 0.000000
vt -2.825000 0.300299 0.000000
vt -3.787766 0.313143 0.000000
vt 0.100000 -0.392699 0.000000
vt -0.875000 -0.346458 0.000000
vt 0.100000 -0.300299 0.000000
vt 0.100000 -0.346499 0.000000
vt -1.850000 0.300299 0.000000
vt -1.850000 0.254099 0.000000
vt -1.850000 0.207900 0.000000
vt -1.850000 0.161700 0.000000
vt -1.850000 0.115500 0.000000
vt -1.850000 0.069300 0.000000
vt -1.850000 0.023100 0.000000
vt -1.850000 -0.023100 0.000000
vt -1.850000 -0.069300 0.000000
vt -1.850000 -0.115500 0.000000
vt -1.850000 -0.161700 0.000000
vt -1.850000 -0.207900 0.000000
vt -1.850000 -0.254099 0.000000
vt -4.375000 -3.100000 0.000000
vt -4.375000 -2.320000 0.000000
vt -4.410750 -3.070502 0.000000
vt -4.443615 -3.037821 0.000000
vt -4.375000 2.320000 0.000000
vt -4.443615 3.037821 0.000000
vt -4.410750 3.070502 0.000000
vt -4.375000 3.100000 0.000000
vt -4.473312 -3.002237 0.000000
vt -4.473312 3.002237 0.000000
vt -4.499587 -2.964057 0.000000
vt -4.499587 2.964057 0.000000
vt -4.522214 -2.923607 0.000000
vt -4.522214 2.923607 0.000000
vt -4.540997 -2.881236 0.000000
vt -4.540997 2.881236 0.000000
vt -4.555777 -2.837307 0.000000
vt -4.555777 2.837307 0.000000
vt -4.575000 -2.700000 0.000000
vt -4.575000 2.700000 0.000000
vt -4.566426 2.792199 0.000000
vt -4.572852 2.746298 0.000000
vt -4.572852 -2.746298 0.000000
vt -4.566426 -2.792199 0.000000
vt -3.800000 -0.024584 0.000000
vt -3.800000 -0.070949 0.000000
vt -2.825000 -0.069300 0.000000
vt -3.799787 -0.111455 0.000000
vt -2.825000 -0.115500 0.000000
vt -3.799047 -0.151857 0.000000
vt -2.825000 -0.161700 0.000000
vt -3.797631 -0.192214 0.000000
vt -2.825000 -0.207900 0.000000
vt -3.795387 -0.232580 0.000000
vt -2.825000 -0.254099 0.000000
vt -3.792164 -0.272918 0.000000
vt -2.825000 -0.300299 0.000000
vt -3.787764 -0.313056 0.000000
vt -2.825000 -0.346499 0.000000
vt -3.781963 -0.353018 0.000000
vt 0.100000 -0.392699 0.000000
vt -3.774550 -0.392699 0.000000
vt 0.100000 -0.346499 0.000000
vt -0.875000 -0.346499 0.000000
vt -1.850000 -0.346499 0.000000
vt -0.875000 -0.300299 0.000000
vt 0.100000 -0.300299 0.000000
vt -0.875000 -0.254099 0.000000
vt 0.100000 -0.254099 0.000000
vt -0.875000 -0.207900 0.000000
vt 0.100000 -0.207900 0.000000
vt -0.875000 -0.161700 0.000000
vt 0.100000 -0.161700 0.000000
vt -0.875000 -0.115500 0.000000
vt 0.100000 -0.115500 0.000000
vt -0.875000 -0.069300 0.000000
vt 0.100000 -0.069300 0.000000
vt -0.875000 -0.023100 0.000000
vt 0.100000 -0.023100 0.000000
vt -0.875000 0.023100 0.000000
vt 0.100000 0.023100 0.000000
vt -0.875000 0.069300 0.000000
vt 0.100000 0.069300 0.000000
vt -0.875000 0.115500 0.000000
vt 0.100000 0.115500 0.000000
vt -0.875000 0.161700 0.000000
vt 0.100000 0.161700 0.000000
vt -0.875000 0.207900 0.000000
vt 0.100000 0.207900 0.000000
vt -0.875000 0.254099 0.000000
vt 0.100000 0.254099 0.000000
vt -0.875000 0.300217 0.000000
vt 0.100000 0.300299 0.000000
vt -0.875000 0.346458 0.000000
vt 0.100000 0.346499 0.000000
vt -3.800000 0.392699 0.000000
vt 0.100000 0.392699 0.000000
vt -3.800000 0.346334 0.000000
vt -2.825000 0.346376 0.000000
vt -1.850000 0.346417 0.000000
vt -2.825000 0.300052 0.000000
vt -3.800000 0.299970 0.000000
vt -2.825000 0.254099 0.000000
vt -3.800000 0.253605 0.000000
vt -2.825000 0.207900 0.000000
vt -3.800000 0.207240 0.000000
vt -2.825000 0.161700 0.000000
vt -3.800000 0.160875 0.000000
vt -2.825000 0.115500 0.000000
vt -3.800000 0.114511 0.000000
vt -2.825000 0.069300 0.000000
vt -3.800000 0.068146 0.000000
vt -2.825000 0.023100 0.000000
vt -3.800000 0.021781 0.000000
vt -2.825000 -0.023100 0.000000
vt -1.850000 -0.069300 0.000000
vt -1.850000 -0.115500 0.000000
vt -1.850000 -0.161700 0.000000
vt -1.850000 -0.207900 0.000000
vt -1.850000 -0.254099 0.000000
vt -1.850000 -0.300299 0.000000
vt -1.850000 -0.023100 0.000000
vt -1.850000 0.023100 0.000000
vt -1.850000 0.069300 0.000000
vt -1.850000 0.115500 0.000000
vt -1.850000 0.161700 0.000000
vt -1.850000 0.207900 0.000000
vt -1.850000 0.254099 0.000000
vt -1.850000 0.300134 0.000000
vt 5.123391 1.310608 0.000000
vt 5.058159 1.310000 0.000000
vt 8.650000 -0.100000 0.000000
vt 4.291841 1.310000 0.000000
vt 0.500000 -0.100000 0.000000
vt 4.226595 1.310608 0.000000
vt 4.161397 1.312432 0.000000
vt 4.096265 1.315469 0.000000
vt 4.031214 1.319717 0.000000
vt 3.966262 1.325176 0.000000
vt 3.901426 1.331843 0.000000
vt 3.836723 1.339717 0.000000
vt 3.772170 1.348795 0.000000
vt 3.707783 1.359076 0.000000
vt 3.643580 1.370559 0.000000
vt 3.579576 1.383241 0.000000
vt 3.515818 1.397114 0.000000
vt 3.452355 1.412168 0.000000
vt 3.389202 1.428396 0.000000
vt 3.326377 1.445795 0.000000
vt 3.263895 1.464357 0.000000
vt 3.201772 1.484079 0.000000
vt 3.140026 1.504955 0.000000
vt 3.078671 1.526980 0.000000
vt 3.017725 1.550149 0.000000
vt 2.957203 1.574457 0.000000
vt 2.897121 1.599898 0.000000
vt 2.837530 1.626452 0.000000
vt 2.778492 1.654089 0.000000
vt 2.720022 1.682800 0.000000
vt 2.662134 1.712573 0.000000
vt 2.604842 1.743401 0.000000
vt 2.548159 1.775273 0.000000
vt 2.492100 1.808180 0.000000
vt 2.436679 1.842111 0.000000
vt 2.381909 1.877058 0.000000
vt 2.327804 1.913011 0.000000
vt 2.274378 1.949959 0.000000
vt 2.221646 1.987894 0.000000
vt 2.169620 2.026806 0.000000
vt 2.118315 2.066686 0.000000
vt 2.067744 2.107522 0.000000
vt 2.017922 2.149307 0.000000
vt 1.968863 2.192030 0.000000
vt 1.920580 2.235681 0.000000
vt 1.873087 2.280252 0.000000
vt 1.826398 2.325732 0.000000
vt 1.780527 2.372112 0.000000
vt 1.735524 2.419342 0.000000
vt 1.691446 2.467364 0.000000
vt 1.648301 2.516161 0.000000
vt 1.606099 2.565721 0.000000
vt 1.564848 2.616030 0.000000
vt 1.524559 2.667072 0.000000
vt 1.485239 2.718833 0.000000
vt 1.446899 2.771300 0.000000
vt 1.409548 2.824459 0.000000
vt 1.373194 2.878295 0.000000
vt 1.337847 2.932793 0.000000
vt 0.500000 3.797845 0.000000
vt 1.303516 2.987941 0.000000
vt 1.270210 3.043723 0.000000
vt 1.237939 3.100125 0.000000
vt 1.206711 3.157134 0.000000
vt 1.176536 3.214735 0.000000
vt 1.147424 3.272913 0.000000
vt 1.119382 3.331655 0.000000
vt 1.092421 3.390947 0.000000
vt 1.066550 3.450774 0.000000
vt 1.041777 3.511122 0.000000
vt 1.027102 3.544364 0.000000
vt 1.010632 3.575123 0.000000
vt 0.992037 3.603897 0.000000
vt 0.971132 3.630741 0.000000
vt 0.947770 3.655628 0.000000
vt 0.557875 3.794236 0.000000
vt 0.921811 3.678527 0.000000
vt 0.611810 3.788860 0.000000
vt 0.893262 3.699320 0.000000
vt 0.661964 3.781695 0.000000
vt 0.862075 3.718002 0.000000
vt 0.708495 3.772720 0.000000
vt 0.828141 3.734625 0.000000
vt 0.751564 3.761912 0.000000
vt 0.791350 3.749242 0.000000
vt 8.650000 3.774550 0.000000
vt 8.079344 3.042958 0.000000
vt 8.045903 2.986984 0.000000
vt 8.011414 2.931627 0.000000
vt 8.617817 3.767111 0.000000
vt 8.506085 3.727320 0.000000
vt 8.482072 3.714770 0.000000
vt 8.459234 3.700955 0.000000
vt 8.531585 3.738801 0.000000
vt 8.587392 3.758682 0.000000
vt 8.558668 3.749251 0.000000
vt 8.437529 3.685777 0.000000
vt 8.416973 3.669162 0.000000
vt 8.397585 3.651042 0.000000
vt 8.379382 3.631344 0.000000
vt 8.362480 3.610138 0.000000
vt 8.346964 3.587541 0.000000
vt 8.332783 3.563524 0.000000
vt 8.319887 3.538061 0.000000
vt 8.308223 3.511122 0.000000
vt 8.283445 3.450761 0.000000
vt 8.257556 3.390896 0.000000
vt 8.230565 3.331541 0.000000
vt 8.202479 3.272713 0.000000
vt 8.173306 3.214425 0.000000
vt 8.143054 3.156693 0.000000
vt 8.111731 3.099533 0.000000
vt 7.975885 2.876901 0.000000
vt 7.939341 2.822844 0.000000
vt 7.901811 2.769499 0.000000
vt 7.863305 2.716879 0.000000
vt 7.823834 2.664996 0.000000
vt 7.783409 2.613865 0.000000
vt 7.742042 2.563498 0.000000
vt 7.699742 2.513908 0.000000
vt 7.656520 2.465108 0.000000
vt 7.612388 2.417112 0.000000
vt 7.567356 2.369933 0.000000
vt 7.521435 2.323583 0.000000
vt 7.474662 2.278101 0.000000
vt 7.427089 2.233536 0.000000
vt 7.378731 2.189896 0.000000
vt 7.329600 2.147191 0.000000
vt 7.279712 2.105431 0.000000
vt 7.229081 2.064624 0.000000
vt 7.177721 2.024780 0.000000
vt 7.125645 1.985908 0.000000
vt 7.072868 1.948019 0.000000
vt 7.019404 1.911120 0.000000
vt 6.965267 1.875221 0.000000
vt 6.910471 1.840332 0.000000
vt 6.855031 1.806462 0.000000
vt 6.798960 1.773620 0.000000
vt 6.742272 1.741815 0.000000
vt 6.684982 1.711058 0.000000
vt 6.627104 1.681357 0.000000
vt 6.568651 1.652721 0.000000
vt 6.509638 1.625160 0.000000
vt 6.450079 1.598683 0.000000
vt 6.389988 1.573300 0.000000
vt 6.329430 1.549039 0.000000
vt 6.268480 1.525929 0.000000
vt 6.207155 1.503974 0.000000
vt 6.145473 1.483178 0.000000
vt 6.083449 1.463543 0.000000
vt 6.021100 1.445072 0.000000
vt 5.958443 1.427770 0.000000
vt 5.895494 1.411638 0.000000
vt 5.832270 1.396682 0.000000
vt 5.768787 1.382903 0.000000
vt 5.705063 1.370305 0.000000
vt 5.641113 1.358891 0.000000
vt 5.576955 1.348665 0.000000
vt 5.512604 1.339629 0.000000
vt 5.448077 1.331788 0.000000
vt 5.383392 1.325144 0.000000
vt 5.318564 1.319701 0.000000
vt 5.253610 1.315462 0.000000
vt 5.188547 1.312430 0.000000
vt 3.442248 0.029852 0.000000
vt 3.511122 0.058290 0.000000
vt 2.636667 0.058176 0.000000
vt 3.540332 0.071085 0.000000
vt 3.568574 0.085812 0.000000
vt 2.636667 0.115743 0.000000
vt 3.595656 0.102643 0.000000
vt 3.621234 0.121623 0.000000
vt 3.644720 0.142430 0.000000
vt 2.636667 0.173614 0.000000
vt 1.473333 0.173614 0.000000
vt 1.473333 0.231486 0.000000
vt 0.310000 0.219911 0.000000
vt 0.310000 0.274889 0.000000
vt 1.473333 0.289357 0.000000
vt 0.310000 0.329867 0.000000
vt 1.473333 0.347229 0.000000
vt 0.310000 0.384845 0.000000
vt 1.473333 0.405100 0.000000
vt 0.310000 0.439823 0.000000
vt 1.473333 0.462972 0.000000
vt 0.310000 0.494801 0.000000
vt 1.473333 0.520843 0.000000
vt 0.310000 0.549779 0.000000
vt 1.473333 0.578714 0.000000
vt 0.310000 0.604757 0.000000
vt 1.473333 0.636586 0.000000
vt 0.310000 0.659734 0.000000
vt 1.473333 0.694457 0.000000
vt 0.310000 0.714712 0.000000
vt 1.473333 0.752329 0.000000
vt 0.310000 0.769690 0.000000
vt 1.473333 0.810200 0.000000
vt 0.310000 0.824668 0.000000
vt 1.473333 0.868072 0.000000
vt 0.310000 0.879646 0.000000
vt 1.473333 0.925943 0.000000
vt 0.310000 0.934624 0.000000
vt 1.473333 0.983815 0.000000
vt 0.310000 0.989602 0.000000
vt 1.473333 1.041686 0.000000
vt 0.310000 1.044580 0.000000
vt 0.310000 1.099557 0.000000
vt 2.636667 1.041686 0.000000
vt 3.800000 1.060135 0.000000
vt 3.799996 1.020711 0.000000
vt 2.636667 0.983815 0.000000
vt 3.799981 0.981298 0.000000
vt 3.799939 0.941883 0.000000
vt 2.636667 0.925943 0.000000
vt 3.799852 0.902479 0.000000
vt 2.636667 0.868072 0.000000
vt 3.799693 0.863117 0.000000
vt 3.799418 0.823768 0.000000
vt 2.636667 0.810200 0.000000
vt 3.798988 0.784400 0.000000
vt 2.636667 0.752329 0.000000
vt 3.798364 0.745013 0.000000
vt 3.797490 0.705705 0.000000
vt 2.636667 0.694457 0.000000
vt 3.796273 0.666464 0.000000
vt 2.636667 0.636586 0.000000
vt 3.794616 0.627268 0.000000
vt 3.792421 0.588095 0.000000
vt 2.636667 0.578714 0.000000
vt 3.789598 0.549019 0.000000
vt 2.636667 0.520843 0.000000
vt 3.786083 0.510831 0.000000
vt 3.781769 0.473693 0.000000
vt 2.636667 0.462972 0.000000
vt 3.776537 0.437596 0.000000
vt 2.636667 0.405100 0.000000
vt 3.770271 0.402550 0.000000
vt 3.762851 0.368579 0.000000
vt 2.636667 0.347229 0.000000
vt 3.754152 0.335715 0.000000
vt 3.744008 0.303984 0.000000
vt 2.636667 0.289357 0.000000
vt 3.732247 0.273432 0.000000
vt 2.636667 0.231486 0.000000
vt 3.718698 0.244119 0.000000
vt 3.703187 0.216120 0.000000
vt 3.685622 0.189633 0.000000
vt 3.666155 0.165080 0.000000
vt 3.800000 1.099557 0.000000
vt 0.310000 0.164934 0.000000
vt 1.473333 0.115743 0.000000
vt 0.310000 0.109956 0.000000
vt 1.473333 0.058024 0.000000
vt 3.373981 -0.000000 0.000000
vt 0.310000 0.054978 0.000000
vt 0.310000 0.000000 0.000000
vt 4.175000 -3.189898 0.000000
vt 4.219247 -3.178741 0.000000
vt 4.175000 -2.320000 0.000000
vt 4.262293 -3.163596 0.000000
vt 4.303778 -3.144590 0.000000
vt 4.343359 -3.121881 0.000000
vt 4.303778 3.144590 0.000000
vt 4.175000 2.320000 0.000000
vt 4.343359 3.121881 0.000000
vt 4.380703 -3.095658 0.000000
vt 4.380703 3.095658 0.000000
vt 4.415502 -3.066140 0.000000
vt 4.415502 3.066140 0.000000
vt 4.447465 -3.033572 0.000000
vt 4.447465 3.033572 0.000000
vt 4.476325 -2.998225 0.000000
vt 4.476325 2.998225 0.000000
vt 4.501843 -2.960395 0.000000
vt 4.501843 2.960395 0.000000
vt 4.523805 -2.920395 0.000000
vt 4.523805 2.920395 0.000000
vt 4.575000 -2.700000 0.000000
vt 4.575000 2.700000 0.000000
vt 4.542029 -2.878560 0.000000
vt 4.556363 -2.835238 0.000000
vt 4.566688 -2.790789 0.000000
vt 4.572918 -2.745585 0.000000
vt 4.572918 2.745585 0.000000
vt 4.566688 2.790789 0.000000
vt 4.556363 2.835238 0.000000
vt 4.542029 2.878560 0.000000
vt 4.262293 3.163596 0.000000
vt 4.219247 3.178741 0.000000
vt 4.175000 3.189898 0.000000
vt 3.799878 0.317260 0.000000
vt 2.825000 0.300299 0.000000
vt 3.800000 0.292020 0.000000
vt 2.825000 0.254099 0.000000
vt 3.800000 0.246372 0.000000
vt 2.825000 0.207900 0.000000
vt 3.800000 0.200724 0.000000
vt 2.825000 0.161700 0.000000
vt 3.800000 0.155076 0.000000
vt 2.825000 0.115500 0.000000
vt 3.800000 0.109428 0.000000
vt 2.825000 0.069300 0.000000
vt 3.800000 0.063780 0.000000
vt 2.825000 0.023100 0.000000
vt 3.800000 0.018132 0.000000
vt 2.825000 -0.023100 0.000000
vt 3.800000 -0.027516 0.000000
vt 2.825000 -0.069300 0.000000
vt 3.800000 -0.073163 0.000000
vt 2.825000 -0.115500 0.000000
vt 3.800000 -0.118811 0.000000
vt 2.825000 -0.161700 0.000000
vt 3.800000 -0.164459 0.000000
vt 2.825000 -0.207900 0.000000
vt 3.800000 -0.210107 0.000000
vt 2.825000 -0.254099 0.000000
vt 3.800000 -0.255755 0.000000
vt 2.825000 -0.300299 0.000000
vt 3.800000 -0.301403 0.000000
vt 2.825000 -0.346499 0.000000
vt 3.800000 -0.347051 0.000000
vt 3.800000 -0.392699 0.000000
vt 1.850000 -0.346499 0.000000
vt -0.100000 -0.392699 0.000000
vt 0.875000 -0.346499 0.000000
vt -0.100000 -0.346499 0.000000
vt -0.100000 -0.300299 0.000000
vt 0.875000 -0.300299 0.000000
vt -0.100000 -0.254099 0.000000
vt 0.875000 -0.254099 0.000000
vt -0.100000 -0.207900 0.000000
vt 0.875000 -0.207900 0.000000
vt -0.100000 -0.161700 0.000000
vt 0.875000 -0.161700 0.000000
vt -0.100000 -0.115500 0.000000
vt 0.875000 -0.115500 0.000000
vt -0.100000 -0.069300 0.000000
vt 0.875000 -0.069300 0.000000
vt -0.100000 -0.023100 0.000000
vt 0.875000 -0.023100 0.000000
vt -0.100000 0.023100 0.000000
vt 0.875000 0.023100 0.000000
vt -0.100000 0.069300 0.000000
vt 0.875000 0.069300 0.000000
vt -0.100000 0.115500 0.000000
vt 0.875000 0.115500 0.000000
vt -0.100000 0.161700 0.000000
vt 0.875000 0.161700 0.000000
vt -0.100000 0.207900 0.000000
vt 0.875000 0.207900 0.000000
vt -0.100000 0.254099 0.000000
vt 0.875000 0.254099 0.000000
vt -0.100000 0.300299 0.000000
vt 0.875000 0.300299 0.000000
vt -0.100000 0.346499 0.000000
vt 0.875000 0.346499 0.000000
vt -0.100000 0.392699 0.000000
vt 1.850000 0.346499 0.000000
vt 3.798826 0.367584 0.000000
vt 2.825000 0.346499 0.000000
vt 3.799495 0.342443 0.000000
vt 3.797845 0.392699 0.000000
vt 1.850000 0.254099 0.000000
vt 1.850000 0.300299 0.000000
vt 1.850000 0.207900 0.000000
vt 1.850000 0.161700 0.000000
vt 1.850000 0.115500 0.000000
vt 1.850000 0.069300 0.000000
vt 1.850000 0.023100 0.000000
vt 1.850000 -0.023100 0.000000
vt 1.850000 -0.069300 0.000000
vt 1.850000 -0.115500 0.000000
vt 1.850000 -0.161700 0.000000
vt 1.850000 -0.207900 0.000000
vt 1.850000 -0.254099 0.000000
vt 1.850000 -0.300299 0.000000
vt 0.641310 -4.527574 0.000000
vt 0.599864 -4.600000 0.000000
vt 0.641310 -4.710000 0.000000
vt 0.599864 -4.655000 0.000000
vt 0.605747 -4.710000 0.000000
vt 0.569933 -4.710000 0.000000
vt 0.558418 -4.655000 0.000000
vt 0.533428 -4.710000 0.000000
vt 0.516972 -4.655000 0.000000
vt 0.496230 -4.710000 0.000000
vt 0.475525 -4.655000 0.000000
vt 0.458455 -4.710000 0.000000
vt 0.434079 -4.655000 0.000000
vt 0.420242 -4.710000 0.000000
vt 0.392633 -4.655000 0.000000
vt 0.381928 -4.710000 0.000000
vt 0.351187 -4.655000 0.000000
vt 0.343723 -4.710000 0.000000
vt 0.309740 -4.655000 0.000000
vt 0.305743 -4.710000 0.000000
vt 0.279144 -4.655000 0.000000
vt 0.268102 -4.710000 0.000000
vt 0.248548 -4.655000 0.000000
vt 0.230886 -4.710000 0.000000
vt 0.217480 -4.655000 0.000000
vt 0.194060 -4.710000 0.000000
vt 0.186411 -4.655000 0.000000
vt 0.157712 -4.710000 0.000000
vt 0.155343 -4.655000 0.000000
vt 0.121946 -4.710000 0.000000
vt 0.124274 -4.655000 0.000000
vt 0.093206 -4.655000 0.000000
vt 0.093206 -4.600000 0.000000
vt 0.062137 -4.600000 0.000000
vt 0.062137 -4.545000 0.000000
vt 0.046603 -4.545000 0.000000
vt 0.046603 -4.490000 0.000000
vt 0.031069 -4.490000 0.000000
vt 0.031069 -4.380000 0.000000
vt 0.015534 -4.380000 0.000000
vt 0.015534 -4.270000 0.000000
vt 0.000000 -4.699898 0.000000
vt 0.009527 -3.993079 0.000000
vt 0.005337 -3.952805 0.000000
vt 0.609526 -4.526364 0.000000
vt 0.599864 -4.545000 0.000000
vt 0.576894 -4.524693 0.000000
vt 0.543655 -4.522462 0.000000
vt 0.558418 -4.545000 0.000000
vt 0.558418 -4.600000 0.000000
vt 0.510010 -4.519516 0.000000
vt 0.516972 -4.545000 0.000000
vt 0.516972 -4.600000 0.000000
vt 0.476061 -4.515666 0.000000
vt 0.475525 -4.545000 0.000000
vt 0.475525 -4.600000 0.000000
vt 0.441921 -4.510724 0.000000
vt 0.434079 -4.545000 0.000000
vt 0.407867 -4.504523 0.000000
vt 0.392633 -4.545000 0.000000
vt 0.374988 -4.497052 0.000000
vt 0.351187 -4.545000 0.000000
vt 0.343543 -4.488255 0.000000
vt 0.309740 -4.545000 0.000000
vt 0.313589 -4.478057 0.000000
vt 0.309740 -4.490000 0.000000
vt 0.285156 -4.466384 0.000000
vt 0.279144 -4.490000 0.000000
vt 0.279144 -4.545000 0.000000
vt 0.248548 -4.490000 0.000000
vt 0.248548 -4.545000 0.000000
vt 0.217480 -4.490000 0.000000
vt 0.217480 -4.545000 0.000000
vt 0.186411 -4.490000 0.000000
vt 0.186411 -4.545000 0.000000
vt 0.155343 -4.490000 0.000000
vt 0.155343 -4.545000 0.000000
vt 0.124274 -4.490000 0.000000
vt 0.124274 -4.545000 0.000000
vt 0.093206 -4.490000 0.000000
vt 0.093206 -4.545000 0.000000
vt 0.062137 -4.490000 0.000000
vt 0.258164 -4.453121 0.000000
vt 0.232463 -4.438111 0.000000
vt 0.208079 -4.421282 0.000000
vt 0.185030 -4.402567 0.000000
vt 0.163317 -4.381894 0.000000
vt 0.155343 -4.380000 0.000000
vt 0.142936 -4.359195 0.000000
vt 0.124274 -4.380000 0.000000
vt 0.123877 -4.334403 0.000000
vt 0.093206 -4.380000 0.000000
vt 0.106252 -4.307660 0.000000
vt 0.090089 -4.279091 0.000000
vt 0.075338 -4.248717 0.000000
vt 0.062137 -4.270000 0.000000
vt 0.062137 -4.380000 0.000000
vt 0.061953 -4.216561 0.000000
vt 0.046603 -4.270000 0.000000
vt 0.046603 -4.380000 0.000000
vt 0.049897 -4.182645 0.000000
vt 0.039140 -4.146990 0.000000
vt 0.031069 -4.270000 0.000000
vt 0.029706 -4.109819 0.000000
vt 0.021666 -4.071699 0.000000
vt 0.015534 -4.050000 0.000000
vt 0.014958 -4.032752 0.000000
vt 0.002366 -3.912113 0.000000
vt 0.000590 -3.871127 0.000000
vt 0.000000 -3.830000 0.000000
vt 0.012333 -4.704318 0.000000
vt 0.015534 -4.655000 0.000000
vt 0.015534 -4.600000 0.000000
vt 0.015534 -4.545000 0.000000
vt 0.031069 -4.600000 0.000000
vt 0.031069 -4.545000 0.000000
vt 0.046603 -4.600000 0.000000
vt 0.025194 -4.707475 0.000000
vt 0.031069 -4.655000 0.000000
vt 0.038593 -4.709369 0.000000
vt 0.046603 -4.655000 0.000000
vt 0.052539 -4.710000 0.000000
vt 0.062137 -4.655000 0.000000
vt 0.086859 -4.710000 0.000000
vt 0.015534 -4.490000 0.000000
vt 0.434079 -4.600000 0.000000
vt 0.392633 -4.600000 0.000000
vt 0.351187 -4.600000 0.000000
vt 0.309740 -4.600000 0.000000
vt 0.279144 -4.600000 0.000000
vt 0.248548 -4.600000 0.000000
vt 0.217480 -4.600000 0.000000
vt 0.186411 -4.600000 0.000000
vt 0.155343 -4.600000 0.000000
vt 0.124274 -4.600000 0.000000
vt -3.798827 0.367572 0.000000
vt -2.825000 0.346499 0.000000
vt -3.797845 0.392699 0.000000
vt -1.850000 0.346499 0.000000
vt 0.100000 0.392699 0.000000
vt -0.875000 0.346499 0.000000
vt 0.100000 0.346499 0.000000
vt 0.100000 0.300299 0.000000
vt -0.875000 0.300299 0.000000
vt 0.100000 0.254099 0.000000
vt -0.875000 0.254099 0.000000
vt 0.100000 0.207900 0.000000
vt -0.875000 0.207900 0.000000
vt 0.100000 0.161700 0.000000
vt -0.875000 0.161700 0.000000
vt 0.100000 0.115500 0.000000
vt -0.875000 0.115500 0.000000
vt 0.100000 0.069300 0.000000
vt -0.875000 0.069300 0.000000
vt 0.100000 0.023100 0.000000
vt -0.875000 0.023100 0.000000
vt 0.100000 -0.023100 0.000000
vt -0.875000 -0.023100 0.000000
vt 0.100000 -0.069300 0.000000
vt -0.875000 -0.069300 0.000000
vt 0.100000 -0.115500 0.000000
vt -0.875000 -0.115500 0.000000
vt 0.100000 -0.161700 0.000000
vt -0.875000 -0.161700 0.000000
vt 0.100000 -0.207900 0.000000
vt -0.875000 -0.207900 0.000000
vt 0.100000 -0.254099 0.000000
vt -0.875000 -0.254099 0.000000
vt 0.100000 -0.300299 0.000000
vt -0.875000 -0.300299 0.000000
vt 0.100000 -0.346499 0.000000
vt -0.875000 -0.346499 0.000000
vt 0.100000 -0.392699 0.000000
vt -1.850000 -0.346499 0.000000
vt -2.825000 -0.346499 0.000000
vt -2.825000 -0.300299 0.000000
vt -3.800000 -0.301403 0.000000
vt -3.800000 -0.255755 0.000000
vt -2.825000 -0.254099 0.000000
vt -3.800000 -0.210107 0.000000
vt -2.825000 -0.207900 0.000000
vt -3.800000 -0.164459 0.000000
vt -2.825000 -0.161700 0.000000
vt -3.800000 -0.118811 0.000000
vt -2.825000 -0.115500 0.000000
vt -3.800000 -0.073163 0.000000
vt -2.825000 -0.069300 0.000000
vt -3.800000 -0.027516 0.000000
vt -2.825000 -0.023100 0.000000
vt -3.800000 0.018132 0.000000
vt -2.825000 0.023100 0.000000
vt -3.800000 0.063780 0.000000
vt -2.825000 0.069300 0.000000
vt -3.800000 0.109428 0.000000
vt -2.825000 0.115500 0.000000
vt -3.800000 0.155076 0.000000
vt -2.825000 0.161700 0.000000
vt -3.800000 0.200724 0.000000
vt -2.825000 0.207900 0.000000
vt -3.800000 0.246372 0.000000
vt -2.825000 0.254099 0.000000
vt -3.800000 0.292020 0.000000
vt -2.825000 0.300299 0.000000
vt -3.799878 0.317248 0.000000
vt -3.799496 0.342426 0.000000
vt -3.800000 -0.347051 0.000000
vt -3.800000 -0.392699 0.000000
vt -1.850000 0.300299 0.000000
vt -1.850000 0.254099 0.000000
vt -1.850000 0.207900 0.000000
vt -1.850000 0.161700 0.000000
vt -1.850000 0.115500 0.000000
vt -1.850000 0.069300 0.000000
vt -1.850000 0.023100 0.000000
vt -1.850000 -0.023100 0.000000
vt -1.850000 -0.069300 0.000000
vt -1.850000 -0.115500 0.000000
vt -1.850000 -0.161700 0.000000
vt -1.850000 -0.207900 0.000000
vt -1.850000 -0.254099 0.000000
vt -1.850000 -0.300299 0.000000
vt 0.100000 -1.522464 0.000000
vt 0.000000 -1.522464 0.000000
vt 0.100000 -1.570796 0.000000
vt 0.000000 -1.570796 0.000000
vt 0.100000 1.570796 0.000000
vt 0.000000 1.570796 0.000000
vt 0.100000 1.522464 0.000000
vt 0.000000 1.522464 0.000000
vt 0.100000 1.474132 0.000000
vt 0.000000 1.474132 0.000000
vt 0.100000 1.425800 0.000000
vt 0.000000 1.425800 0.000000
vt 0.100000 1.377468 0.000000
vt 0.000000 1.377468 0.000000
vt 0.100000 1.329135 0.000000
vt 0.000000 1.329135 0.000000
vt 0.100000 1.280803 0.000000
vt 0.000000 1.280803 0.000000
vt 0.100000 1.232471 0.000000
vt 0.000000 1.232471 0.000000
vt 0.100000 1.184139 0.000000
vt 0.000000 1.184139 0.000000
vt 0.100000 1.135807 0.000000
vt 0.000000 1.135807 0.000000
vt 0.100000 1.087474 0.000000
vt 0.000000 1.087474 0.000000
vt 0.100000 1.039142 0.000000
vt 0.000000 1.039142 0.000000
vt 0.100000 0.990810 0.000000
vt 0.000000 0.990810 0.000000
vt 0.100000 0.942478 0.000000
vt 0.000000 0.942478 0.000000
vt 0.100000 0.894146 0.000000
vt 0.000000 0.894146 0.000000
vt 0.100000 0.845813 0.000000
vt 0.000000 0.845813 0.000000
vt 0.100000 0.797481 0.000000
vt 0.000000 0.797481 0.000000
vt 0.100000 0.749149 0.000000
vt 0.000000 0.749149 0.000000
vt 0.100000 0.700817 0.000000
vt 0.000000 0.700817 0.000000
vt 0.100000 0.652485 0.000000
vt 0.000000 0.652485 0.000000
vt 0.100000 0.604152 0.000000
vt 0.000000 0.604152 0.000000
vt 0.100000 0.555820 0.000000
vt 0.000000 0.555820 0.000000
vt 0.100000 0.507488 0.000000
vt 0.000000 0.507488 0.000000
vt 0.100000 0.459156 0.000000
vt 0.000000 0.459156 0.000000
vt 0.100000 0.410824 0.000000
vt 0.000000 0.410824 0.000000
vt 0.100000 0.362491 0.000000
vt 0.000000 0.362491 0.000000
vt 0.100000 0.314159 0.000000
vt 0.000000 0.314159 0.000000
vt 0.100000 0.265827 0.000000
vt 0.000000 0.265827 0.000000
vt 0.100000 0.217495 0.000000
vt 0.000000 0.217495 0.000000
vt 0.100000 0.169163 0.000000
vt 0.000000 0.169163 0.000000
vt 0.100000 0.120830 0.000000
vt 0.000000 0.120830 0.000000
vt 0.100000 0.072498 0.000000
vt 0.000000 0.072498 0.000000
vt 0.100000 0.024166 0.000000
vt 0.000000 0.024166 0.000000
vt 0.100000 -0.024166 0.000000
vt 0.000000 -0.024166 0.000000
vt 0.100000 -0.072498 0.000000
vt -0.000000 -0.072498 0.000000
vt 0.100000 -0.120830 0.000000
vt -0.000000 -0.120830 0.000000
vt 0.100000 -0.169163 0.000000
vt 0.000000 -0.169163 0.000000
vt 0.100000 -0.217495 0.000000
vt 0.000000 -0.217495 0.000000
vt 0.100000 -0.265827 0.000000
vt -0.000000 -0.265827 0.000000
vt 0.100000 -0.314159 0.000000
vt -0.000000 -0.314159 0.000000
vt 0.100000 -0.362491 0.000000
vt -0.000000 -0.362491 0.000000
vt 0.100000 -0.410824 0.000000
vt 0.000000 -0.410824 0.000000
vt 0.100000 -0.459156 0.000000
vt 0.000000 -0.459156 0.000000
vt 0.100000 -0.507488 0.000000
vt 0.000000 -0.507488 0.000000
vt 0.100000 -0.555820 0.000000
vt 0.000000 -0.555820 0.000000
vt 0.100000 -0.604152 0.000000
vt -0.000000 -0.604152 0.000000
vt 0.100000 -0.652485 0.000000
vt -0.000000 -0.652485 0.000000
vt 0.100000 -0.700817 0.000000
vt -0.000000 -0.700817 0.000000
vt 0.100000 -0.749149 0.000000
vt -0.000000 -0.749149 0.000000
vt 0.100000 -0.797481 0.000000
vt 0.000000 -0.797481 0.000000
vt 0.100000 -0.845813 0.000000
vt 0.000000 -0.845813 0.000000
vt 0.100000 -0.894146 0.000000
vt 0.000000 -0.894146 0.000000
vt 0.100000 -0.942478 0.000000
vt 0.000000 -0.942478 0.000000
vt 0.100000 -0.990810 0.000000
vt 0.000000 -0.990810 0.000000
vt 0.100000 -1.039142 0.000000
vt 0.000000 -1.039142 0.000000
vt 0.100000 -1.087474 0.000000
vt 0.000000 -1.087474 0.000000
vt 0.100000 -1.135807 0.000000
vt 0.000000 -1.135807 0.000000
vt 0.100000 -1.184139 0.000000
vt 0.000000 -1.184139 0.000000
vt 0.100000 -1.232471 0.000000
vt 0.000000 -1.232471 0.000000
vt 0.100000 -1.280803 0.000000
vt 0.000000 -1.280803 0.000000
vt 0.100000 -1.329135 0.000000
vt 0.000000 -1.329135 0.000000
vt 0.100000 -1.377468 0.000000
vt 0.000000 -1.377468 0.000000
vt 0.100000 -1.425800 0.000000
vt 0.000000 -1.425800 0.000000
vt 0.100000 -1.474132 0.000000
vt 0.000000 -1.474132 0.000000
vt -0.497666 0.048257 0.000000
vt -0.500000 0.000000 0.000000
vt 0.499416 -0.024157 0.000000
vt -0.497666 -0.048257 0.000000
vt 0.494753 -0.072245 0.000000
vt -0.490685 -0.096063 0.000000
vt 0.485471 -0.119658 0.000000
vt -0.479123 -0.142973 0.000000
vt 0.471656 -0.165954 0.000000
vt -0.463087 -0.188547 0.000000
vt 0.453437 -0.210701 0.000000
vt -0.442728 -0.232362 0.000000
vt 0.430985 -0.253480 0.000000
vt -0.418235 -0.274006 0.000000
vt 0.404508 -0.293893 0.000000
vt -0.389837 -0.313093 0.000000
vt 0.374255 -0.331561 0.000000
vt -0.357799 -0.349256 0.000000
vt 0.340508 -0.366134 0.000000
vt -0.322421 -0.382158 0.000000
vt 0.303581 -0.397289 0.000000
vt -0.284032 -0.411492 0.000000
vt 0.263820 -0.424734 0.000000
vt -0.242992 -0.436984 0.000000
vt 0.221596 -0.448213 0.000000
vt -0.199682 -0.458396 0.000000
vt 0.177302 -0.467508 0.000000
vt -0.154508 -0.475528 0.000000
vt 0.131354 -0.482438 0.000000
vt -0.107892 -0.488221 0.000000
vt 0.084179 -0.492863 0.000000
vt -0.060268 -0.496354 0.000000
vt 0.036217 -0.498687 0.000000
vt -0.012082 -0.499854 0.000000
vt 0.499416 0.024157 0.000000
vt 0.485471 0.119658 0.000000
vt 0.471656 0.165954 0.000000
vt 0.453437 0.210701 0.000000
vt 0.494753 0.072245 0.000000
vt 0.430985 0.253480 0.000000
vt 0.404508 0.293893 0.000000
vt 0.374255 0.331561 0.000000
vt 0.340508 0.366134 0.000000
vt 0.303581 0.397289 0.000000
vt 0.263820 0.424734 0.000000
vt 0.221596 0.448213 0.000000
vt 0.177302 0.467508 0.000000
vt 0.131354 0.482438 0.000000
vt 0.084179 0.492863 0.000000
vt 0.036217 0.498687 0.000000
vt -0.012082 0.499854 0.000000
vt -0.060268 0.496354 0.000000
vt -0.107892 0.488221 0.000000
vt -0.154508 0.475528 0.000000
vt -0.199682 0.458396 0.000000
vt -0.242992 0.436984 0.000000
vt -0.284032 0.411492 0.000000
vt -0.322421 0.382158 0.000000
vt -0.357799 0.349256 0.000000
vt -0.389837 0.313093 0.000000
vt -0.418235 0.274006 0.000000
vt -0.442728 0.232362 0.000000
vt -0.463087 0.188547 0.000000
vt -0.479123 0.142973 0.000000
vt -0.490685 0.096063 0.000000
vt 0.100000 -1.522464 0.000000
vt 0.000000 -1.522464 0.000000
vt 0.100000 -1.570796 0.000000
vt 0.000000 -1.570796 0.000000
vt 0.100000 1.570796 0.000000
vt 0.000000 1.570796 0.000000
vt 0.100000 1.522464 0.000000
vt 0.000000 1.522464 0.000000
vt 0.100000 1.474132 0.000000
vt 0.000000 1.474132 0.000000
vt 0.100000 1.425800 0.000000
vt 0.000000 1.425800 0.000000
vt 0.100000 1.377468 0.000000
vt 0.000000 1.377468 0.000000
vt 0.100000 1.329135 0.000000
vt 0.000000 1.329135 0.000000
vt 0.100000 1.280803 0.000000
vt 0.000000 1.280803 0.000000
vt 0.100000 1.232471 0.000000
vt 0.000000 1.232471 0.000000
vt 0.100000 1.184139 0.000000
vt 0.000000 1.184139 0.000000
vt 0.100000 1.135807 0.000000
vt 0.000000 1.135807 0.000000
vt 0.100000 1.087474 0.000000
vt 0.000000 1.087474 0.000000
vt 0.100000 1.039142 0.000000
vt 0.000000 1.039142 0.000000
vt 0.100000 0.990810 0.000000
vt 0.000000 0.990810 0.000000
vt 0.100000 0.942478 0.000000
vt 0.000000 0.942478 0.000000
vt 0.100000 0.894146 0.000000
vt 0.000000 0.894146 0.000000
vt 0.100000 0.845813 0.000000
vt 0.000000 0.845813 0.000000
vt 0.100000 0.797481 0.000000
vt 0.000000 0.797481 0.000000
vt 0.100000 0.749149 0.000000
vt 0.000000 0.749149 0.000000
vt 0.100000 0.700817 0.000000
vt 0.000000 0.700817 0.000000
vt 0.100000 0.652485 0.000000
vt 0.000000 0.652485 0.000000
vt 0.100000 0.604152 0.000000
vt 0.000000 0.604152 0.000000
vt 0.100000 0.555820 0.000000
vt 0.000000 0.555820 0.000000
vt 0.100000 0.507488 0.000000
vt 0.000000 0.507488 0.000000
vt 0.100000 0.459156 0.000000
vt 0.000000 0.459156 0.000000
vt 0.100000 0.410824 0.000000
vt 0.000000 0.410824 0.000000
vt 0.100000 0.362491 0.000000
vt 0.000000 0.362491 0.000000
vt 0.100000 0.314159 0.000000
vt 0.000000 0.314159 0.000000
vt 0.100000 0.265827 0.000000
vt 0.000000 0.265827 0.000000
vt 0.100000 0.217495 0.000000
vt 0.000000 0.217495 0.000000
vt 0.100000 0.169163 0.000000
vt 0.000000 0.169163 0.000000
vt 0.100000 0.120830 0.000000
vt 0.000000 0.120830 0.000000
vt 0.100000 0.072498 0.000000
vt 0.000000 0.072498 0.000000
vt 0.100000 0.024166 0.000000
vt 0.000000 0.024166 0.000000
vt 0.100000 -0.024166 0.000000
vt -0.000000 -0.024166 0.000000
vt 0.100000 -0.072498 0.000000
vt 0.000000 -0.072498 0.000000
vt 0.100000 -0.120830 0.000000
vt -0.000000 -0.120830 0.000000
vt 0.100000 -0.169163 0.000000
vt 0.000000 -0.169163 0.000000
vt 0.100000 -0.217495 0.000000
vt -0.000000 -0.217495 0.000000
vt 0.100000 -0.265827 0.000000
vt -0.000000 -0.265827 0.000000
vt 0.100000 -0.314159 0.000000
vt -0.000000 -0.314159 0.000000
vt 0.100000 -0.362491 0.000000
vt -0.000000 -0.362491 0.000000
vt 0.100000 -0.410824 0.000000
vt -0.000000 -0.410824 0.000000
vt 0.100000 -0.459156 0.000000
vt -0.000000 -0.459156 0.000000
vt 0.100000 -0.507488 0.000000
vt -0.000000 -0.507488 0.000000
vt 0.100000 -0.555820 0.000000
vt 0.000000 -0.555820 0.000000
vt 0.100000 -0.604152 0.000000
vt -0.000000 -0.604152 0.000000
vt 0.100000 -0.652485 0.000000
vt -0.000000 -0.652485 0.000000
vt 0.100000 -0.700817 0.000000
vt 0.000000 -0.700817 0.000000
vt 0.100000 -0.749149 0.000000
vt -0.000000 -0.749149 0.000000
vt 0.100000 -0.797481 0.000000
vt 0.000000 -0.797481 0.000000
vt 0.100000 -0.845813 0.000000
vt 0.000000 -0.845813 0.000000
vt 0.100000 -0.894146 0.000000
vt 0.000000 -0.894146 0.000000
vt 0.100000 -0.942478 0.000000
vt 0.000000 -0.942478 0.000000
vt 0.100000 -0.990810 0.000000
vt 0.000000 -0.990810 0.000000
vt 0.100000 -1.039142 0.000000
vt 0.000000 -1.039142 0.000000
vt 0.100000 -1.087474 0.000000
vt 0.000000 -1.087474 0.000000
vt 0.100000 -1.135807 0.000000
vt 0.000000 -1.135807 0.000000
vt 0.100000 -1.184139 0.000000
vt 0.000000 -1.184139 0.000000
vt 0.100000 -1.232471 0.000000
vt 0.000000 -1.232471 0.000000
vt 0.100000 -1.280803 0.000000
vt 0.000000 -1.280803 0.000000
vt 0.100000 -1.329135 0.000000
vt 0.000000 -1.329135 0.000000
vt 0.100000 -1.377468 0.000000
vt 0.000000 -1.377468 0.000000
vt 0.100000 -1.425800 0.000000
vt 0.000000 -1.425800 0.000000
vt 0.100000 -1.474132 0.000000
vt 0.000000 -1.474132 0.000000
vt -0.497666 0.048257 0.000000
vt -0.500000 0.000000 0.000000
vt 0.499416 -0.024157 0.000000
vt -0.497666 -0.048257 0.000000
vt 0.494753 -0.072245 0.000000
vt -0.490685 -0.096063 0.000000
vt 0.485471 -0.119658 0.000000
vt -0.479123 -0.142973 0.000000
vt 0.471656 -0.165954 0.000000
vt -0.463087 -0.188547 0.000000
vt 0.453437 -0.210701 0.000000
vt -0.442728 -0.232362 0.000000
vt 0.430985 -0.253480 0.000000
vt -0.418235 -0.274006 0.000000
vt 0.404508 -0.293893 0.000000
vt -0.389837 -0.313093 0.000000
vt 0.374255 -0.331561 0.000000
vt -0.357799 -0.349256 0.000000
vt 0.340508 -0.366134 0.000000
vt -0.322421 -0.382158 0.000000
vt 0.303581 -0.397289 0.000000
vt -0.284032 -0.411492 0.000000
vt 0.263820 -0.424734 0.000000
vt -0.242992 -0.436984 0.000000
vt 0.221596 -0.448213 0.000000
vt -0.199682 -0.458396 0.000000
vt 0.177302 -0.467508 0.000000
vt -0.154508 -0.475528 0.000000
vt 0.131354 -0.482438 0.000000
vt -0.107892 -0.488221 0.000000
vt 0.084179 -0.492863 0.000000
vt -0.060268 -0.496354 0.000000
vt 0.036217 -0.498687 0.000000
vt -0.012082 -0.499854 0.000000
vt 0.499416 0.024157 0.000000
vt 0.485471 0.119658 0.000000
vt 0.471656 0.165954 0.000000
vt 0.453437 0.210701 0.000000
vt 0.494753 0.072245 0.000000
vt 0.430985 0.253480 0.000000
vt 0.404508 0.293893 0.000000
vt 0.374255 0.331561 0.000000
vt 0.340508 0.366134 0.000000
vt 0.303581 0.397289 0.000000
vt 0.263820 0.424734 0.000000
vt 0.221596 0.448213 0.000000
vt 0.177302 0.467508 0.000000
vt 0.131354 0.482438 0.000000
vt 0.084179 0.492863 0.000000
vt 0.036217 0.498687 0.000000
vt -0.012082 0.499854 0.000000
vt -0.060268 0.496354 0.000000
vt -0.107892 0.488221 0.000000
vt -0.154508 0.475528 0.000000
vt -0.199682 0.458396 0.000000
vt -0.242992 0.436984 0.000000
vt -0.284032 0.411492 0.000000
vt -0.322421 0.382158 0.000000
vt -0.357799 0.349256 0.000000
vt -0.389837 0.313093 0.000000
vt -0.418235 0.274006 0.000000
vt -0.442728 0.232362 0.000000
vt -0.463087 0.188547 0.000000
vt -0.479123 0.142973 0.000000
vt -0.490685 0.096063 0.000000
vt 0.100000 -1.522464 0.000000
vt 0.000000 -1.522464 0.000000
vt 0.100000 -1.570796 0.000000
vt 0.000000 -1.570796 0.000000
vt 0.100000 1.570796 0.000000
vt 0.000000 1.570796 0.000000
vt 0.100000 1.522464 0.000000
vt 0.000000 1.522464 0.000000
vt 0.100000 1.474132 0.000000
vt 0.000000 1.474132 0.000000
vt 0.100000 1.425800 0.000000
vt 0.000000 1.425800 0.000000
vt 0.100000 1.377468 0.000000
vt 0.000000 1.377468 0.000000
vt 0.100000 1.329135 0.000000
vt 0.000000 1.329135 0.000000
vt 0.100000 1.280803 0.000000
vt 0.000000 1.280803 0.000000
vt 0.100000 1.232471 0.000000
vt 0.000000 1.232471 0.000000
vt 0.100000 1.184139 0.000000
vt 0.000000 1.184139 0.000000
vt 0.100000 1.135807 0.000000
vt 0.000000 1.135807 0.000000
vt 0.100000 1.087474 0.000000
vt 0.000000 1.087474 0.000000
vt 0.100000 1.039142 0.000000
vt 0.000000 1.039142 0.000000
vt 0.100000 0.990810 0.000000
vt 0.000000 0.990810 0.000000
vt 0.100000 0.942478 0.000000
vt 0.000000 0.942478 0.000000
vt 0.100000 0.894146 0.000000
vt 0.000000 0.894146 0.000000
vt 0.100000 0.845813 0.000000
vt 0.000000 0.845813 0.000000
vt 0.100000 0.797481 0.000000
vt 0.000000 0.797481 0.000000
vt 0.100000 0.749149 0.000000
vt 0.000000 0.749149 0.000000
vt 0.100000 0.700817 0.000000
vt 0.000000 0.700817 0.000000
vt 0.100000 0.652485 0.000000
vt 0.000000 0.652485 0.000000
vt 0.100000 0.604152 0.000000
vt 0.000000 0.604152 0.000000
vt 0.100000 0.555820 0.000000
vt 0.000000 0.555820 0.000000
vt 0.100000 0.507488 0.000000
vt 0.000000 0.507488 0.000000
vt 0.100000 0.459156 0.000000
vt 0.000000 0.459156 0.000000
vt 0.100000 0.410824 0.000000
vt 0.000000 0.410824 0.000000
vt 0.100000 0.362491 0.000000
vt 0.000000 0.362491 0.000000
vt 0.100000 0.314159 0.000000
vt 0.000000 0.314159 0.000000
vt 0.100000 0.265827 0.000000
vt 0.000000 0.265827 0.000000
vt 0.100000 0.217495 0.000000
vt 0.000000 0.217495 0.000000
vt 0.100000 0.169163 0.000000
vt 0.000000 0.169163 0.000000
vt 0.100000 0.120830 0.000000
vt 0.000000 0.120830 0.000000
vt 0.100000 0.072498 0.000000
vt 0.000000 0.072498 0.000000
vt 0.100000 0.024166 0.000000
vt 0.000000 0.024166 0.000000
vt 0.100000 -0.024166 0.000000
vt 0.000000 -0.024166 0.000000
vt 0.100000 -0.072498 0.000000
vt -0.000000 -0.072498 0.000000
vt 0.100000 -0.120830 0.000000
vt -0.000000 -0.120830 0.000000
vt 0.100000 -0.169163 0.000000
vt 0.000000 -0.169163 0.000000
vt 0.100000 -0.217495 0.000000
vt 0.000000 -0.217495 0.000000
vt 0.100000 -0.265827 0.000000
vt -0.000000 -0.265827 0.000000
vt 0.100000 -0.314159 0.000000
vt -0.000000 -0.314159 0.000000
vt 0.100000 -0.362491 0.000000
vt -0.000000 -0.362491 0.000000
vt 0.100000 -0.410824 0.000000
vt -0.000000 -0.410824 0.000000
vt 0.100000 -0.459156 0.000000
vt 0.000000 -0.459156 0.000000
vt 0.100000 -0.507488 0.000000
vt -0.000000 -0.507488 0.000000
vt 0.100000 -0.555820 0.000000
vt -0.000000 -0.555820 0.000000
vt 0.100000 -0.604152 0.000000
vt -0.000000 -0.604152 0.000000
vt 0.100000 -0.652485 0.000000
vt -0.000000 -0.652485 0.000000
vt 0.100000 -0.700817 0.000000
vt -0.000000 -0.700817 0.000000
vt 0.100000 -0.749149 0.000000
vt -0.000000 -0.749149 0.000000
vt 0.100000 -0.797481 0.000000
vt 0.000000 -0.797481 0.000000
vt 0.100000 -0.845813 0.000000
vt 0.000000 -0.845813 0.000000
vt 0.100000 -0.894146 0.000000
vt 0.000000 -0.894146 0.000000
vt 0.100000 -0.942478 0.000000
vt 0.000000 -0.942478 0.000000
vt 0.100000 -0.990810 0.000000
vt 0.000000 -0.990810 0.000000
vt 0.100000 -1.039142 0.000000
vt 0.000000 -1.039142 0.000000
vt 0.100000 -1.087474 0.000000
vt 0.000000 -1.087474 0.000000
vt 0.100000 -1.135807 0.000000
vt 0.000000 -1.135807 0.000000
vt 0.100000 -1.184139 0.000000
vt 0.000000 -1.184139 0.000000
vt 0.100000 -1.232471 0.000000
vt 0.000000 -1.232471 0.000000
vt 0.100000 -1.280803 0.000000
vt 0.000000 -1.280803 0.000000
vt 0.100000 -1.329135 0.000000
vt 0.000000 -1.329135 0.000000
vt 0.100000 -1.377468 0.000000
vt 0.000000 -1.377468 0.000000
vt 0.100000 -1.425800 0.000000
vt 0.000000 -1.425800 0.000000
vt 0.100000 -1.474132 0.000000
vt 0.000000 -1.474132 0.000000
vt -0.497666 0.048257 0.000000
vt -0.500000 0.000000 0.000000
vt 0.499416 -0.024157 0.000000
vt -0.497666 -0.048257 0.000000
vt 0.494753 -0.072245 0.000000
vt -0.490685 -0.096063 0.000000
vt 0.485471 -0.119658 0.000000
vt -0.479123 -0.142973 0.000000
vt 0.471656 -0.165954 0.000000
vt -0.463087 -0.188547 0.000000
vt 0.453437 -0.210701 0.000000
vt -0.442728 -0.232362 0.000000
vt 0.430985 -0.253480 0.000000
vt -0.418235 -0.274006 0.000000
vt 0.404508 -0.293893 0.000000
vt -0.389837 -0.313093 0.000000
vt 0.374255 -0.331561 0.000000
vt -0.357799 -0.349256 0.000000
vt 0.340508 -0.366134 0.000000
vt -0.322421 -0.382158 0.000000
vt 0.303581 -0.397289 0.000000
vt -0.284032 -0.411492 0.000000
vt 0.263820 -0.424734 0.000000
vt -0.242992 -0.436984 0.000000
vt 0.221596 -0.448213 0.000000
vt -0.199682 -0.458396 0.000000
vt 0.177302 -0.467508 0.000000
vt -0.154508 -0.475528 0.000000
vt 0.131354 -0.482438 0.000000
vt -0.107892 -0.488221 0.000000
vt 0.084179 -0.492863 0.000000
vt -0.060268 -0.496354 0.000000
vt 0.036217 -0.498687 0.000000
vt -0.012082 -0.499854 0.000000
vt 0.499416 0.024157 0.000000
vt 0.485471 0.119658 0.000000
vt 0.471656 0.165954 0.000000
vt 0.453437 0.210701 0.000000
vt 0.494753 0.072245 0.000000
vt 0.430985 0.253480 0.000000
vt 0.404508 0.293893 0.000000
vt 0.374255 0.331561 0.000000
vt 0.340508 0.366134 0.000000
vt 0.303581 0.397289 0.000000
vt 0.263820 0.424734 0.000000
vt 0.221596 0.448213 0.000000
vt 0.177302 0.467508 0.000000
vt 0.131354 0.482438 0.000000
vt 0.084179 0.492863 0.000000
vt 0.036217 0.498687 0.000000
vt -0.012082 0.499854 0.000000
vt -0.060268 0.496354 0.000000
vt -0.107892 0.488221 0.000000
vt -0.154508 0.475528 0.000000
vt -0.199682 0.458396 0.000000
vt -0.242992 0.436984 0.000000
vt -0.284032 0.411492 0.000000
vt -0.322421 0.382158 0.000000
vt -0.357799 0.349256 0.000000
vt -0.389837 0.313093 0.000000
vt -0.418235 0.274006 0.000000
vt -0.442728 0.232362 0.000000
vt -0.463087 0.188547 0.000000
vt -0.479123 0.142973 0.000000
vt -0.490685 0.096063 0.000000
vt 0.100000 -1.522464 0.000000
vt 0.000000 -1.522464 0.000000
vt 0.100000 -1.570796 0.000000
vt 0.000000 -1.570796 0.000000
vt 0.100000 1.570796 0.000000
vt 0.000000 1.570796 0.000000
vt 0.100000 1.522464 0.000000
vt 0.000000 1.522464 0.000000
vt 0.100000 1.474132 0.000000
vt 0.000000 1.474132 0.000000
vt 0.100000 1.425800 0.000000
vt 0.000000 1.425800 0.000000
vt 0.100000 1.377468 0.000000
vt 0.000000 1.377468 0.000000
vt 0.100000 1.329135 0.000000
vt 0.000000 1.329135 0.000000
vt 0.100000 1.280803 0.000000
vt 0.000000 1.280803 0.000000
vt 0.100000 1.232471 0.000000
vt 0.000000 1.232471 0.000000
vt 0.100000 1.184139 0.000000
vt 0.000000 1.184139 0.000000
vt 0.100000 1.135807 0.000000
vt 0.000000 1.135807 0.000000
vt 0.100000 1.087474 0.000000
vt 0.000000 1.087474 0.000000
vt 0.100000 1.039142 0.000000
vt 0.000000 1.039142 0.000000
vt 0.100000 0.990810 0.000000
vt 0.000000 0.990810 0.000000
vt 0.100000 0.942478 0.000000
vt 0.000000 0.942478 0.000000
vt 0.100000 0.894146 0.000000
vt 0.000000 0.894146 0.000000
vt 0.100000 0.845813 0.000000
vt 0.000000 0.845813 0.000000
vt 0.100000 0.797481 0.000000
vt 0.000000 0.797481 0.000000
vt 0.100000 0.749149 0.000000
vt 0.000000 0.749149 0.000000
vt 0.100000 0.700817 0.000000
vt 0.000000 0.700817 0.000000
vt 0.100000 0.652485 0.000000
vt 0.000000 0.652485 0.000000
vt 0.100000 0.604152 0.000000
vt 0.000000 0.604152 0.000000
vt 0.100000 0.555820 0.000000
vt 0.000000 0.555820 0.000000
vt 0.100000 0.507488 0.000000
vt 0.000000 0.507488 0.000000
vt 0.100000 0.459156 0.000000
vt 0.000000 0.459156 0.000000
vt 0.100000 0.410824 0.000000
vt 0.000000 0.410824 0.000000
vt 0.100000 0.362491 0.000000
vt 0.000000 0.362491 0.000000
vt 0.100000 0.314159 0.000000
vt 0.000000 0.314159 0.000000
vt 0.100000 0.265827 0.000000
vt 0.000000 0.265827 0.000000
vt 0.100000 0.217495 0.000000
vt 0.000000 0.217495 0.000000
vt 0.100000 0.169163 0.000000
vt 0.000000 0.169163 0.000000
vt 0.100000 0.120830 0.000000
vt 0.000000 0.120830 0.000000
vt 0.100000 0.072498 0.000000
vt 0.000000 0.072498 0.000000
vt 0.100000 0.024166 0.000000
vt 0.000000 0.024166 0.000000
vt 0.100000 -0.024166 0.000000
vt -0.000000 -0.024166 0.000000
vt 0.100000 -0.072498 0.000000
vt 0.000000 -0.072498 0.000000
vt 0.100000 -0.120830 0.000000
vt -0.000000 -0.120830 0.000000
vt 0.100000 -0.169163 0.000000
vt 0.000000 -0.169163 0.000000
vt 0.100000 -0.217495 0.000000
vt -0.000000 -0.217495 0.000000
vt 0.100000 -0.265827 0.000000
vt -0.000000 -0.265827 0.000000
vt 0.100000 -0.314159 0.000000
vt -0.000000 -0.314159 0.000000
vt 0.100000 -0.362491 0.000000
vt -0.000000 -0.362491 0.000000
vt 0.100000 -0.410824 0.000000
vt -0.000000 -0.410824 0.000000
vt 0.100000 -0.459156 0.000000
vt -0.000000 -0.459156 0.000000
vt 0.100000 -0.507488 0.000000
vt -0.000000 -0.507488 0.000000
vt 0.100000 -0.555820 0.000000
vt -0.000000 -0.555820 0.000000
vt 0.100000 -0.604152 0.000000
vt -0.000000 -0.604152 0.000000
vt 0.100000 -0.652485 0.000000
vt -0.000000 -0.652485 0.000000
vt 0.100000 -0.700817 0.000000
vt -0.000000 -0.700817 0.000000
vt 0.100000 -0.749149 0.000000
vt -0.000000 -0.749149 0.000000
vt 0.100000 -0.797481 0.000000
vt 0.000000 -0.797481 0.000000
vt 0.100000 -0.845813 0.000000
vt 0.000000 -0.845813 0.000000
vt 0.100000 -0.894146 0.000000
vt 0.000000 -0.894146 0.000000
vt 0.100000 -0.942478 0.000000
vt 0.000000 -0.942478 0.000000
vt 0.100000 -0.990810 0.000000
vt 0.000000 -0.990810 0.000000
vt 0.100000 -1.039142 0.000000
vt 0.000000 -1.039142 0.000000
vt 0.100000 -1.087474 0.000000
vt 0.000000 -1.087474 0.000000
vt 0.100000 -1.135807 0.000000
vt 0.000000 -1.135807 0.000000
vt 0.100000 -1.184139 0.000000
vt 0.000000 -1.184139 0.000000
vt 0.100000 -1.232471 0.000000
vt 0.000000 -1.232471 0.000000
vt 0.100000 -1.280803 0.000000
vt 0.000000 -1.280803 0.000000
vt 0.100000 -1.329135 0.000000
vt 0.000000 -1.329135 0.000000
vt 0.100000 -1.377468 0.000000
vt 0.000000 -1.377468 0.000000
vt 0.100000 -1.425800 0.000000
vt 0.000000 -1.425800 0.000000
vt 0.100000 -1.474132 0.000000
vt 0.000000 -1.474132 0.000000
vt -0.497666 0.048257 0.000000
vt -0.500000 0.000000 0.000000
vt 0.499416 -0.024157 0.000000
vt -0.497666 -0.048257 0.000000
vt 0.494753 -0.072245 0.000000
vt -0.490685 -0.096063 0.000000
vt 0.485471 -0.119658 0.000000
vt -0.479123 -0.142973 0.000000
vt 0.471656 -0.165954 0.000000
vt -0.463087 -0.188547 0.000000
vt 0.453437 -0.210701 0.000000
vt -0.442728 -0.232362 0.000000
vt 0.430985 -0.253480 0.000000
vt -0.418235 -0.274006 0.000000
vt 0.404508 -0.293893 0.000000
vt -0.389837 -0.313093 0.000000
vt 0.374255 -0.331561 0.000000
vt -0.357799 -0.349256 0.000000
vt 0.340508 -0.366134 0.000000
vt -0.322421 -0.382158 0.000000
vt 0.303581 -0.397289 0.000000
vt -0.284032 -0.411492 0.000000
vt 0.263820 -0.424734 0.000000
vt -0.242992 -0.436984 0.000000
vt 0.221596 -0.448213 0.000000
vt -0.199682 -0.458396 0.000000
vt 0.177302 -0.467508 0.000000
vt -0.154508 -0.475528 0.000000
vt 0.131354 -0.482438 0.000000
vt -0.107892 -0.488221 0.000000
vt 0.084179 -0.492863 0.000000
vt -0.060268 -0.496354 0.000000
vt 0.036217 -0.498687 0.000000
vt -0.012082 -0.499854 0.000000
vt 0.499416 0.024157 0.000000
vt 0.485471 0.119658 0.000000
vt 0.471656 0.165954 0.000000
vt 0.453437 0.210701 0.000000
vt 0.494753 0.072245 0.000000
vt 0.430985 0.253480 0.000000
vt 0.404508 0.293893 0.000000
vt 0.374255 0.331561 0.000000
vt 0.340508 0.366134 0.000000
vt 0.303581 0.397289 0.000000
vt 0.263820 0.424734 0.000000
vt 0.221596 0.448213 0.000000
vt 0.177302 0.467508 0.000000
vt 0.131354 0.482438 0.000000
vt 0.084179 0.492863 0.000000
vt 0.036217 0.498687 0.000000
vt -0.012082 0.499854 0.000000
vt -0.060268 0.496354 0.000000
vt -0.107892 0.488221 0.000000
vt -0.154508 0.475528 0.000000
vt -0.199682 0.458396 0.000000
vt -0.242992 0.436984 0.000000
vt -0.284032 0.411492 0.000000
vt -0.322421 0.382158 0.000000
vt -0.357799 0.349256 0.000000
vt -0.389837 0.313093 0.000000
vt -0.418235 0.274006 0.000000
vt -0.442728 0.232362 0.000000
vt -0.463087 0.188547 0.000000
vt -0.479123 0.142973 0.000000
vt -0.490685 0.096063 0.000000
vt 0.619698 0.000000 0.000000
vt -0.619698 0.000000 0.000000
vt 0.619698 -2.900000 0.000000
vt -0.619698 -2.900000 0.000000
vt 4.460000 0.710000 0.000000
vt 3.620000 0.710000 0.000000
vt 4.193333 -0.090000 0.000000
vt 3.886667 -0.090000 0.000000
vt 5.900000 -0.100000 0.000000
vt 3.353333 -0.090000 0.000000
vt 3.046667 -0.090000 0.000000
vt 2.780000 0.710000 0.000000
vt 0.500000 3.800000 0.000000
vt 5.900000 3.800000 0.000000
vt 4.726667 -0.090000 0.000000
vt 1.940000 0.710000 0.000000
vt 2.513333 -0.090000 0.000000
vt 2.206667 -0.090000 0.000000
vt 0.500000 -0.100000 0.000000
vt 1.673333 -0.090000 0.000000
vt -4.572867 -2.746134 0.000000
vt -4.255621 -3.166236 0.000000
vt -4.575000 -2.700000 0.000000
vt 4.211831 -3.180913 0.000000
vt 4.575000 -2.700000 0.000000
vt 4.572867 -2.746134 0.000000
vt 4.566487 -2.791875 0.000000
vt 4.555913 -2.836831 0.000000
vt 4.541236 -2.880621 0.000000
vt 4.522582 -2.922869 0.000000
vt 4.500109 -2.963216 0.000000
vt 4.474009 -3.001317 0.000000
vt 4.444504 -3.036848 0.000000
vt 4.411848 -3.069504 0.000000
vt 4.376317 -3.099009 0.000000
vt 4.338216 -3.125109 0.000000
vt 4.297869 -3.147582 0.000000
vt 4.255621 -3.166236 0.000000
vt -4.566487 -2.791875 0.000000
vt -4.555913 -2.836831 0.000000
vt -4.541236 -2.880621 0.000000
vt -4.522582 -2.922869 0.000000
vt -4.500109 -2.963216 0.000000
vt -4.474009 -3.001317 0.000000
vt -4.444504 -3.036848 0.000000
vt -4.411848 -3.069504 0.000000
vt -4.376317 -3.099009 0.000000
vt -4.338216 -3.125109 0.000000
vt -4.297869 -3.147582 0.000000
vt -4.211831 -3.180913 0.000000
vt 4.166875 -3.191487 0.000000
vt -4.166875 -3.191487 0.000000
vt 4.121134 -3.197867 0.000000
vt -4.121134 -3.197867 0.000000
vt 4.075000 -3.200000 0.000000
vt -4.075000 -3.200000 0.000000
vt -4.575000 2.700000 0.000000
vt 4.575000 2.700000 0.000000
vt -4.075000 3.200000 0.000000
vt 4.075000 3.200000 0.000000
vt 4.572867 2.746134 0.000000
vt 4.566487 2.791875 0.000000
vt 4.555913 2.836831 0.000000
vt 4.541236 2.880621 0.000000
vt 4.522582 2.922869 0.000000
vt 4.500109 2.963216 0.000000
vt 4.474009 3.001317 0.000000
vt 4.444504 3.036848 0.000000
vt 4.411848 3.069504 0.000000
vt 4.376317 3.099009 0.000000
vt 4.338216 3.125109 0.000000
vt 4.297869 3.147582 0.000000
vt 4.255621 3.166236 0.000000
vt 4.211831 3.180913 0.000000
vt 4.166875 3.191487 0.000000
vt 4.121134 3.197867 0.000000
vt -4.121134 3.197867 0.000000
vt -4.166875 3.191487 0.000000
vt -4.211831 3.180913 0.000000
vt -4.255621 3.166236 0.000000
vt -4.297869 3.147582 0.000000
vt -4.338216 3.125109 0.000000
vt -4.376317 3.099009 0.000000
vt -4.411848 3.069504 0.000000
vt -4.444504 3.036848 0.000000
vt -4.474009 3.001317 0.000000
vt -4.500109 2.963216 0.000000
vt -4.522582 2.922869 0.000000
vt -4.541236 2.880621 0.000000
vt -4.555913 2.836831 0.000000
vt -4.566487 2.791875 0.000000
vt -4.572867 2.746134 0.000000
vt 0.500000 -0.100000 0.000000
vt 5.900000 -0.100000 0.000000
vt 0.500000 3.800000 0.000000
vt 5.900000 3.800000 0.000000
vt 1.200000 0.000000 0.000000
vt -0.000000 0.310000 0.000000
vt -1.000000 0.000000 0.000000
vt -1.000000 0.310000 0.000000
vt -2.200000 0.000000 0.000000
vt -0.000000 0.000000 0.000000
vt -1.000000 0.310000 0.000000
vt -0.000000 0.310000 0.000000
vt -2.900000 0.000000 0.000000
vt -0.000000 0.000000 0.000000
vt -2.900000 0.310000 0.000000
vt -0.000000 0.310000 0.000000
vt -0.500000 -1.450000 0.000000
vt 0.500000 -1.450000 0.000000
vt -0.500000 1.450000 0.000000
vt 0.500000 1.450000 0.000000
vt 4.083899 1.312259 0.000000
vt 3.958159 1.310000 0.000000
vt 7.150000 0.310000 0.000000
vt 3.191841 1.310000 0.000000
vt -0.000000 0.310000 0.000000
vt 3.066051 1.312261 0.000000
vt 2.940499 1.319036 0.000000
vt 2.815306 1.330313 0.000000
vt 2.690593 1.346079 0.000000
vt 2.566482 1.366321 0.000000
vt 2.443102 1.391025 0.000000
vt 2.320731 1.420138 0.000000
vt 2.199548 1.453610 0.000000
vt 2.079667 1.491406 0.000000
vt 1.961206 1.533487 0.000000
vt 1.844280 1.579818 0.000000
vt 1.729050 1.630339 0.000000
vt 1.615856 1.684897 0.000000
vt 1.504829 1.743408 0.000000
vt 1.396070 1.805803 0.000000
vt 1.289679 1.872013 0.000000
vt 1.185755 1.941968 0.000000
vt 1.084397 2.015601 0.000000
vt 0.985705 2.092841 0.000000
vt 0.889779 2.173619 0.000000
vt 0.796718 2.257867 0.000000
vt 0.706622 2.345515 0.000000
vt 0.619660 2.436420 0.000000
vt 0.536131 2.530263 0.000000
vt 0.456118 2.626926 0.000000
vt 0.379686 2.726307 0.000000
vt 0.306902 2.828305 0.000000
vt 0.237831 2.932817 0.000000
vt 0.172539 3.039743 0.000000
vt 0.111093 3.148980 0.000000
vt 0.053558 3.260427 0.000000
vt 0.000000 3.373981 0.000000
vt 7.150000 3.373981 0.000000
vt 7.096364 3.260269 0.000000
vt 7.038692 3.148580 0.000000
vt 6.977039 3.039023 0.000000
vt 6.911464 2.931705 0.000000
vt 6.842035 2.826756 0.000000
vt 6.768916 2.724420 0.000000
vt 6.692203 2.624823 0.000000
vt 6.611974 2.528057 0.000000
vt 6.528305 2.434217 0.000000
vt 6.441275 2.343396 0.000000
vt 6.351026 2.255751 0.000000
vt 6.257818 2.171522 0.000000
vt 6.161763 2.090786 0.000000
vt 6.062962 2.013610 0.000000
vt 5.961515 1.940060 0.000000
vt 5.857523 1.870203 0.000000
vt 5.751089 1.804107 0.000000
vt 5.642313 1.741838 0.000000
vt 5.531295 1.683462 0.000000
vt 5.418138 1.629047 0.000000
vt 5.302943 1.578660 0.000000
vt 5.185964 1.532426 0.000000
vt 5.067571 1.490481 0.000000
vt 4.947885 1.452853 0.000000
vt 4.827026 1.419563 0.000000
vt 4.705113 1.390636 0.000000
vt 4.582265 1.366095 0.000000
vt 4.458601 1.345963 0.000000
vt 4.334239 1.330265 0.000000
vt 4.209299 1.319022 0.000000
vt 3.442248 0.029852 0.000000
vt 3.511122 0.058290 0.000000
vt 2.636667 0.058176 0.000000
vt 3.540315 0.071077 0.000000
vt 3.568539 0.085793 0.000000
vt 2.636667 0.115743 0.000000
vt 3.595606 0.102609 0.000000
vt 3.621184 0.121582 0.000000
vt 3.644672 0.142383 0.000000
vt 2.636667 0.173614 0.000000
vt 1.473333 0.173614 0.000000
vt 1.473333 0.231486 0.000000
vt 0.310000 0.219911 0.000000
vt 0.310000 0.274889 0.000000
vt 1.473333 0.289357 0.000000
vt 0.310000 0.329867 0.000000
vt 1.473333 0.347229 0.000000
vt 0.310000 0.384845 0.000000
vt 1.473333 0.405100 0.000000
vt 0.310000 0.439823 0.000000
vt 1.473333 0.462972 0.000000
vt 0.310000 0.494801 0.000000
vt 1.473333 0.520843 0.000000
vt 0.310000 0.549779 0.000000
vt 1.473333 0.578714 0.000000
vt 0.310000 0.604757 0.000000
vt 1.473333 0.636586 0.000000
vt 0.310000 0.659734 0.000000
vt 1.473333 0.694457 0.000000
vt 0.310000 0.714712 0.000000
vt 1.473333 0.752329 0.000000
vt 0.310000 0.769690 0.000000
vt 1.473333 0.810200 0.000000
vt 0.310000 0.824668 0.000000
vt 1.473333 0.868072 0.000000
vt 0.310000 0.879646 0.000000
vt 1.473333 0.925943 0.000000
vt 0.310000 0.934624 0.000000
vt 1.473333 0.983815 0.000000
vt 0.310000 0.989602 0.000000
vt 1.473333 1.041686 0.000000
vt 0.310000 1.044580 0.000000
vt 0.310000 1.099557 0.000000
vt 2.636667 1.041686 0.000000
vt 3.800000 1.060115 0.000000
vt 3.799996 1.020671 0.000000
vt 2.636667 0.983815 0.000000
vt 3.799981 0.981239 0.000000
vt 3.799938 0.941804 0.000000
vt 2.636667 0.925943 0.000000
vt 3.799852 0.902381 0.000000
vt 2.636667 0.868072 0.000000
vt 3.799692 0.863000 0.000000
vt 3.799417 0.823630 0.000000
vt 2.636667 0.810200 0.000000
vt 3.798986 0.784241 0.000000
vt 2.636667 0.752329 0.000000
vt 3.798361 0.744836 0.000000
vt 3.797485 0.705508 0.000000
vt 2.636667 0.694457 0.000000
vt 3.796265 0.666248 0.000000
vt 2.636667 0.636586 0.000000
vt 3.794603 0.627031 0.000000
vt 2.636667 0.578714 0.000000
vt 3.792404 0.587835 0.000000
vt 3.789577 0.548755 0.000000
vt 2.636667 0.520843 0.000000
vt 3.786058 0.510587 0.000000
vt 3.781739 0.473466 0.000000
vt 2.636667 0.462972 0.000000
vt 3.776503 0.437384 0.000000
vt 2.636667 0.405100 0.000000
vt 3.770231 0.402350 0.000000
vt 3.762806 0.368390 0.000000
vt 2.636667 0.347229 0.000000
vt 3.754100 0.335537 0.000000
vt 3.743950 0.303819 0.000000
vt 2.636667 0.289357 0.000000
vt 3.732184 0.273282 0.000000
vt 2.636667 0.231486 0.000000
vt 3.718629 0.243985 0.000000
vt 3.703116 0.216003 0.000000
vt 3.685559 0.189545 0.000000
vt 3.666101 0.165018 0.000000
vt 3.800000 1.099557 0.000000
vt 0.310000 0.164934 0.000000
vt 1.473333 0.115743 0.000000
vt 0.310000 0.109956 0.000000
vt 1.473333 0.058024 0.000000
vt 3.373981 -0.000000 0.000000
vt 0.310000 0.054978 0.000000
vt 0.310000 0.000000 0.000000
vt 4.083899 1.312259 0.000000
vt 3.958159 1.310000 0.000000
vt 7.150000 0.310000 0.000000
vt 3.191841 1.310000 0.000000
vt 0.000000 0.310000 0.000000
vt 3.066051 1.312261 0.000000
vt 2.940499 1.319036 0.000000
vt 2.815306 1.330313 0.000000
vt 2.690593 1.346079 0.000000
vt 2.566482 1.366321 0.000000
vt 2.443102 1.391025 0.000000
vt 2.320731 1.420138 0.000000
vt 2.199548 1.453610 0.000000
vt 2.079667 1.491406 0.000000
vt 1.961206 1.533487 0.000000
vt 1.844280 1.579818 0.000000
vt 1.729050 1.630339 0.000000
vt 1.615856 1.684897 0.000000
vt 1.504829 1.743408 0.000000
vt 1.396070 1.805803 0.000000
vt 1.289679 1.872013 0.000000
vt 1.185755 1.941968 0.000000
vt 1.084397 2.015601 0.000000
vt 0.985705 2.092841 0.000000
vt 0.889779 2.173619 0.000000
vt 0.796718 2.257867 0.000000
vt 0.706622 2.345515 0.000000
vt 0.619660 2.436420 0.000000
vt 0.536131 2.530263 0.000000
vt 0.456118 2.626926 0.000000
vt 0.379686 2.726307 0.000000
vt 0.306902 2.828305 0.000000
vt 0.237831 2.932817 0.000000
vt 0.172539 3.039743 0.000000
vt 0.111093 3.148980 0.000000
vt 0.053558 3.260427 0.000000
vt 0.000000 3.373981 0.000000
vt 7.150000 3.373981 0.000000
vt 7.096364 3.260269 0.000000
vt 7.038692 3.148580 0.000000
vt 6.977039 3.039023 0.000000
vt 6.911464 2.931705 0.000000
vt 6.842035 2.826756 0.000000
vt 6.768916 2.724420 0.000000
vt 6.692203 2.624823 0.000000
vt 6.611974 2.528057 0.000000
vt 6.528305 2.434217 0.000000
vt 6.441275 2.343396 0.000000
vt 6.351026 2.255751 0.000000
vt 6.257818 2.171522 0.000000
vt 6.161763 2.090786 0.000000
vt 6.062962 2.013610 0.000000
vt 5.961515 1.940060 0.000000
vt 5.857523 1.870203 0.000000
vt 5.751089 1.804107 0.000000
vt 5.642313 1.741838 0.000000
vt 5.531295 1.683462 0.000000
vt 5.418138 1.629047 0.000000
vt 5.302943 1.578660 0.000000
vt 5.185964 1.532426 0.000000
vt 5.067571 1.490481 0.000000
vt 4.947885 1.452853 0.000000
vt 4.827026 1.419563 0.000000
vt 4.705113 1.390636 0.000000
vt 4.582265 1.366095 0.000000
vt 4.458601 1.345963 0.000000
vt 4.334239 1.330265 0.000000
vt 4.209299 1.319022 0.000000
vt 3.373981 1.099557 0.000000
vt 0.310000 1.099557 0.000000
vt 3.442250 1.069704 0.000000
vt 2.636667 1.041382 0.000000
vt 3.511122 1.041267 0.000000
vt 3.540963 1.028173 0.000000
vt 3.569348 1.013307 0.000000
vt 2.636667 0.983815 0.000000
vt 3.596084 0.996621 0.000000
vt 3.621072 0.978061 0.000000
vt 3.644312 0.957520 0.000000
vt 2.636667 0.925943 0.000000
vt 3.665808 0.934878 0.000000
vt 3.685475 0.910129 0.000000
vt 2.636667 0.868072 0.000000
vt 3.702870 0.883971 0.000000
vt 3.718095 0.856632 0.000000
vt 3.731353 0.828217 0.000000
vt 2.636667 0.810200 0.000000
vt 3.742846 0.798818 0.000000
vt 3.752801 0.768415 0.000000
vt 2.636667 0.752329 0.000000
vt 3.761426 0.736867 0.000000
vt 2.636667 0.694457 0.000000
vt 3.768833 0.704219 0.000000
vt 3.775134 0.670514 0.000000
vt 2.636667 0.636586 0.000000
vt 3.780440 0.635778 0.000000
vt 3.784864 0.600021 0.000000
vt 2.636667 0.578714 0.000000
vt 3.788517 0.563243 0.000000
vt 2.636667 0.520843 0.000000
vt 3.791485 0.525704 0.000000
vt 3.793844 0.487574 0.000000
vt 2.636667 0.462972 0.000000
vt 3.795674 0.448852 0.000000
vt 2.636667 0.405100 0.000000
vt 3.797055 0.409527 0.000000
vt 3.798069 0.369577 0.000000
vt 2.636667 0.347229 0.000000
vt 3.798794 0.328965 0.000000
vt 2.636667 0.289357 0.000000
vt 3.799303 0.287865 0.000000
vt 3.799633 0.246779 0.000000
vt 2.636667 0.231486 0.000000
vt 3.799826 0.205699 0.000000
vt 2.636667 0.173614 0.000000
vt 3.799928 0.164592 0.000000
vt 2.636667 0.115743 0.000000
vt 3.799977 0.123444 0.000000
vt 3.799996 0.082303 0.000000
vt 2.636667 0.057871 0.000000
vt 3.800000 0.041150 0.000000
vt 3.510000 0.000000 0.000000
vt 3.800000 -0.000000 0.000000
vt 1.473333 1.041534 0.000000
vt 0.310000 1.044580 0.000000
vt 0.310000 0.989602 0.000000
vt 1.473333 0.983815 0.000000
vt 0.310000 0.934624 0.000000
vt 1.473333 0.925943 0.000000
vt 0.310000 0.879646 0.000000
vt 1.473333 0.868072 0.000000
vt 0.310000 0.824668 0.000000
vt 1.473333 0.810200 0.000000
vt 0.310000 0.769690 0.000000
vt 1.473333 0.752329 0.000000
vt 0.310000 0.714712 0.000000
vt 1.473333 0.694457 0.000000
vt 0.310000 0.659734 0.000000
vt 1.473333 0.636586 0.000000
vt 0.310000 0.604757 0.000000
vt 1.473333 0.578714 0.000000
vt 0.310000 0.549779 0.000000
vt 1.473333 0.520843 0.000000
vt 0.310000 0.494801 0.000000
vt 1.473333 0.462972 0.000000
vt 0.310000 0.439823 0.000000
vt 1.473333 0.405100 0.000000
vt 0.310000 0.384845 0.000000
vt 1.473333 0.347229 0.000000
vt 0.310000 0.329867 0.000000
vt 1.473333 0.289357 0.000000
vt 0.310000 0.274889 0.000000
vt 1.473333 0.231486 0.000000
vt 0.310000 0.219911 0.000000
vt 1.473333 0.173614 0.000000
vt 0.310000 0.164934 0.000000
vt 1.473333 0.115743 0.000000
vt 0.310000 0.109956 0.000000
vt 1.473333 0.057871 0.000000
vt 0.310000 0.054978 0.000000
vt 1.310000 -0.000000 0.000000
vt 0.310000 0.000000 0.000000
vt 0.000000 0.310000 0.000000
vt 4.640000 0.310000 0.000000
vt 0.000000 3.800000 0.000000
vt 4.640000 3.800000 0.000000
vt 3.373981 1.099557 0.000000
vt 0.310000 1.099557 0.000000
vt 3.442250 1.069704 0.000000
vt 2.636667 1.041382 0.000000
vt 3.511122 1.041267 0.000000
vt 3.540986 1.028162 0.000000
vt 3.569396 1.013280 0.000000
vt 2.636667 0.983815 0.000000
vt 3.596158 0.996571 0.000000
vt 3.621157 0.977993 0.000000
vt 3.644396 0.957439 0.000000
vt 2.636667 0.925943 0.000000
vt 3.665882 0.934793 0.000000
vt 3.685546 0.910033 0.000000
vt 2.636667 0.868072 0.000000
vt 3.702944 0.883849 0.000000
vt 3.718169 0.856488 0.000000
vt 3.731422 0.828056 0.000000
vt 2.636667 0.810200 0.000000
vt 3.742907 0.798648 0.000000
vt 3.752850 0.768253 0.000000
vt 2.636667 0.752329 0.000000
vt 3.761463 0.736715 0.000000
vt 2.636667 0.694457 0.000000
vt 3.768861 0.704081 0.000000
vt 3.775155 0.670390 0.000000
vt 2.636667 0.636586 0.000000
vt 3.780456 0.635669 0.000000
vt 3.784875 0.599931 0.000000
vt 2.636667 0.578714 0.000000
vt 3.788523 0.563170 0.000000
vt 2.636667 0.520843 0.000000
vt 3.791489 0.525634 0.000000
vt 3.793847 0.487513 0.000000
vt 2.636667 0.462972 0.000000
vt 3.795677 0.448809 0.000000
vt 2.636667 0.405100 0.000000
vt 3.797058 0.409510 0.000000
vt 3.798070 0.369595 0.000000
vt 2.636667 0.347229 0.000000
vt 3.798794 0.329030 0.000000
vt 2.636667 0.289357 0.000000
vt 3.799302 0.287934 0.000000
vt 3.799632 0.246834 0.000000
vt 2.636667 0.231486 0.000000
vt 3.799826 0.205744 0.000000
vt 2.636667 0.173614 0.000000
vt 3.799928 0.164627 0.000000
vt 2.636667 0.115743 0.000000
vt 3.799977 0.123470 0.000000
vt 3.799996 0.082320 0.000000
vt 2.636667 0.057871 0.000000
vt 3.800000 0.041159 0.000000
vt 3.800000 0.000000 0.000000
vt 1.473333 0.057871 0.000000
vt 0.310000 0.054978 0.000000
vt 0.310000 0.109956 0.000000
vt 1.473333 0.115743 0.000000
vt 0.310000 0.164934 0.000000
vt 1.473333 0.173614 0.000000
vt 0.310000 0.219911 0.000000
vt 1.473333 0.231486 0.000000
vt 0.310000 0.274889 0.000000
vt 1.473333 0.289357 0.000000
vt 0.310000 0.329867 0.000000
vt 1.473333 0.347229 0.000000
vt 0.310000 0.384845 0.000000
vt 1.473333 0.405100 0.000000
vt 0.310000 0.439823 0.000000
vt 1.473333 0.462972 0.000000
vt 0.310000 0.494801 0.000000
vt 1.473333 0.520843 0.000000
vt 0.310000 0.549779 0.000000
vt 1.473333 0.578714 0.000000
vt 0.310000 0.604757 0.000000
vt 1.473333 0.636586 0.000000
vt 0.310000 0.659734 0.000000
vt 1.473333 0.694457 0.000000
vt 0.310000 0.714712 0.000000
vt 1.473333 0.752329 0.000000
vt 0.310000 0.769690 0.000000
vt 1.473333 0.810200 0.000000
vt 0.310000 0.824668 0.000000
vt 1.473333 0.868072 0.000000
vt 0.310000 0.879646 0.000000
vt 1.473333 0.925943 0.000000
vt 0.310000 0.934624 0.000000
vt 1.473333 0.983815 0.000000
vt 0.310000 0.989602 0.000000
vt 1.473333 1.041534 0.000000
vt 0.310000 1.044580 0.000000
vt 0.310000 0.000000 0.000000
vn 0.044721 0.000000 0.089443
vn 0.044721 0.000000 0.089443
vn 0.044721 0.000000 0.089443
vn 0.044721 0.000000 0.089443
vn 0.044721 0.000000 0.089443
vn 0.044721 0.000000 0.089443
vn 0.044721 0.000000 0.089443
vn 0.044721 0.000000 0.089443
vn 0.044721 0.000000 0.089443
vn 0.044721 0.000000 0.089443
vn 0.044721 0.000000 0.089443
vn 0.044721 0.000000 0.089443
vn 0.044721 0.000000 0.089443
vn 0.044721 0.000000 0.089443
vn 0.044721 0.000000 0.089443
vn 0.044721 0.000000 0.089443
vn -0.000000 0.094868 -0.031623
vn -0.000000 0.094868 -0.031623
vn -0.000000 0.094868 -0.031623
vn -0.000000 0.094868 -0.031623
vn 0.000000 -0.094868 -0.031623
vn 0.000000 -0.094868 -0.031623
vn 0.000000 -0.094868 -0.031623
vn 0.000000 -0.094868 -0.031623
vn -0.000000 0.094868 -0.031623
vn -0.000000 0.094868 -0.031623
vn -0.000000 0.094868 -0.031623
vn -0.000000 0.094868 -0.031623
vn 0.000000 -0.094868 -0.031623
vn 0.000000 -0.094868 -0.031623
vn 0.000000 -0.094868 -0.031623
vn 0.000000 -0.094868 -0.031623
vn -0.000000 0.094868 -0.031623
vn -0.000000 0.094868 -0.031623
vn -0.000000 0.094868 -0.031623
vn -0.000000 0.094868 -0.031623
vn 0.000000 -0.094868 -0.031623
vn 0.000000 -0.094868 -0.031623
vn 0.000000 -0.094868 -0.031623
vn 0.000000 -0.094868 -0.031623
vn -0.000000 0.094868 -0.031623
vn -0.000000 0.094868 -0.031623
vn -0.000000 0.094868 -0.031623
vn -0.000000 0.094868 -0.031623
vn 0.000000 -0.094868 -0.031623
vn 0.000000 -0.094868 -0.031623
vn 0.000000 -0.094868 -0.031623
vn 0.000000 -0.094868 -0.031623
vn -0.100000 0.000000 0.000000
vn -0.100000 0.000000 0.000000
vn -0.100000 0.000000 0.000000
vn -0.100000 0.000000 0.000000
vn -0.100000 0.000000 0.000000
vn -0.100000 0.000000 0.000000
vn -0.100000 0.000000 0.000000
vn -0.100000 0.000000 0.000000
vn -0.100000 0.000000 0.000000
vn -0.100000 0.000000 0.000000
vn -0.100000 0.000000 0.000000
vn -0.100000 0.000000 0.000000
vn -0.100000 0.000000 0.000000
vn -0.100000 0.000000 0.000000
vn -0.100000 0.000000 0.000000
vn -0.100000 0.000000 0.000000
vn -0.100000 0.000000 0.000000
vn -0.100000 0.000000 0.000000
vn -0.100000 0.000000 0.000000
vn -0.100000 0.000000 0.000000
vn -0.100000 0.000000 0.000000
vn -0.100000 0.000000 0.000000
vn -0.100000 0.000000 0.000000
vn -0.100000 0.000000 0.000000
vn 0.002775 0.000000 0.099961
vn 0.002775 0.000000 0.099961
vn 0.002775 0.000000 0.099961
vn 0.002775 0.000000 0.099961
vn 0.002775 0.000000 0.099961
vn 0.002775 0.000000 0.099961
vn 0.002775 0.000000 0.099961
vn 0.002775 0.000000 0.099961
vn 0.002775 0.000000 0.099961
vn 0.002775 0.000000 0.099961
vn 0.002775 0.000000 0.099961
vn 0.002775 0.000000 0.099961
vn -0.000000 0.100000 -0.000000
vn -0.000000 0.100000 -0.000000
vn -0.000000 0.100000 -0.000000
vn 0.000000 -0.100000 0.000000
vn 0.000000 -0.100000 0.000000
vn 0.000000 -0.100000 0.000000
vn 0.000000 0.000000 0.100000
vn 0.000000 0.000000 0.100000
vn 0.000000 0.000000 0.100000
vn 0.000000 0.000000 0.100000
vn 0.000000 0.000000 0.100000
vn 0.000000 0.000000 0.100000
vn 0.000000 0.000000 0.100000
vn 0.000000 0.000000 0.100000
vn 0.000000 0.000000 0.100000
vn 0.000000 0.000000 0.100000
vn 0.000000 0.000000 0.100000
vn 0.000000 0.000000 0.100000
vn 0.000000 0.000000 0.100000
vn 0.000000 0.000000 0.100000
vn 0.000000 0.000000 0.100000
vn 0.000000 0.000000 0.100000
vn 0.000000 0.000000 0.100000
vn 0.000000 0.000000 0.100000
vn 0.000000 0.000000 0.100000
vn 0.000000 0.000000 0.100000
vn 0.000000 0.000000 0.100000
vn 0.000000 0.000000 0.100000
vn 0.000000 0.000000 0.100000
vn 0.000000 0.000000 0.100000
vn 0.000000 0.000000 0.100000
vn 0.000000 0.000000 0.100000
vn 0.000000 0.000000 0.100000
vn 0.000000 0.000000 0.100000
vn 0.000000 0.000000 0.100000
vn 0.000000 0.000000 0.100000
vn 0.000000 0.000000 0.100000
vn 0.000000 0.000000 0.100000
vn 0.000000 0.000000 0.100000
vn 0.000000 0.000000 0.100000
vn 0.000000 0.000000 0.100000
vn 0.000000 0.000000 0.100000
vn 0.000000 0.000000 0.100000
vn 0.000000 0.000000 0.100000
vn 0.000000 0.000000 0.100000
vn 0.000000 0.000000 0.100000
vn 0.000000 0.000000 0.100000
vn 0.000000 0.000000 0.100000
vn 0.000000 0.000000 0.100000
vn 0.000000 0.000000 0.100000
vn 0.000000 0.000000 0.100000
vn 0.000000 0.000000 0.100000
vn 0.000000 0.000000 0.100000
vn 0.000000 0.000000 0.100000
vn 0.000000 0.000000 0.100000
vn 0.000000 0.000000 0.100000
vn 0.000000 0.000000 0.100000
vn 0.000000 0.000000 0.100000
vn 0.000000 0.000000 0.100000
vn 0.000000 0.000000 0.100000
vn 0.000000 0.000000 0.100000
vn 0.000000 0.000000 0.100000
vn 0.000000 0.000000 0.100000
vn 0.000000 0.000000 0.100000
vn 0.000000 0.000000 0.100000
vn 0.000000 0.000000 0.100000
vn 0.000000 0.000000 0.100000
vn 0.000000 0.000000 0.100000
vn 0.000000 0.000000 0.100000
vn 0.000000 0.000000 0.100000
vn 0.000000 0.000000 0.100000
vn 0.000000 0.000000 0.100000
vn 0.000000 0.000000 0.100000
vn 0.000000 0.000000 0.100000
vn 0.000000 0.000000 0.100000
vn 0.000000 0.000000 0.100000
vn 0.000000 0.000000 0.100000
vn 0.000000 0.000000 0.100000
vn 0.000000 0.000000 0.100000
vn 0.000000 0.000000 0.100000
vn 0.000000 0.000000 0.100000
vn 0.000000 0.000000 0.100000
vn 0.000000 0.000000 0.100000
vn 0.000000 0.000000 0.100000
vn 0.000000 0.000000 0.100000
vn 0.000000 0.000000 0.100000
vn 0.000000 0.000000 0.100000
vn 0.000000 0.000000 0.100000
vn 0.000000 0.000000 0.100000
vn 0.000000 0.000000 0.100000
vn 0.000000 0.000000 0.100000
vn 0.000000 0.000000 0.100000
vn 0.000000 0.000000 0.100000
vn 0.000000 0.000000 0.100000
vn 0.000000 0.000000 0.100000
vn 0.000000 0.000000 0.100000
vn 0.000000 0.000000 0.100000
vn 0.000000 0.000000 0.100000
vn 0.000000 0.000000 0.100000
vn 0.000000 0.000000 0.100000
vn 0.000000 0.000000 0.100000
vn 0.000000 0.000000 0.100000
vn 0.000000 0.000000 0.100000
vn 0.000000 0.000000 0.100000
vn 0.000000 0.000000 0.100000
vn 0.000000 0.000000 0.100000
vn 0.000000 0.000000 0.100000
vn 0.000000 0.000000 0.100000
vn 0.000000 0.000000 0.100000
vn 0.000000 0.000000 0.100000
vn 0.000000 0.000000 0.100000
vn 0.000000 0.000000 0.100000
vn 0.000000 0.000000 0.100000
vn 0.000000 0.000000 0.100000
vn 0.000000 0.000000 0.100000
vn 0.000000 0.000000 0.100000
vn 0.000000 0.000000 0.100000
vn 0.000000 0.000000 0.100000
vn 0.000000 0.000000 0.100000
vn 0.000000 0.000000 0.100000
vn 0.000000 0.000000 0.100000
vn 0.000000 0.000000 0.100000
vn 0.000000 0.000000 0.100000
vn 0.000000 0.000000 0.100000
vn 0.000000 0.000000 0.100000
vn 0.000000 0.000000 0.100000
vn 0.000000 0.000000 0.100000
vn 0.000000 0.000000 0.100000
vn 0.000000 0.000000 0.100000
vn 0.000000 0.000000 0.100000
vn 0.000000 0.000000 0.100000
vn 0.000000 0.000000 0.100000
vn 0.000000 0.000000 0.100000
vn 0.000000 0.000000 0.100000
vn 0.000000 0.000000 0.100000
vn 0.000000 0.000000 0.100000
vn 0.000000 0.000000 0.100000
vn 0.000000 0.000000 0.100000
vn 0.000000 0.000000 0.100000
vn 0.000000 0.000000 0.100000
vn 0.000000 0.000000 0.100000
vn 0.000000 0.000000 0.100000
vn 0.000000 0.000000 0.100000
vn 0.000000 0.000000 0.100000
vn 0.000000 0.000000 0.100000
vn 0.000000 0.000000 0.100000
vn 0.000000 0.000000 0.100000
vn 0.000000 0.000000 0.100000
vn 0.000000 0.000000 0.100000
vn 0.000000 0.000000 0.100000
vn 0.000000 0.000000 0.100000
vn 0.000000 0.000000 0.100000
vn 0.000000 0.000000 0.100000
vn 0.000000 0.000000 0.100000
vn 0.000000 0.000000 0.100000
vn 0.000000 0.000000 0.100000
vn 0.000000 0.000000 0.100000
vn 0.000000 0.000000 0.100000
vn 0.000000 0.000000 0.100000
vn 0.000000 0.000000 0.100000
vn 0.000000 0.000000 0.100000
vn 0.000000 0.000000 0.100000
vn 0.000000 0.000000 0.100000
vn 0.000000 0.000000 0.100000
vn 0.000000 0.000000 0.100000
vn 0.000000 0.000000 0.100000
vn 0.000000 0.000000 0.100000
vn 0.000000 0.000000 0.100000
vn 0.000000 0.000000 0.100000
vn 0.000000 0.000000 0.100000
vn 0.000000 0.000000 0.100000
vn 0.000000 0.000000 0.100000
vn 0.000000 0.000000 0.100000
vn 0.000000 0.000000 0.100000
vn 0.000000 0.000000 0.100000
vn 0.000000 0.000000 0.100000
vn 0.000000 0.000000 0.100000
vn 0.000000 0.000000 0.100000
vn 0.000000 0.000000 0.100000
vn 0.000000 0.000000 0.100000
vn 0.000000 0.000000 0.100000
vn 0.000000 0.000000 0.100000
vn 0.000000 0.000000 0.100000
vn 0.000000 0.000000 0.100000
vn 0.000000 0.000000 0.100000
vn 0.000000 0.000000 0.100000
vn 0.000000 0.000000 0.100000
vn 0.000000 0.000000 0.100000
vn 0.000000 0.000000 0.100000
vn 0.000000 0.000000 0.100000
vn 0.000000 0.000000 0.100000
vn 0.000000 0.000000 0.100000
vn 0.000000 0.000000 0.100000
vn 0.000000 0.000000 0.100000
vn 0.000000 0.000000 0.100000
vn 0.000000 0.000000 0.100000
vn 0.000000 0.000000 0.100000
vn 0.000000 0.000000 0.100000
vn 0.000000 0.000000 0.100000
vn 0.000000 0.000000 0.100000
vn 0.000000 0.000000 0.100000
vn 0.000000 0.000000 0.100000
vn 0.000000 0.000000 0.100000
vn 0.000000 0.000000 0.100000
vn 0.000000 0.000000 0.100000
vn 0.000000 0.000000 0.100000
vn 0.000000 0.000000 0.100000
vn 0.000000 0.000000 0.100000
vn 0.000000 0.000000 0.100000
vn 0.000000 0.000000 0.100000
vn 0.000000 0.000000 0.100000
vn 0.000000 0.000000 0.100000
vn 0.000000 0.000000 0.100000
vn 0.000000 0.000000 0.100000
vn 0.000000 0.000000 0.100000
vn 0.000000 0.000000 0.100000
vn 0.000000 0.000000 0.100000
vn 0.000000 0.000000 0.100000
vn 0.000000 0.000000 0.100000
vn 0.000000 0.000000 0.100000
vn 0.000000 0.000000 0.100000
vn 0.000000 0.000000 0.100000
vn 0.000000 0.000000 0.100000
vn 0.000000 0.000000 0.100000
vn 0.000000 0.000000 0.100000
vn 0.000000 0.000000 0.100000
vn 0.000000 0.000000 0.100000
vn 0.000000 0.000000 0.100000
vn 0.000000 0.000000 0.100000
vn 0.000000 0.000000 0.100000
vn 0.000000 0.000000 0.100000
vn 0.000000 0.000000 0.100000
vn 0.000000 0.000000 0.100000
vn 0.000000 0.000000 0.100000
vn 0.000000 0.000000 0.100000
vn 0.000000 0.000000 0.100000
vn 0.000000 0.000000 0.100000
vn 0.000000 0.000000 0.100000
vn 0.000000 0.000000 0.100000
vn 0.000000 0.000000 0.100000
vn 0.000000 0.000000 0.100000
vn 0.000000 0.000000 0.100000
vn 0.000000 0.000000 0.100000
vn 0.000000 0.000000 0.100000
vn 0.000000 0.000000 0.100000
vn 0.000000 0.000000 0.100000
vn 0.000000 0.000000 0.100000
vn 0.000000 0.000000 0.100000
vn 0.000000 0.000000 0.100000
vn 0.000000 0.000000 0.100000
vn 0.000000 0.000000 0.100000
vn 0.000000 0.000000 0.100000
vn 0.000000 0.000000 0.100000
vn 0.000000 0.000000 0.100000
vn 0.000000 0.000000 0.100000
vn 0.000000 0.000000 0.100000
vn 0.000000 0.000000 0.100000
vn 0.000000 0.000000 0.100000
vn 0.000000 0.000000 0.100000
vn 0.000000 0.000000 0.100000
vn 0.000000 0.000000 0.100000
vn 0.000000 0.000000 0.100000
vn 0.000000 0.000000 0.100000
vn 0.000000 0.000000 0.100000
vn 0.000000 0.000000 0.100000
vn 0.000000 0.000000 0.100000
vn 0.000000 0.000000 0.100000
vn 0.000000 0.000000 0.100000
vn 0.000000 0.000000 0.100000
vn 0.000000 0.000000 0.100000
vn 0.000000 0.000000 0.100000
vn 0.000000 0.000000 0.100000
vn 0.000000 0.000000 0.100000
vn 0.000000 0.000000 0.100000
vn 0.000000 0.000000 0.100000
vn 0.000000 0.000000 0.100000
vn 0.000000 0.000000 0.100000
vn 0.000000 0.000000 0.100000
vn 0.000000 0.000000 0.100000
vn 0.000000 0.000000 0.100000
vn 0.000000 0.000000 0.100000
vn 0.000000 0.000000 0.100000
vn 0.000000 0.000000 0.100000
vn 0.000000 0.000000 0.100000
vn 0.000000 0.000000 0.100000
vn 0.000000 0.000000 0.100000
vn 0.000000 0.000000 0.100000
vn 0.000000 0.000000 0.100000
vn 0.000000 0.000000 0.100000
vn 0.000000 0.000000 0.100000
vn 0.000000 0.000000 0.100000
vn 0.000000 0.000000 0.100000
vn 0.000000 0.000000 0.100000
vn 0.000000 0.000000 0.100000
vn 0.000000 0.000000 0.100000
vn 0.000000 0.000000 0.100000
vn 0.000000 0.000000 0.100000
vn 0.000000 0.000000 0.100000
vn 0.000000 0.000000 0.100000
vn 0.000000 0.000000 0.100000
vn 0.000000 0.000000 0.100000
vn 0.000000 0.000000 0.100000
vn 0.000000 0.000000 0.100000
vn 0.000000 0.000000 0.100000
vn 0.000000 0.000000 0.100000
vn 0.000000 0.000000 0.100000
vn 0.000000 0.000000 0.100000
vn 0.000000 0.000000 0.100000
vn 0.000000 0.000000 0.100000
vn 0.000000 0.000000 0.100000
vn 0.000000 0.000000 0.100000
vn 0.000000 0.000000 0.100000
vn 0.000000 0.000000 0.100000
vn 0.000000 0.000000 0.100000
vn 0.000000 0.000000 0.100000
vn 0.000000 0.000000 0.100000
vn 0.000000 0.000000 0.100000
vn 0.000000 0.000000 0.100000
vn 0.000000 0.000000 0.100000
vn 0.000000 0.000000 0.100000
vn 0.000000 0.000000 0.100000
vn 0.000000 0.000000 0.100000
vn 0.000000 0.000000 0.100000
vn 0.000000 0.000000 0.100000
vn 0.000000 0.000000 0.100000
vn 0.000000 0.000000 0.100000
vn 0.000000 0.000000 0.100000
vn 0.000000 0.000000 0.100000
vn 0.000000 0.000000 0.100000
vn 0.000000 0.000000 0.100000
vn 0.000000 0.000000 0.100000
vn 0.000000 0.000000 0.100000
vn 0.000000 0.000000 0.100000
vn 0.000000 0.000000 0.100000
vn 0.000000 0.000000 0.100000
vn 0.000000 0.000000 0.100000
vn 0.000000 0.000000 0.100000
vn 0.000000 0.000000 0.100000
vn 0.000000 0.000000 0.100000
vn 0.000000 0.000000 0.100000
vn 0.000000 0.000000 0.100000
vn 0.000000 0.000000 0.100000
vn 0.000000 0.000000 0.100000
vn 0.000000 0.000000 0.100000
vn 0.000000 0.000000 0.100000
vn 0.000000 0.000000 0.100000
vn 0.000000 0.000000 0.100000
vn 0.000000 0.000000 0.100000
vn 0.000000 0.000000 0.100000
vn 0.000000 0.000000 0.100000
vn 0.000000 0.000000 0.100000
vn 0.000000 0.000000 0.100000
vn 0.000000 0.000000 0.100000
vn 0.000000 0.000000 0.100000
vn 0.089665 0.000000 0.044274
vn 0.090639 0.000000 0.042244
vn 0.091194 0.000000 0.041033
vn 0.091410 0.000000 0.040549
vn 0.092047 0.000000 0.039082
vn 0.092150 0.000000 0.038838
vn 0.092859 0.000000 0.037111
vn 0.092859 0.000000 0.037111
vn 0.088023 0.000000 0.047455
vn 0.089005 0.000000 0.045587
vn 0.089837 0.000000 0.043924
vn 0.086267 0.000000 0.050576
vn 0.087247 0.000000 0.048867
vn 0.088141 0.000000 0.047235
vn 0.084399 0.000000 0.053636
vn 0.085364 0.000000 0.052086
vn 0.086321 0.000000 0.050484
vn 0.082425 0.000000 0.056623
vn 0.083361 0.000000 0.055235
vn 0.084377 0.000000 0.053670
vn 0.080347 0.000000 0.059534
vn 0.081246 0.000000 0.058301
vn 0.082318 0.000000 0.056779
vn 0.078166 0.000000 0.062371
vn 0.079021 0.000000 0.061284
vn 0.080147 0.000000 0.059803
vn 0.075879 0.000000 0.065134
vn 0.076685 0.000000 0.064183
vn 0.077867 0.000000 0.062744
vn 0.073488 0.000000 0.067819
vn 0.074237 0.000000 0.066999
vn 0.075475 0.000000 0.065602
vn 0.071004 0.000000 0.070416
vn 0.071689 0.000000 0.069719
vn 0.072975 0.000000 0.068371
vn 0.070378 0.000000 0.071042
vn 0.068433 0.000000 0.072917
vn 0.069043 0.000000 0.072340
vn 0.067686 0.000000 0.073612
vn 0.065776 0.000000 0.075323
vn 0.066305 0.000000 0.074858
vn 0.064901 0.000000 0.076078
vn 0.063033 0.000000 0.077633
vn 0.063474 0.000000 0.077272
vn 0.062025 0.000000 0.078441
vn 0.060210 0.000000 0.079842
vn 0.060556 0.000000 0.079580
vn 0.059068 0.000000 0.080691
vn 0.057315 0.000000 0.081945
vn 0.057561 0.000000 0.081772
vn 0.056036 0.000000 0.082825
vn 0.054350 0.000000 0.083941
vn 0.054491 0.000000 0.083850
vn 0.052926 0.000000 0.084846
vn 0.051311 0.000000 0.085832
vn 0.051343 0.000000 0.085813
vn 0.049739 0.000000 0.086753
vn 0.048199 0.000000 0.087618
vn 0.048116 0.000000 0.087663
vn 0.046477 0.000000 0.088543
vn 0.045025 0.000000 0.089290
vn 0.044824 0.000000 0.089392
vn 0.043155 0.000000 0.090209
vn 0.041793 0.000000 0.090848
vn 0.041471 0.000000 0.090996
vn 0.039771 0.000000 0.091751
vn 0.038505 0.000000 0.092290
vn 0.038056 0.000000 0.092476
vn 0.036326 0.000000 0.093169
vn 0.035164 0.000000 0.093614
vn 0.034583 0.000000 0.093830
vn 0.032827 0.000000 0.094458
vn 0.031774 0.000000 0.094818
vn 0.031063 0.000000 0.095053
vn 0.029290 0.000000 0.095614
vn 0.028348 0.000000 0.095898
vn 0.027510 0.000000 0.096142
vn 0.024889 0.000000 0.096853
vn 0.025722 0.000000 0.096635
vn 0.023925 0.000000 0.097096
vn 0.021396 0.000000 0.097684
vn 0.022121 0.000000 0.097523
vn 0.020308 0.000000 0.097916
vn 0.017869 0.000000 0.098390
vn 0.018486 0.000000 0.098277
vn 0.016655 0.000000 0.098603
vn 0.014318 0.000000 0.098970
vn 0.014819 0.000000 0.098896
vn 0.012980 0.000000 0.099154
vn 0.010756 0.000000 0.099420
vn 0.011138 0.000000 0.099378
vn 0.009291 0.000000 0.099567
vn 0.007183 0.000000 0.099742
vn 0.007441 0.000000 0.099723
vn 0.005587 0.000000 0.099844
vn 0.003598 0.000000 0.099935
vn 0.003729 0.000000 0.099930
vn 0.001867 0.000000 0.099983
vn 0.000000 0.000000 0.100000
vn 0.000000 0.000000 0.100000
vn 0.092859 -0.000000 0.037111
vn 0.090552 -0.000000 0.042430
vn 0.090330 -0.000000 0.042902
vn 0.087730 -0.000000 0.047994
vn 0.087087 -0.000000 0.049152
vn 0.084351 -0.000000 0.053712
vn 0.083032 -0.000000 0.055728
vn 0.080396 -0.000000 0.059468
vn 0.078148 -0.000000 0.062393
vn 0.075881 -0.000000 0.065131
vn 0.072597 -0.000000 0.068772
vn 0.070899 -0.000000 0.070522
vn 0.066536 -0.000000 0.074652
vn 0.065589 -0.000000 0.075486
vn 0.060157 -0.000000 0.079882
vn 0.060081 -0.000000 0.079939
vn 0.054513 -0.000000 0.083835
vn 0.053679 -0.000000 0.084371
vn 0.049009 -0.000000 0.087167
vn 0.047402 -0.000000 0.088051
vn 0.043663 -0.000000 0.089964
vn 0.041154 -0.000000 0.091139
vn 0.038494 -0.000000 0.092294
vn 0.035526 -0.000000 0.093477
vn 0.033561 -0.000000 0.094200
vn 0.030194 -0.000000 0.095333
vn 0.028911 -0.000000 0.095730
vn 0.025131 -0.000000 0.096791
vn 0.024572 -0.000000 0.096934
vn 0.020448 -0.000000 0.097887
vn 0.020559 -0.000000 0.097864
vn 0.016309 -0.000000 0.098661
vn 0.016153 -0.000000 0.098687
vn 0.012694 -0.000000 0.099191
vn 0.012239 -0.000000 0.099248
vn 0.009629 -0.000000 0.099535
vn 0.008689 -0.000000 0.099622
vn 0.007026 -0.000000 0.099753
vn 0.005483 -0.000000 0.099850
vn 0.004820 -0.000000 0.099884
vn 0.004001 -0.000000 0.099920
vn 0.002949 0.000000 0.099956
vn 0.002595 -0.000000 0.099966
vn 0.001357 0.000000 0.099991
vn 0.001263 -0.000000 0.099992
vn 0.000000 -0.000000 0.100000
vn 0.000702 -0.000000 0.099998
vn 0.000391 -0.000000 0.099999
vn 0.000173 -0.000000 0.100000
vn 0.000043 -0.000000 0.100000
vn 0.000000 -0.000000 0.100000
vn 0.001112 -0.000000 0.099994
vn 0.001263 -0.000000 0.099992
vn 0.002595 -0.000000 0.099966
vn 0.002595 -0.000000 0.099966
vn 0.003926 -0.000000 0.099923
vn 0.003020 -0.000000 0.099954
vn 0.002259 -0.000000 0.099974
vn 0.001263 -0.000000 0.099992
vn 0.001628 -0.000000 0.099987
vn 0.001263 -0.000000 0.099992
vn 0.004001 -0.000000 0.099920
vn 0.004994 -0.000000 0.099875
vn 0.005483 -0.000000 0.099850
vn 0.006250 -0.000000 0.099805
vn 0.007722 -0.000000 0.099701
vn 0.009450 -0.000000 0.099553
vn 0.011474 -0.000000 0.099340
vn 0.013799 -0.000000 0.099043
vn 0.016453 -0.000000 0.098637
vn 0.019478 -0.000000 0.098085
vn 0.022917 -0.000000 0.097339
vn 0.026811 -0.000000 0.096339
vn 0.031196 -0.000000 0.095009
vn 0.036096 -0.000000 0.093258
vn 0.041511 -0.000000 0.090977
vn 0.092047 -0.000000 0.039082
vn 0.091410 -0.000000 0.040548
vn 0.091194 -0.000000 0.041033
vn 0.090640 -0.000000 0.042241
vn 0.089663 -0.000000 0.044279
vn 0.089840 -0.000000 0.043918
vn 0.089009 -0.000000 0.045578
vn 0.092150 -0.000000 0.038838
vn 0.092859 -0.000000 0.037111
vn 0.092859 -0.000000 0.037111
vn 0.088017 -0.000000 0.047466
vn 0.088148 -0.000000 0.047222
vn 0.087256 -0.000000 0.048850
vn 0.086255 -0.000000 0.050597
vn 0.086334 -0.000000 0.050462
vn 0.085381 -0.000000 0.052058
vn 0.084379 -0.000000 0.053668
vn 0.084398 -0.000000 0.053637
vn 0.083388 -0.000000 0.055195
vn 0.082395 -0.000000 0.056667
vn 0.082349 -0.000000 0.056733
vn 0.081283 -0.000000 0.058250
vn 0.080308 -0.000000 0.059588
vn 0.080189 -0.000000 0.059747
vn 0.079067 -0.000000 0.061224
vn 0.078118 -0.000000 0.062431
vn 0.077917 -0.000000 0.062682
vn 0.076738 -0.000000 0.064119
vn 0.075825 -0.000000 0.065197
vn 0.075531 -0.000000 0.065537
vn 0.074295 -0.000000 0.066934
vn 0.073430 -0.000000 0.067882
vn 0.073035 -0.000000 0.068307
vn 0.071749 -0.000000 0.069656
vn 0.070944 -0.000000 0.070476
vn 0.070440 -0.000000 0.070980
vn 0.069107 -0.000000 0.072278
vn 0.068369 -0.000000 0.072978
vn 0.067752 -0.000000 0.073550
vn 0.066374 -0.000000 0.074797
vn 0.065708 -0.000000 0.075382
vn 0.064972 -0.000000 0.076017
vn 0.062960 -0.000000 0.077692
vn 0.063547 -0.000000 0.077213
vn 0.062099 -0.000000 0.078382
vn 0.060134 -0.000000 0.079899
vn 0.060632 -0.000000 0.079522
vn 0.059146 -0.000000 0.080634
vn 0.057237 -0.000000 0.081999
vn 0.057640 -0.000000 0.081717
vn 0.056115 -0.000000 0.082771
vn 0.054270 -0.000000 0.083993
vn 0.054571 -0.000000 0.083797
vn 0.053008 -0.000000 0.084795
vn 0.051230 -0.000000 0.085881
vn 0.051425 -0.000000 0.085764
vn 0.049821 -0.000000 0.086705
vn 0.048117 -0.000000 0.087663
vn 0.048199 -0.000000 0.087618
vn 0.046560 -0.000000 0.088500
vn 0.044943 -0.000000 0.089331
vn 0.044906 -0.000000 0.089350
vn 0.043236 -0.000000 0.090170
vn 0.041713 -0.000000 0.090885
vn 0.041551 -0.000000 0.090959
vn 0.039851 -0.000000 0.091716
vn 0.038425 -0.000000 0.092323
vn 0.038136 -0.000000 0.092443
vn 0.036407 -0.000000 0.093137
vn 0.035083 -0.000000 0.093644
vn 0.034664 -0.000000 0.093800
vn 0.032908 -0.000000 0.094430
vn 0.031695 -0.000000 0.094844
vn 0.031141 -0.000000 0.095027
vn 0.029366 -0.000000 0.095591
vn 0.028275 -0.000000 0.095919
vn 0.027582 -0.000000 0.096121
vn 0.025789 -0.000000 0.096617
vn 0.024825 -0.000000 0.096870
vn 0.023987 -0.000000 0.097081
vn 0.021345 -0.000000 0.097695
vn 0.022175 -0.000000 0.097510
vn 0.020354 -0.000000 0.097907
vn 0.017833 -0.000000 0.098397
vn 0.018525 -0.000000 0.098269
vn 0.016687 -0.000000 0.098598
vn 0.014295 -0.000000 0.098973
vn 0.014844 -0.000000 0.098892
vn 0.012999 -0.000000 0.099151
vn 0.010743 -0.000000 0.099421
vn 0.011152 -0.000000 0.099376
vn 0.009301 -0.000000 0.099566
vn 0.007177 -0.000000 0.099742
vn 0.007448 -0.000000 0.099722
vn 0.005591 -0.000000 0.099844
vn 0.003597 -0.000000 0.099935
vn 0.003731 -0.000000 0.099930
vn 0.001867 -0.000000 0.099983
vn 0.000000 0.000000 0.100000
vn 0.000000 0.000000 0.100000
vn 0.000000 0.000000 0.100000
vn 0.000000 0.000000 0.100000
vn -0.089665 -0.000000 0.044274
vn -0.090639 0.000000 0.042244
vn -0.091194 -0.000000 0.041033
vn -0.091410 0.000000 0.040549
vn -0.092047 -0.000000 0.039082
vn -0.092150 0.000000 0.038838
vn -0.092859 -0.000000 0.037111
vn -0.092859 0.000000 0.037111
vn -0.088023 -0.000000 0.047455
vn -0.089005 0.000000 0.045587
vn -0.089837 0.000000 0.043924
vn -0.086267 -0.000000 0.050576
vn -0.087247 0.000000 0.048867
vn -0.088141 0.000000 0.047235
vn -0.084399 -0.000000 0.053636
vn -0.085364 0.000000 0.052086
vn -0.086321 0.000000 0.050484
vn -0.082425 -0.000000 0.056623
vn -0.083361 0.000000 0.055235
vn -0.084377 0.000000 0.053670
vn -0.080347 -0.000000 0.059534
vn -0.081246 0.000000 0.058301
vn -0.082318 0.000000 0.056779
vn -0.078166 -0.000000 0.062371
vn -0.079021 0.000000 0.061284
vn -0.080147 0.000000 0.059803
vn -0.075879 -0.000000 0.065134
vn -0.076685 0.000000 0.064183
vn -0.077867 0.000000 0.062744
vn -0.073488 -0.000000 0.067819
vn -0.074237 0.000000 0.066999
vn -0.075475 0.000000 0.065602
vn -0.071004 -0.000000 0.070416
vn -0.071689 0.000000 0.069719
vn -0.072975 0.000000 0.068371
vn -0.070378 0.000000 0.071042
vn -0.068433 -0.000000 0.072917
vn -0.069043 0.000000 0.072340
vn -0.067686 0.000000 0.073612
vn -0.065776 -0.000000 0.075323
vn -0.066305 0.000000 0.074858
vn -0.064901 0.000000 0.076078
vn -0.063033 -0.000000 0.077633
vn -0.063474 0.000000 0.077272
vn -0.062025 0.000000 0.078441
vn -0.060210 -0.000000 0.079842
vn -0.060556 0.000000 0.079580
vn -0.059068 0.000000 0.080691
vn -0.057315 -0.000000 0.081945
vn -0.057561 0.000000 0.081772
vn -0.056036 0.000000 0.082825
vn -0.054350 -0.000000 0.083941
vn -0.054491 0.000000 0.083850
vn -0.052926 0.000000 0.084846
vn -0.051311 -0.000000 0.085832
vn -0.051343 0.000000 0.085813
vn -0.049739 0.000000 0.086753
vn -0.048199 -0.000000 0.087618
vn -0.048116 0.000000 0.087663
vn -0.046477 0.000000 0.088543
vn -0.045025 -0.000000 0.089290
vn -0.044824 0.000000 0.089392
vn -0.043155 0.000000 0.090209
vn -0.041793 -0.000000 0.090848
vn -0.041471 0.000000 0.090996
vn -0.039771 0.000000 0.091751
vn -0.038505 -0.000000 0.092290
vn -0.038056 0.000000 0.092476
vn -0.036326 0.000000 0.093169
vn -0.035164 -0.000000 0.093614
vn -0.034583 0.000000 0.093830
vn -0.032827 0.000000 0.094458
vn -0.031774 -0.000000 0.094818
vn -0.031063 0.000000 0.095053
vn -0.029290 0.000000 0.095614
vn -0.028348 -0.000000 0.095898
vn -0.027510 0.000000 0.096142
vn -0.024889 -0.000000 0.096853
vn -0.025722 0.000000 0.096635
vn -0.023925 0.000000 0.097096
vn -0.021396 -0.000000 0.097684
vn -0.022121 0.000000 0.097523
vn -0.020308 0.000000 0.097916
vn -0.017869 -0.000000 0.098390
vn -0.018486 0.000000 0.098277
vn -0.016655 0.000000 0.098603
vn -0.014318 -0.000000 0.098970
vn -0.014819 0.000000 0.098896
vn -0.012980 0.000000 0.099154
vn -0.010756 -0.000000 0.099420
vn -0.011138 0.000000 0.099378
vn -0.009291 0.000000 0.099567
vn -0.007183 -0.000000 0.099742
vn -0.007441 0.000000 0.099723
vn -0.005587 0.000000 0.099844
vn -0.003598 -0.000000 0.099935
vn -0.003729 0.000000 0.099930
vn -0.001867 0.000000 0.099983
vn -0.092859 0.000000 0.037111
vn -0.090328 0.000000 0.042905
vn -0.089486 0.000000 0.044634
vn -0.087082 0.000000 0.049160
vn -0.085111 0.000000 0.052498
vn -0.083024 0.000000 0.055741
vn -0.079690 0.000000 0.060412
vn -0.078137 0.000000 0.062406
vn -0.073304 0.000000 0.068019
vn -0.072584 0.000000 0.068786
vn -0.066181 0.000000 0.074967
vn -0.066519 0.000000 0.074667
vn -0.060135 0.000000 0.079898
vn -0.058629 0.000000 0.081010
vn -0.053652 0.000000 0.084389
vn -0.050986 0.000000 0.086026
vn -0.047373 0.000000 0.088067
vn -0.043556 0.000000 0.090016
vn -0.041154 0.000000 0.091139
vn -0.036571 0.000000 0.093073
vn -0.035526 0.000000 0.093477
vn -0.030167 0.000000 0.095341
vn -0.030194 0.000000 0.095333
vn -0.025131 0.000000 0.096791
vn -0.026788 0.000000 0.096345
vn -0.022896 0.000000 0.097344
vn -0.020448 0.000000 0.097887
vn -0.019458 0.000000 0.098089
vn -0.016153 0.000000 0.098687
vn -0.016435 0.000000 0.098640
vn -0.012239 0.000000 0.099248
vn -0.013783 0.000000 0.099046
vn -0.011460 0.000000 0.099341
vn -0.008689 0.000000 0.099622
vn -0.009437 0.000000 0.099554
vn -0.005483 0.000000 0.099850
vn -0.007712 0.000000 0.099702
vn -0.005483 0.000000 0.099850
vn -0.006242 0.000000 0.099805
vn -0.004989 0.000000 0.099875
vn -0.004001 0.000000 0.099920
vn -0.003921 0.000000 0.099923
vn -0.002595 0.000000 0.099966
vn -0.002595 0.000000 0.099966
vn -0.001263 0.000000 0.099992
vn -0.001263 0.000000 0.099992
vn -0.001111 0.000000 0.099994
vn -0.001263 0.000000 0.099992
vn -0.001626 0.000000 0.099987
vn -0.002257 0.000000 0.099975
vn -0.003017 0.000000 0.099954
vn -0.024404 0.000000 0.096977
vn -0.019287 0.000000 0.098122
vn -0.014800 0.000000 0.098899
vn -0.010893 0.000000 0.099405
vn -0.007501 0.000000 0.099718
vn -0.004558 0.000000 0.099896
vn -0.004001 0.000000 0.099920
vn -0.003267 0.000000 0.099947
vn -0.002595 0.000000 0.099966
vn -0.002084 0.000000 0.099978
vn -0.001263 0.000000 0.099992
vn -0.000997 0.000000 0.099995
vn -0.000000 0.000000 0.100000
vn -0.000702 -0.000000 0.099998
vn -0.000391 -0.000000 0.099999
vn -0.000172 -0.000000 0.100000
vn -0.000043 -0.000000 0.100000
vn 0.000000 0.000000 0.100000
vn -0.031171 0.000000 0.095018
vn -0.036069 0.000000 0.093269
vn -0.041482 0.000000 0.090990
vn -0.092047 0.000000 0.039082
vn -0.091410 -0.000000 0.040548
vn -0.091194 0.000000 0.041033
vn -0.090640 -0.000000 0.042241
vn -0.089663 0.000000 0.044279
vn -0.089840 -0.000000 0.043918
vn -0.089009 -0.000000 0.045578
vn -0.092150 -0.000000 0.038838
vn -0.092859 0.000000 0.037111
vn -0.092859 -0.000000 0.037111
vn -0.088017 0.000000 0.047466
vn -0.088148 -0.000000 0.047222
vn -0.087256 -0.000000 0.048850
vn -0.086255 0.000000 0.050597
vn -0.086334 -0.000000 0.050462
vn -0.085381 -0.000000 0.052058
vn -0.084379 0.000000 0.053668
vn -0.084398 -0.000000 0.053637
vn -0.083388 -0.000000 0.055195
vn -0.082395 0.000000 0.056667
vn -0.082349 -0.000000 0.056733
vn -0.081283 -0.000000 0.058250
vn -0.080308 0.000000 0.059588
vn -0.080189 -0.000000 0.059747
vn -0.079067 -0.000000 0.061224
vn -0.078118 0.000000 0.062431
vn -0.077917 -0.000000 0.062682
vn -0.076738 -0.000000 0.064119
vn -0.075825 0.000000 0.065197
vn -0.075531 -0.000000 0.065537
vn -0.074295 -0.000000 0.066934
vn -0.073430 0.000000 0.067882
vn -0.073035 -0.000000 0.068307
vn -0.071749 -0.000000 0.069656
vn -0.070944 0.000000 0.070476
vn -0.070440 -0.000000 0.070980
vn -0.069107 -0.000000 0.072278
vn -0.068369 0.000000 0.072978
vn -0.067752 -0.000000 0.073550
vn -0.066374 -0.000000 0.074797
vn -0.065708 0.000000 0.075382
vn -0.064972 -0.000000 0.076017
vn -0.062960 0.000000 0.077692
vn -0.063547 -0.000000 0.077213
vn -0.062099 -0.000000 0.078382
vn -0.060134 0.000000 0.079899
vn -0.060632 -0.000000 0.079522
vn -0.059146 -0.000000 0.080634
vn -0.057237 0.000000 0.081999
vn -0.057640 -0.000000 0.081717
vn -0.056115 -0.000000 0.082771
vn -0.054270 0.000000 0.083993
vn -0.054571 -0.000000 0.083797
vn -0.053008 -0.000000 0.084795
vn -0.051230 0.000000 0.085881
vn -0.051425 -0.000000 0.085764
vn -0.049821 -0.000000 0.086705
vn -0.048117 0.000000 0.087663
vn -0.048199 -0.000000 0.087618
vn -0.046560 -0.000000 0.088500
vn -0.044943 0.000000 0.089331
vn -0.044906 -0.000000 0.089350
vn -0.043236 -0.000000 0.090170
vn -0.041713 0.000000 0.090885
vn -0.041551 -0.000000 0.090959
vn -0.039851 -0.000000 0.091716
vn -0.038425 0.000000 0.092323
vn -0.038136 -0.000000 0.092443
vn -0.036407 -0.000000 0.093137
vn -0.035083 0.000000 0.093644
vn -0.034664 -0.000000 0.093800
vn -0.032908 -0.000000 0.094430
vn -0.031695 0.000000 0.094844
vn -0.031141 -0.000000 0.095027
vn -0.029366 -0.000000 0.095591
vn -0.028275 0.000000 0.095919
vn -0.027582 -0.000000 0.096121
vn -0.025789 -0.000000 0.096617
vn -0.024825 0.000000 0.096870
vn -0.023987 -0.000000 0.097081
vn -0.021345 0.000000 0.097695
vn -0.022175 -0.000000 0.097510
vn -0.020354 -0.000000 0.097907
vn -0.017833 0.000000 0.098397
vn -0.018525 -0.000000 0.098269
vn -0.016687 -0.000000 0.098598
vn -0.014295 0.000000 0.098973
vn -0.014844 -0.000000 0.098892
vn -0.012999 -0.000000 0.099151
vn -0.010743 0.000000 0.099421
vn -0.011152 -0.000000 0.099376
vn -0.009301 -0.000000 0.099566
vn -0.007177 0.000000 0.099742
vn -0.007448 -0.000000 0.099722
vn -0.005591 -0.000000 0.099844
vn -0.003597 0.000000 0.099935
vn -0.003731 -0.000000 0.099930
vn -0.001867 -0.000000 0.099983
vn 0.000000 -0.000000 0.100000
vn 0.000000 0.000000 0.100000
vn 0.000000 -0.000000 0.100000
vn 0.089360 -0.000000 0.044886
vn 0.089360 -0.000000 0.044886
vn 0.090749 -0.000000 0.042007
vn 0.088135 -0.000000 0.047247
vn 0.084827 -0.000000 0.052957
vn 0.084947 -0.000000 0.052763
vn 0.081139 -0.000000 0.058451
vn 0.079216 -0.000000 0.061031
vn 0.076706 -0.000000 0.064158
vn 0.072599 -0.000000 0.068771
vn 0.071787 -0.000000 0.069618
vn 0.066502 -0.000000 0.074683
vn 0.065171 -0.000000 0.075847
vn 0.060978 -0.000000 0.079257
vn 0.057230 -0.000000 0.082004
vn 0.055353 -0.000000 0.083283
vn 0.049117 -0.000000 0.087106
vn 0.049755 -0.000000 0.086743
vn 0.044276 -0.000000 0.089664
vn 0.041154 -0.000000 0.091139
vn 0.038965 -0.000000 0.092096
vn 0.035526 -0.000000 0.093477
vn 0.033895 -0.000000 0.094080
vn 0.030194 -0.000000 0.095333
vn 0.029119 -0.000000 0.095667
vn 0.025131 -0.000000 0.096791
vn 0.024668 -0.000000 0.096910
vn 0.020448 -0.000000 0.097887
vn 0.020559 -0.000000 0.097864
vn 0.016308 -0.000000 0.098661
vn 0.016153 -0.000000 0.098687
vn 0.012701 -0.000000 0.099190
vn 0.012239 -0.000000 0.099248
vn 0.009640 -0.000000 0.099534
vn 0.008689 -0.000000 0.099622
vn 0.007037 -0.000000 0.099752
vn 0.005483 -0.000000 0.099850
vn 0.005483 -0.000000 0.099850
vn 0.004001 -0.000000 0.099920
vn 0.004001 -0.000000 0.099920
vn 0.002952 -0.000000 0.099956
vn 0.004826 -0.000000 0.099883
vn 0.090263 -0.000000 0.043043
vn 0.089360 -0.000000 0.044886
vn 0.086974 -0.000000 0.049351
vn 0.082938 -0.000000 0.055868
vn 0.084827 -0.000000 0.052957
vn 0.084827 -0.000000 0.052957
vn 0.078153 -0.000000 0.062387
vn 0.079216 -0.000000 0.061031
vn 0.079216 -0.000000 0.061031
vn 0.072668 -0.000000 0.068697
vn 0.072599 -0.000000 0.068771
vn 0.072599 -0.000000 0.068771
vn 0.066604 -0.000000 0.074592
vn 0.065171 -0.000000 0.075847
vn 0.060163 -0.000000 0.079878
vn 0.057230 -0.000000 0.082004
vn 0.053749 -0.000000 0.084327
vn 0.049117 -0.000000 0.087106
vn 0.047598 -0.000000 0.087946
vn 0.041154 -0.000000 0.091139
vn 0.041849 -0.000000 0.090822
vn 0.041154 -0.000000 0.091139
vn 0.036581 -0.000000 0.093069
vn 0.035526 -0.000000 0.093477
vn 0.035526 -0.000000 0.093477
vn 0.030194 -0.000000 0.095333
vn 0.030194 -0.000000 0.095333
vn 0.025131 -0.000000 0.096791
vn 0.025131 -0.000000 0.096791
vn 0.020448 -0.000000 0.097887
vn 0.020448 -0.000000 0.097887
vn 0.016153 -0.000000 0.098687
vn 0.016153 -0.000000 0.098687
vn 0.012239 -0.000000 0.099248
vn 0.012239 -0.000000 0.099248
vn 0.008689 -0.000000 0.099622
vn 0.008689 -0.000000 0.099622
vn 0.005483 -0.000000 0.099850
vn 0.005483 -0.000000 0.099850
vn 0.004001 -0.000000 0.099920
vn 0.004001 -0.000000 0.099920
vn 0.002595 -0.000000 0.099966
vn 0.002595 -0.000000 0.099966
vn 0.001263 -0.000000 0.099992
vn 0.001263 -0.000000 0.099992
vn 0.000000 -0.000000 0.100000
vn 0.001263 -0.000000 0.099992
vn 0.001358 -0.000000 0.099991
vn 0.002595 -0.000000 0.099966
vn 0.031810 -0.000000 0.094806
vn 0.027507 -0.000000 0.096142
vn 0.023658 -0.000000 0.097161
vn 0.020237 -0.000000 0.097931
vn 0.017210 -0.000000 0.098508
vn 0.016153 -0.000000 0.098687
vn 0.014539 -0.000000 0.098937
vn 0.012239 -0.000000 0.099248
vn 0.012187 -0.000000 0.099255
vn 0.008689 -0.000000 0.099622
vn 0.010133 -0.000000 0.099485
vn 0.008350 -0.000000 0.099651
vn 0.006804 -0.000000 0.099768
vn 0.005483 -0.000000 0.099850
vn 0.005483 -0.000000 0.099850
vn 0.005465 -0.000000 0.099851
vn 0.004001 -0.000000 0.099920
vn 0.004001 -0.000000 0.099920
vn 0.004309 -0.000000 0.099907
vn 0.003318 -0.000000 0.099945
vn 0.002595 -0.000000 0.099966
vn 0.002477 -0.000000 0.099969
vn 0.001263 -0.000000 0.099992
vn 0.001781 -0.000000 0.099984
vn 0.001263 -0.000000 0.099992
vn 0.001215 -0.000000 0.099993
vn 0.000767 -0.000000 0.099997
vn 0.000426 -0.000000 0.099999
vn 0.000188 -0.000000 0.100000
vn 0.000047 -0.000000 0.100000
vn 0.000000 -0.000000 0.100000
vn 0.001263 -0.000000 0.099992
vn 0.002595 -0.000000 0.099966
vn 0.065171 -0.000000 0.075847
vn 0.057230 -0.000000 0.082004
vn 0.049117 -0.000000 0.087106
vn 0.041154 -0.000000 0.091139
vn 0.035526 -0.000000 0.093477
vn 0.030194 -0.000000 0.095333
vn 0.025131 -0.000000 0.096791
vn 0.020448 -0.000000 0.097887
vn 0.016153 -0.000000 0.098687
vn 0.012239 -0.000000 0.099248
vn 0.008689 -0.000000 0.099622
vn 0.000000 -0.100000 0.000000
vn 0.000000 -0.100000 0.000000
vn 0.000000 -0.100000 0.000000
vn 0.000000 -0.100000 0.000000
vn 0.000000 -0.100000 0.000000
vn 0.000000 -0.100000 0.000000
vn 0.000000 -0.100000 0.000000
vn 0.000000 -0.100000 0.000000
vn 0.000000 -0.100000 0.000000
vn 0.000000 -0.100000 0.000000
vn 0.000000 -0.100000 0.000000
vn 0.000000 -0.100000 0.000000
vn 0.000000 -0.100000 0.000000
vn 0.000000 -0.100000 0.000000
vn 0.000000 -0.100000 0.000000
vn 0.000000 -0.100000 0.000000
vn 0.000000 -0.100000 0.000000
vn 0.000000 -0.100000 0.000000
vn 0.000000 -0.100000 0.000000
vn 0.000000 -0.100000 0.000000
vn 0.000000 -0.100000 0.000000
vn 0.000000 -0.100000 0.000000
vn 0.000000 -0.100000 0.000000
vn 0.000000 -0.100000 0.000000
vn 0.000000 -0.100000 0.000000
vn 0.000000 -0.100000 0.000000
vn 0.000000 -0.100000 0.000000
vn 0.000000 -0.100000 0.000000
vn 0.000000 -0.100000 0.000000
vn 0.000000 -0.100000 0.000000
vn 0.000000 -0.100000 0.000000
vn 0.000000 -0.100000 0.000000
vn 0.000000 -0.100000 0.000000
vn 0.000000 -0.100000 0.000000
vn 0.000000 -0.100000 0.000000
vn 0.000000 -0.100000 0.000000
vn 0.000000 -0.100000 0.000000
vn 0.000000 -0.100000 0.000000
vn 0.000000 -0.100000 0.000000
vn 0.000000 -0.100000 0.000000
vn 0.000000 -0.100000 0.000000
vn 0.000000 -0.100000 0.000000
vn 0.000000 -0.100000 0.000000
vn 0.000000 -0.100000 0.000000
vn 0.000000 -0.100000 0.000000
vn 0.000000 -0.100000 0.000000
vn 0.000000 -0.100000 0.000000
vn 0.000000 -0.100000 0.000000
vn 0.000000 -0.100000 0.000000
vn 0.000000 -0.100000 0.000000
vn 0.000000 -0.100000 0.000000
vn 0.000000 -0.100000 0.000000
vn 0.000000 -0.100000 0.000000
vn 0.000000 -0.100000 0.000000
vn 0.000000 -0.100000 0.000000
vn 0.000000 -0.100000 0.000000
vn 0.000000 -0.100000 0.000000
vn 0.000000 -0.100000 0.000000
vn 0.000000 -0.100000 0.000000
vn 0.000000 -0.100000 0.000000
vn 0.000000 -0.100000 0.000000
vn 0.000000 -0.100000 0.000000
vn 0.000000 -0.100000 0.000000
vn 0.000000 -0.100000 0.000000
vn 0.000000 -0.100000 0.000000
vn 0.000000 -0.100000 0.000000
vn 0.000000 -0.100000 0.000000
vn 0.000000 -0.100000 0.000000
vn 0.000000 -0.100000 0.000000
vn 0.000000 -0.100000 0.000000
vn 0.000000 -0.100000 0.000000
vn 0.000000 -0.100000 0.000000
vn 0.000000 -0.100000 0.000000
vn 0.000000 -0.100000 0.000000
vn 0.000000 -0.100000 0.000000
vn 0.000000 -0.100000 0.000000
vn 0.000000 -0.100000 0.000000
vn 0.000000 -0.100000 0.000000
vn 0.000000 -0.100000 0.000000
vn 0.000000 -0.100000 0.000000
vn 0.000000 -0.100000 0.000000
vn 0.000000 -0.100000 0.000000
vn 0.000000 -0.100000 0.000000
vn 0.000000 -0.100000 0.000000
vn 0.000000 -0.100000 0.000000
vn 0.000000 -0.100000 0.000000
vn 0.000000 -0.100000 0.000000
vn 0.000000 -0.100000 0.000000
vn 0.000000 -0.100000 0.000000
vn 0.000000 -0.100000 0.000000
vn 0.000000 -0.100000 0.000000
vn 0.000000 -0.100000 0.000000
vn 0.000000 -0.100000 0.000000
vn 0.000000 -0.100000 0.000000
vn 0.000000 -0.100000 0.000000
vn 0.000000 -0.100000 0.000000
vn 0.000000 -0.100000 0.000000
vn 0.000000 -0.100000 0.000000
vn 0.000000 -0.100000 0.000000
vn 0.000000 -0.100000 0.000000
vn 0.000000 -0.100000 0.000000
vn 0.000000 -0.100000 0.000000
vn 0.000000 -0.100000 0.000000
vn 0.000000 -0.100000 0.000000
vn 0.000000 -0.100000 0.000000
vn 0.000000 -0.100000 0.000000
vn 0.000000 -0.100000 0.000000
vn 0.000000 -0.100000 0.000000
vn 0.000000 -0.100000 0.000000
vn 0.000000 -0.100000 0.000000
vn 0.000000 -0.100000 0.000000
vn 0.000000 -0.100000 0.000000
vn 0.000000 -0.100000 0.000000
vn 0.000000 -0.100000 0.000000
vn 0.000000 -0.100000 0.000000
vn 0.000000 -0.100000 0.000000
vn 0.000000 -0.100000 0.000000
vn 0.000000 -0.100000 0.000000
vn 0.000000 -0.100000 0.000000
vn 0.000000 -0.100000 0.000000
vn 0.000000 -0.100000 0.000000
vn 0.000000 -0.100000 0.000000
vn 0.000000 -0.100000 0.000000
vn 0.000000 -0.100000 0.000000
vn 0.000000 -0.100000 0.000000
vn 0.000000 -0.100000 0.000000
vn 0.000000 -0.100000 0.000000
vn 0.000000 -0.100000 0.000000
vn 0.000000 -0.100000 0.000000
vn 0.000000 -0.100000 0.000000
vn 0.000000 -0.100000 0.000000
vn 0.000000 -0.100000 0.000000
vn 0.000000 -0.100000 0.000000
vn 0.000000 -0.100000 0.000000
vn 0.000000 -0.100000 0.000000
vn 0.000000 -0.100000 0.000000
vn 0.000000 -0.100000 0.000000
vn 0.000000 -0.100000 0.000000
vn 0.000000 -0.100000 0.000000
vn 0.000000 -0.100000 0.000000
vn 0.000000 -0.100000 0.000000
vn 0.000000 -0.100000 0.000000
vn 0.000000 -0.100000 0.000000
vn 0.000000 -0.100000 0.000000
vn 0.000000 -0.100000 0.000000
vn 0.000000 -0.100000 0.000000
vn 0.000000 -0.100000 0.000000
vn 0.000000 -0.100000 0.000000
vn 0.000000 -0.100000 0.000000
vn 0.000000 -0.100000 0.000000
vn 0.000000 -0.100000 0.000000
vn 0.000000 -0.100000 0.000000
vn 0.000000 -0.100000 0.000000
vn 0.000000 -0.100000 0.000000
vn 0.000000 -0.100000 0.000000
vn 0.000000 -0.100000 0.000000
vn 0.000000 -0.100000 0.000000
vn 0.000000 -0.100000 0.000000
vn 0.000000 -0.100000 0.000000
vn 0.000000 -0.100000 0.000000
vn 0.000000 -0.100000 0.000000
vn 0.000000 -0.100000 0.000000
vn 0.000000 -0.100000 0.000000
vn 0.000000 -0.100000 0.000000
vn -0.007929 -0.099685 0.000000
vn -0.009227 -0.099573 0.000000
vn -0.009227 -0.099573 0.000000
vn -0.009227 -0.099573 0.000000
vn -0.009227 -0.099573 0.000000
vn -0.018375 -0.098297 0.000000
vn -0.018375 -0.098297 0.000000
vn -0.027366 -0.096183 0.000000
vn -0.027366 -0.096183 0.000000
vn -0.036124 -0.093247 0.000000
vn -0.036124 -0.093247 0.000000
vn -0.044574 -0.089516 0.000000
vn -0.044574 -0.089516 0.000000
vn -0.052643 -0.085022 0.000000
vn -0.052643 -0.085022 0.000000
vn -0.060263 -0.079802 0.000000
vn -0.060263 -0.079802 0.000000
vn -0.067370 -0.073901 0.000000
vn -0.067370 -0.073901 0.000000
vn -0.073901 -0.067370 0.000000
vn -0.073901 -0.067370 0.000000
vn -0.079802 -0.060263 0.000000
vn -0.079802 -0.060263 0.000000
vn -0.085022 -0.052643 0.000000
vn -0.085022 -0.052643 0.000000
vn -0.089516 -0.044574 0.000000
vn -0.089516 -0.044574 0.000000
vn -0.093247 -0.036124 0.000000
vn -0.093247 -0.036124 0.000000
vn -0.096183 -0.027366 0.000000
vn -0.096183 -0.027366 0.000000
vn -0.098294 -0.018391 0.000000
vn -0.098291 -0.018407 0.000000
vn -0.099572 -0.009243 0.000000
vn -0.099571 -0.009251 0.000000
vn -0.100000 0.000000 0.000000
vn -0.099570 -0.009260 0.000000
vn -0.098288 -0.018424 0.000000
vn -0.098285 -0.018440 0.000000
vn -0.096183 -0.027366 0.000000
vn -0.096155 -0.027461 0.000000
vn -0.093247 -0.036124 0.000000
vn -0.093199 -0.036247 0.000000
vn -0.089516 -0.044574 0.000000
vn -0.089443 -0.044721 0.000000
vn -0.085022 -0.052643 0.000000
vn -0.084917 -0.052811 0.000000
vn -0.079802 -0.060263 0.000000
vn -0.079662 -0.060447 0.000000
vn -0.073901 -0.067370 0.000000
vn -0.073723 -0.067564 0.000000
vn -0.067370 -0.073901 0.000000
vn -0.067150 -0.074100 0.000000
vn -0.060263 -0.079802 0.000000
vn -0.060000 -0.080000 0.000000
vn -0.053325 -0.084596 0.000000
vn -0.052643 -0.085022 0.000000
vn -0.046316 -0.088627 0.000000
vn -0.044574 -0.089516 0.000000
vn -0.039010 -0.092077 0.000000
vn -0.036124 -0.093247 0.000000
vn -0.031445 -0.094927 0.000000
vn -0.027366 -0.096183 0.000000
vn -0.023698 -0.097151 0.000000
vn -0.018375 -0.098297 0.000000
vn -0.015844 -0.098737 0.000000
vn -0.100000 0.000000 0.000000
vn -0.099573 -0.009235 0.000000
vn -0.098297 -0.018375 0.000000
vn -0.099573 -0.009227 0.000000
vn -0.018375 -0.098297 0.000000
vn -0.027366 -0.096183 0.000000
vn -0.036124 -0.093247 0.000000
vn -0.044574 -0.089516 0.000000
vn -0.052643 -0.085022 0.000000
vn -0.060263 -0.079802 0.000000
vn -0.067370 -0.073901 0.000000
vn -0.073901 -0.067370 0.000000
vn -0.079802 -0.060263 0.000000
vn -0.085022 -0.052643 0.000000
vn -0.089516 -0.044574 0.000000
vn -0.093247 -0.036124 0.000000
vn -0.096183 -0.027366 0.000000
vn 0.000000 0.000000 0.100000
vn 0.000000 0.000000 0.100000
vn 0.000000 0.000000 0.100000
vn 0.000000 0.000000 0.100000
vn 0.000000 0.000000 0.100000
vn 0.000000 0.000000 0.100000
vn 0.000000 0.000000 0.100000
vn 0.000000 0.000000 0.100000
vn 0.000000 0.000000 0.100000
vn 0.000000 0.000000 0.100000
vn 0.000000 0.000000 0.100000
vn 0.000000 0.000000 0.100000
vn 0.000000 0.000000 0.100000
vn 0.000000 0.000000 0.100000
vn 0.000000 0.000000 0.100000
vn 0.000000 0.000000 0.100000
vn 0.000000 0.000000 0.100000
vn 0.000000 0.000000 0.100000
vn 0.000000 0.000000 0.100000
vn 0.000000 0.000000 0.100000
vn -0.067150 0.074100 -0.000000
vn -0.060000 0.080000 -0.000000
vn -0.060263 0.079802 -0.000000
vn -0.053329 0.084593 -0.000000
vn -0.052643 0.085022 -0.000000
vn -0.046327 0.088622 -0.000000
vn -0.044574 0.089516 -0.000000
vn -0.039031 0.092068 -0.000000
vn -0.036124 0.093247 -0.000000
vn -0.031479 0.094916 -0.000000
vn -0.027366 0.096183 -0.000000
vn -0.023728 0.097144 -0.000000
vn -0.018375 0.098297 -0.000000
vn -0.015861 0.098734 -0.000000
vn -0.009227 0.099573 -0.000000
vn -0.007928 0.099685 -0.000000
vn -0.000000 0.100000 -0.000000
vn -0.000000 0.100000 -0.000000
vn -0.009227 0.099573 -0.000000
vn -0.009227 0.099573 -0.000000
vn -0.009227 0.099573 -0.000000
vn -0.018375 0.098297 -0.000000
vn -0.018375 0.098297 -0.000000
vn -0.027366 0.096183 -0.000000
vn -0.027366 0.096183 -0.000000
vn -0.036124 0.093247 -0.000000
vn -0.036124 0.093247 -0.000000
vn -0.044574 0.089516 -0.000000
vn -0.044574 0.089516 -0.000000
vn -0.052643 0.085022 -0.000000
vn -0.052643 0.085022 -0.000000
vn -0.060263 0.079802 -0.000000
vn -0.060263 0.079802 -0.000000
vn -0.067370 0.073901 -0.000000
vn -0.067370 0.073901 -0.000000
vn -0.073901 0.067370 -0.000000
vn -0.073901 0.067370 -0.000000
vn -0.079802 0.060263 -0.000000
vn -0.079802 0.060263 -0.000000
vn -0.085022 0.052643 -0.000000
vn -0.085022 0.052643 -0.000000
vn -0.089516 0.044574 -0.000000
vn -0.089516 0.044574 -0.000000
vn -0.093247 0.036124 -0.000000
vn -0.093247 0.036124 -0.000000
vn -0.096183 0.027366 -0.000000
vn -0.096183 0.027366 -0.000000
vn -0.098294 0.018391 -0.000000
vn -0.098297 0.018375 -0.000000
vn -0.099573 0.009235 -0.000000
vn -0.099573 0.009227 -0.000000
vn -0.100000 0.000000 0.000000
vn -0.100000 0.000000 0.000000
vn -0.099570 0.009260 -0.000000
vn -0.099571 0.009251 -0.000000
vn -0.099572 0.009243 -0.000000
vn -0.098288 0.018424 -0.000000
vn -0.098285 0.018440 -0.000000
vn -0.096183 0.027366 -0.000000
vn -0.096155 0.027461 -0.000000
vn -0.093247 0.036124 -0.000000
vn -0.093199 0.036247 -0.000000
vn -0.089516 0.044574 -0.000000
vn -0.089443 0.044721 -0.000000
vn -0.085022 0.052643 -0.000000
vn -0.084917 0.052811 -0.000000
vn -0.079802 0.060263 -0.000000
vn -0.079662 0.060447 -0.000000
vn -0.073901 0.067370 -0.000000
vn -0.073723 0.067564 -0.000000
vn -0.067370 0.073901 -0.000000
vn -0.060263 0.079802 -0.000000
vn -0.052643 0.085022 -0.000000
vn -0.044574 0.089516 -0.000000
vn -0.036124 0.093247 -0.000000
vn -0.027366 0.096183 -0.000000
vn -0.018375 0.098297 -0.000000
vn -0.067370 0.073901 -0.000000
vn -0.073901 0.067370 -0.000000
vn -0.079802 0.060263 -0.000000
vn -0.085022 0.052643 -0.000000
vn -0.089516 0.044574 -0.000000
vn -0.093247 0.036124 -0.000000
vn -0.096183 0.027366 -0.000000
vn -0.098291 0.018407 -0.000000
vn 0.000000 0.100000 0.000000
vn 0.000000 0.100000 0.000000
vn 0.000000 0.100000 0.000000
vn 0.000000 0.100000 0.000000
vn 0.000000 0.100000 0.000000
vn 0.000000 0.100000 0.000000
vn 0.000000 0.100000 0.000000
vn 0.000000 0.100000 0.000000
vn 0.000000 0.100000 0.000000
vn 0.000000 0.100000 0.000000
vn 0.000000 0.100000 0.000000
vn 0.000000 0.100000 0.000000
vn 0.000000 0.100000 0.000000
vn 0.000000 0.100000 0.000000
vn 0.000000 0.100000 0.000000
vn 0.000000 0.100000 0.000000
vn 0.000000 0.100000 0.000000
vn 0.000000 0.100000 0.000000
vn 0.000000 0.100000 0.000000
vn 0.000000 0.100000 0.000000
vn 0.000000 0.100000 0.000000
vn 0.000000 0.100000 0.000000
vn 0.000000 0.100000 0.000000
vn 0.000000 0.100000 0.000000
vn 0.000000 0.100000 0.000000
vn 0.000000 0.100000 0.000000
vn 0.000000 0.100000 0.000000
vn 0.000000 0.100000 0.000000
vn 0.000000 0.100000 0.000000
vn 0.000000 0.100000 0.000000
vn 0.000000 0.100000 0.000000
vn 0.000000 0.100000 0.000000
vn 0.000000 0.100000 0.000000
vn 0.000000 0.100000 0.000000
vn 0.000000 0.100000 0.000000
vn 0.000000 0.100000 0.000000
vn 0.000000 0.100000 0.000000
vn 0.000000 0.100000 0.000000
vn 0.000000 0.100000 0.000000
vn 0.000000 0.100000 0.000000
vn 0.000000 0.100000 0.000000
vn 0.000000 0.100000 0.000000
vn 0.000000 0.100000 0.000000
vn 0.000000 0.100000 0.000000
vn 0.000000 0.100000 0.000000
vn 0.000000 0.100000 0.000000
vn 0.000000 0.100000 0.000000
vn 0.000000 0.100000 0.000000
vn 0.000000 0.100000 0.000000
vn 0.000000 0.100000 0.000000
vn 0.000000 0.100000 0.000000
vn 0.000000 0.100000 0.000000
vn 0.000000 0.100000 0.000000
vn 0.000000 0.100000 0.000000
vn 0.000000 0.100000 0.000000
vn 0.000000 0.100000 0.000000
vn 0.000000 0.100000 0.000000
vn 0.000000 0.100000 0.000000
vn 0.000000 0.100000 0.000000
vn 0.000000 0.100000 0.000000
vn 0.000000 0.100000 0.000000
vn 0.000000 0.100000 0.000000
vn 0.000000 0.100000 0.000000
vn 0.000000 0.100000 0.000000
vn 0.000000 0.100000 0.000000
vn 0.000000 0.100000 0.000000
vn 0.000000 0.100000 0.000000
vn 0.000000 0.100000 0.000000
vn 0.000000 0.100000 0.000000
vn 0.000000 0.100000 0.000000
vn 0.000000 0.100000 0.000000
vn 0.000000 0.100000 0.000000
vn 0.000000 0.100000 0.000000
vn 0.000000 0.100000 0.000000
vn 0.000000 0.100000 0.000000
vn 0.000000 0.100000 0.000000
vn 0.000000 0.100000 0.000000
vn 0.000000 0.100000 0.000000
vn 0.000000 0.100000 0.000000
vn 0.000000 0.100000 0.000000
vn 0.000000 0.100000 0.000000
vn 0.000000 0.100000 0.000000
vn 0.000000 0.100000 0.000000
vn 0.000000 0.100000 0.000000
vn 0.000000 0.100000 0.000000
vn 0.000000 0.100000 0.000000
vn 0.000000 0.100000 0.000000
vn 0.000000 0.100000 0.000000
vn 0.000000 0.100000 0.000000
vn 0.000000 0.100000 0.000000
vn 0.000000 0.100000 0.000000
vn 0.000000 0.100000 0.000000
vn 0.000000 0.100000 0.000000
vn 0.000000 0.100000 0.000000
vn 0.000000 0.100000 0.000000
vn 0.000000 0.100000 0.000000
vn 0.000000 0.100000 0.000000
vn 0.000000 0.100000 0.000000
vn 0.000000 0.100000 0.000000
vn 0.000000 0.100000 0.000000
vn 0.000000 0.100000 0.000000
vn 0.000000 0.100000 0.000000
vn 0.000000 0.100000 0.000000
vn 0.000000 0.100000 0.000000
vn 0.000000 0.100000 0.000000
vn 0.000000 0.100000 0.000000
vn 0.000000 0.100000 0.000000
vn 0.000000 0.100000 0.000000
vn 0.000000 0.100000 0.000000
vn 0.000000 0.100000 0.000000
vn 0.000000 0.100000 0.000000
vn 0.000000 0.100000 0.000000
vn 0.000000 0.100000 0.000000
vn 0.000000 0.100000 0.000000
vn 0.000000 0.100000 0.000000
vn 0.000000 0.100000 0.000000
vn 0.000000 0.100000 0.000000
vn 0.000000 0.100000 0.000000
vn 0.000000 0.100000 0.000000
vn 0.000000 0.100000 0.000000
vn 0.000000 0.100000 0.000000
vn 0.000000 0.100000 0.000000
vn 0.000000 0.100000 0.000000
vn 0.000000 0.100000 0.000000
vn 0.000000 0.100000 0.000000
vn 0.000000 0.100000 0.000000
vn 0.000000 0.100000 0.000000
vn 0.000000 0.100000 0.000000
vn 0.000000 0.100000 0.000000
vn 0.000000 0.100000 0.000000
vn 0.000000 0.100000 0.000000
vn 0.000000 0.100000 0.000000
vn 0.000000 0.100000 0.000000
vn 0.000000 0.100000 0.000000
vn 0.000000 0.100000 0.000000
vn 0.000000 0.100000 0.000000
vn 0.000000 0.100000 0.000000
vn 0.000000 0.100000 0.000000
vn 0.000000 0.100000 0.000000
vn 0.000000 0.100000 0.000000
vn 0.000000 0.100000 0.000000
vn 0.000000 0.100000 0.000000
vn 0.000000 0.100000 0.000000
vn 0.000000 0.100000 0.000000
vn 0.000000 0.100000 0.000000
vn 0.000000 0.100000 0.000000
vn 0.000000 0.100000 0.000000
vn 0.000000 0.100000 0.000000
vn 0.000000 0.100000 0.000000
vn 0.000000 0.100000 0.000000
vn 0.000000 0.100000 0.000000
vn 0.000000 0.100000 0.000000
vn 0.000000 0.100000 0.000000
vn 0.000000 0.100000 0.000000
vn 0.000000 0.100000 0.000000
vn 0.000000 0.100000 0.000000
vn 0.000000 0.100000 0.000000
vn 0.000000 0.100000 0.000000
vn 0.000000 0.100000 0.000000
vn 0.000000 0.100000 0.000000
vn 0.000000 0.100000 0.000000
vn 0.000000 0.100000 0.000000
vn -0.004263 0.099909 0.000000
vn -0.008318 0.099653 0.000000
vn -0.008301 0.099655 0.000000
vn -0.010138 0.099485 0.000000
vn -0.012228 0.099250 0.000000
vn -0.016459 0.098636 0.000000
vn -0.014611 0.098927 0.000000
vn -0.017287 0.098494 0.000000
vn -0.020207 0.097937 0.000000
vn -0.024549 0.096940 0.000000
vn -0.024549 0.096940 0.000000
vn -0.032470 0.094582 0.000000
vn -0.030902 0.095106 0.000000
vn -0.038268 0.092388 0.000000
vn -0.040170 0.091577 0.000000
vn -0.045399 0.089101 0.000000
vn -0.047595 0.087947 0.000000
vn -0.052250 0.085264 0.000000
vn -0.054695 0.083717 0.000000
vn -0.058779 0.080902 0.000000
vn -0.061421 0.078914 0.000000
vn -0.064945 0.076041 0.000000
vn -0.067728 0.073572 0.000000
vn -0.070711 0.070711 0.000000
vn -0.073572 0.067728 0.000000
vn -0.076041 0.064945 0.000000
vn -0.078914 0.061421 0.000000
vn -0.080902 0.058779 0.000000
vn -0.083717 0.054695 0.000000
vn -0.085264 0.052250 0.000000
vn -0.087947 0.047595 0.000000
vn -0.089101 0.045399 0.000000
vn -0.091577 0.040170 0.000000
vn -0.092388 0.038268 0.000000
vn -0.094582 0.032470 0.000000
vn -0.095106 0.030902 0.000000
vn -0.096940 0.024549 0.000000
vn -0.097237 0.023345 0.000000
vn -0.098636 0.016459 0.000000
vn -0.098769 0.015643 0.000000
vn -0.099658 0.008258 0.000000
vn -0.099692 0.007846 0.000000
vn -0.099658 0.008258 0.000000
vn -0.099841 0.005629 0.000000
vn -0.099366 0.011240 0.000000
vn -0.098636 0.016459 0.000000
vn -0.098576 0.016814 0.000000
vn -0.097474 0.022335 0.000000
vn -0.096940 0.024549 0.000000
vn -0.096063 0.027784 0.000000
vn -0.094582 0.032470 0.000000
vn -0.094350 0.033139 0.000000
vn -0.092339 0.038387 0.000000
vn -0.091577 0.040170 0.000000
vn -0.090035 0.043517 0.000000
vn -0.087947 0.047595 0.000000
vn -0.087445 0.048511 0.000000
vn -0.084585 0.053343 0.000000
vn -0.083717 0.054695 0.000000
vn -0.081463 0.057998 0.000000
vn -0.078914 0.061421 0.000000
vn -0.078090 0.062466 0.000000
vn -0.074473 0.066736 0.000000
vn -0.073572 0.067728 0.000000
vn -0.070634 0.070787 0.000000
vn -0.067728 0.073572 0.000000
vn -0.066669 0.074534 0.000000
vn -0.062623 0.077964 0.000000
vn -0.061421 0.078914 0.000000
vn -0.058521 0.081088 0.000000
vn -0.054695 0.083717 0.000000
vn -0.054389 0.083915 0.000000
vn -0.050255 0.086455 0.000000
vn -0.047595 0.087947 0.000000
vn -0.046142 0.088718 0.000000
vn -0.042074 0.090718 0.000000
vn -0.040170 0.091577 0.000000
vn -0.038076 0.092467 0.000000
vn -0.032470 0.094582 0.000000
vn -0.034172 0.093980 0.000000
vn -0.030386 0.095272 0.000000
vn -0.026760 0.096353 0.000000
vn -0.023365 0.097232 0.000000
vn -0.023345 0.097237 0.000000
vn -0.016459 0.098636 0.000000
vn -0.015643 0.098769 0.000000
vn -0.008280 0.099657 0.000000
vn 0.000000 0.100000 0.000000
vn -0.007846 0.099692 0.000000
vn 0.000000 0.100000 0.000000
vn 0.000000 0.000000 0.100000
vn 0.000000 0.000000 0.100000
vn 0.000000 0.000000 0.100000
vn 0.000000 0.000000 0.100000
vn 0.000000 0.000000 0.100000
vn 0.000000 0.000000 0.100000
vn 0.000000 0.000000 0.100000
vn 0.000000 0.000000 0.100000
vn 0.000000 0.000000 0.100000
vn 0.000000 0.000000 0.100000
vn 0.000000 0.000000 0.100000
vn 0.000000 0.000000 0.100000
vn 0.000000 0.000000 0.100000
vn 0.000000 0.000000 0.100000
vn 0.000000 0.000000 0.100000
vn 0.000000 0.000000 0.100000
vn 0.000000 0.000000 0.100000
vn 0.000000 0.000000 0.100000
vn 0.000000 0.000000 0.100000
vn 0.000000 0.000000 0.100000
vn 0.000000 0.000000 0.100000
vn 0.000000 0.000000 0.100000
vn 0.000000 0.000000 0.100000
vn 0.000000 0.000000 0.100000
vn 0.000000 0.000000 0.100000
vn 0.000000 0.000000 0.100000
vn 0.000000 0.000000 0.100000
vn 0.000000 0.000000 0.100000
vn 0.000000 0.000000 0.100000
vn 0.000000 0.000000 0.100000
vn 0.000000 0.000000 0.100000
vn 0.000000 0.000000 0.100000
vn 0.015031 -0.098864 0.000000
vn 0.018375 -0.098297 0.000000
vn 0.020000 -0.097980 0.000000
vn 0.027366 -0.096183 0.000000
vn 0.028849 -0.095748 0.000000
vn 0.036124 -0.093247 0.000000
vn 0.037459 -0.092719 0.000000
vn 0.044574 -0.089516 0.000000
vn 0.045756 -0.088918 0.000000
vn 0.052643 -0.085022 0.000000
vn 0.053672 -0.084376 0.000000
vn 0.060263 -0.079802 0.000000
vn 0.061141 -0.079132 0.000000
vn 0.067370 -0.073901 0.000000
vn 0.068100 -0.073228 0.000000
vn 0.073901 -0.067370 0.000000
vn 0.074493 -0.066714 0.000000
vn 0.079802 -0.060263 0.000000
vn 0.080265 -0.059645 0.000000
vn 0.085022 -0.052643 0.000000
vn 0.085369 -0.052079 0.000000
vn 0.089516 -0.044574 0.000000
vn 0.089761 -0.044079 0.000000
vn 0.093247 -0.036124 0.000000
vn 0.093406 -0.035712 0.000000
vn 0.096183 -0.027366 0.000000
vn 0.096273 -0.027048 0.000000
vn 0.098297 -0.018375 0.000000
vn 0.098338 -0.018158 0.000000
vn 0.099573 -0.009227 0.000000
vn 0.099584 -0.009117 0.000000
vn 0.100000 0.000000 0.000000
vn 0.099573 -0.009227 0.000000
vn 0.100000 0.000000 0.000000
vn 0.099573 -0.009227 0.000000
vn 0.099573 -0.009227 0.000000
vn 0.098297 -0.018375 0.000000
vn 0.098297 -0.018375 0.000000
vn 0.096183 -0.027366 0.000000
vn 0.096183 -0.027366 0.000000
vn 0.093247 -0.036124 0.000000
vn 0.093247 -0.036124 0.000000
vn 0.089516 -0.044574 0.000000
vn 0.089516 -0.044574 0.000000
vn 0.085022 -0.052643 0.000000
vn 0.085022 -0.052643 0.000000
vn 0.079802 -0.060263 0.000000
vn 0.079802 -0.060263 0.000000
vn 0.073901 -0.067370 0.000000
vn 0.073901 -0.067370 0.000000
vn 0.067370 -0.073901 0.000000
vn 0.067370 -0.073901 0.000000
vn 0.060263 -0.079802 0.000000
vn 0.060263 -0.079802 0.000000
vn 0.052643 -0.085022 0.000000
vn 0.052643 -0.085022 0.000000
vn 0.044574 -0.089516 0.000000
vn 0.044574 -0.089516 0.000000
vn 0.036124 -0.093247 0.000000
vn 0.036124 -0.093247 0.000000
vn 0.027366 -0.096183 0.000000
vn 0.027366 -0.096183 0.000000
vn 0.018375 -0.098297 0.000000
vn 0.018375 -0.098297 0.000000
vn 0.009227 -0.099573 0.000000
vn 0.009227 -0.099573 0.000000
vn 0.009227 -0.099573 0.000000
vn 0.005021 -0.099874 0.000000
vn 0.009227 -0.099573 0.000000
vn 0.010034 -0.099495 0.000000
vn 0.027366 -0.096183 0.000000
vn 0.018375 -0.098297 0.000000
vn 0.036124 -0.093247 0.000000
vn 0.044574 -0.089516 0.000000
vn 0.052643 -0.085022 0.000000
vn 0.060263 -0.079802 0.000000
vn 0.067370 -0.073901 0.000000
vn 0.073901 -0.067370 0.000000
vn 0.079802 -0.060263 0.000000
vn 0.085022 -0.052643 0.000000
vn 0.089516 -0.044574 0.000000
vn 0.093247 -0.036124 0.000000
vn 0.096183 -0.027366 0.000000
vn 0.098297 -0.018375 0.000000
vn -0.089360 -0.000000 0.044886
vn -0.089360 0.000000 0.044886
vn -0.089918 0.000000 0.043758
vn -0.086194 0.000000 0.050700
vn -0.084827 0.000000 0.052957
vn -0.081571 0.000000 0.057846
vn -0.079216 0.000000 0.061031
vn -0.076021 0.000000 0.064968
vn -0.072599 0.000000 0.068771
vn -0.069623 0.000000 0.071782
vn -0.065171 0.000000 0.075847
vn -0.062561 0.000000 0.078014
vn -0.057230 0.000000 0.082004
vn -0.055137 0.000000 0.083426
vn -0.049117 0.000000 0.087106
vn -0.047663 0.000000 0.087910
vn -0.041154 0.000000 0.091139
vn -0.040404 0.000000 0.091474
vn -0.035526 0.000000 0.093477
vn -0.033564 0.000000 0.094199
vn -0.030194 0.000000 0.095333
vn -0.027270 0.000000 0.096210
vn -0.025131 0.000000 0.096791
vn -0.021565 -0.000000 0.097647
vn -0.020448 0.000000 0.097887
vn -0.016467 -0.000000 0.098635
vn -0.016153 0.000000 0.098687
vn -0.011961 0.000000 0.099282
vn -0.012239 0.000000 0.099248
vn -0.008689 0.000000 0.099622
vn -0.008689 -0.000000 0.099622
vn -0.005483 -0.000000 0.099850
vn -0.005483 -0.000000 0.099850
vn -0.004001 -0.000000 0.099920
vn -0.004001 -0.000000 0.099920
vn -0.002595 -0.000000 0.099966
vn -0.002595 -0.000000 0.099966
vn -0.001263 -0.000000 0.099992
vn -0.001263 -0.000000 0.099992
vn -0.000766 -0.000000 0.099997
vn -0.000426 0.000000 0.099999
vn -0.090265 -0.000000 0.043038
vn -0.089360 -0.000000 0.044886
vn -0.086980 -0.000000 0.049340
vn -0.082951 -0.000000 0.055850
vn -0.084827 -0.000000 0.052957
vn -0.084827 -0.000000 0.052957
vn -0.078171 -0.000000 0.062364
vn -0.079216 -0.000000 0.061031
vn -0.079216 -0.000000 0.061031
vn -0.072690 -0.000000 0.068674
vn -0.072599 -0.000000 0.068771
vn -0.072599 -0.000000 0.068771
vn -0.066626 -0.000000 0.074572
vn -0.065171 -0.000000 0.075847
vn -0.060187 -0.000000 0.079859
vn -0.057230 -0.000000 0.082004
vn -0.053777 -0.000000 0.084309
vn -0.049117 -0.000000 0.087106
vn -0.047628 -0.000000 0.087929
vn -0.041154 -0.000000 0.091139
vn -0.041880 -0.000000 0.090808
vn -0.041154 -0.000000 0.091139
vn -0.036610 -0.000000 0.093058
vn -0.035526 -0.000000 0.093477
vn -0.035526 -0.000000 0.093477
vn -0.030194 -0.000000 0.095333
vn -0.030194 -0.000000 0.095333
vn -0.025131 -0.000000 0.096791
vn -0.025131 -0.000000 0.096791
vn -0.020448 -0.000000 0.097887
vn -0.020448 -0.000000 0.097887
vn -0.016153 -0.000000 0.098687
vn -0.016153 -0.000000 0.098687
vn -0.012239 -0.000000 0.099248
vn -0.012239 -0.000000 0.099248
vn -0.008689 -0.000000 0.099622
vn -0.008689 -0.000000 0.099622
vn -0.005483 -0.000000 0.099850
vn -0.031834 -0.000000 0.094798
vn -0.027526 -0.000000 0.096137
vn -0.023673 -0.000000 0.097157
vn -0.020249 -0.000000 0.097928
vn -0.017219 -0.000000 0.098506
vn -0.016153 -0.000000 0.098687
vn -0.014545 -0.000000 0.098937
vn -0.012239 -0.000000 0.099248
vn -0.012191 -0.000000 0.099254
vn -0.008689 -0.000000 0.099622
vn -0.010137 -0.000000 0.099485
vn -0.008353 -0.000000 0.099651
vn -0.006805 -0.000000 0.099768
vn -0.005483 -0.000000 0.099850
vn -0.005483 -0.000000 0.099850
vn -0.005465 -0.000000 0.099851
vn -0.004001 -0.000000 0.099920
vn -0.004001 -0.000000 0.099920
vn -0.004309 -0.000000 0.099907
vn -0.003316 -0.000000 0.099945
vn -0.002595 -0.000000 0.099966
vn -0.002476 -0.000000 0.099969
vn -0.001780 -0.000000 0.099984
vn -0.001263 -0.000000 0.099992
vn -0.001215 -0.000000 0.099993
vn -0.000188 0.000000 0.100000
vn -0.000047 0.000000 0.100000
vn -0.000997 0.000000 0.099995
vn -0.001263 0.000000 0.099992
vn -0.001263 -0.000000 0.099992
vn -0.001263 -0.000000 0.099992
vn -0.002595 -0.000000 0.099966
vn -0.002595 -0.000000 0.099966
vn -0.004001 -0.000000 0.099920
vn -0.002083 0.000000 0.099978
vn -0.002595 0.000000 0.099966
vn -0.003267 0.000000 0.099947
vn -0.004001 0.000000 0.099920
vn -0.004558 -0.000000 0.099896
vn -0.005483 0.000000 0.099850
vn -0.008007 0.000000 0.099679
vn -0.001263 -0.000000 0.099992
vn -0.065171 -0.000000 0.075847
vn -0.057230 -0.000000 0.082004
vn -0.049117 -0.000000 0.087106
vn -0.041154 -0.000000 0.091139
vn -0.035526 -0.000000 0.093477
vn -0.030194 -0.000000 0.095333
vn -0.025131 -0.000000 0.096791
vn -0.020448 -0.000000 0.097887
vn -0.016153 -0.000000 0.098687
vn -0.012239 -0.000000 0.099248
vn 0.005023 0.099874 0.000000
vn 0.009227 0.099573 0.000000
vn 0.009227 0.099573 0.000000
vn 0.009227 0.099573 0.000000
vn 0.009227 0.099573 0.000000
vn 0.018375 0.098297 0.000000
vn 0.018375 0.098297 0.000000
vn 0.027366 0.096183 0.000000
vn 0.027366 0.096183 0.000000
vn 0.036124 0.093247 0.000000
vn 0.036124 0.093247 0.000000
vn 0.044574 0.089516 0.000000
vn 0.044574 0.089516 0.000000
vn 0.052643 0.085022 0.000000
vn 0.052643 0.085022 0.000000
vn 0.060263 0.079802 0.000000
vn 0.060263 0.079802 0.000000
vn 0.067370 0.073901 0.000000
vn 0.067370 0.073901 0.000000
vn 0.073901 0.067370 0.000000
vn 0.073901 0.067370 0.000000
vn 0.079802 0.060263 0.000000
vn 0.079802 0.060263 0.000000
vn 0.085022 0.052643 0.000000
vn 0.085022 0.052643 0.000000
vn 0.089516 0.044574 0.000000
vn 0.089516 0.044574 0.000000
vn 0.093247 0.036124 0.000000
vn 0.093247 0.036124 0.000000
vn 0.096183 0.027366 0.000000
vn 0.096183 0.027366 0.000000
vn 0.098297 0.018375 0.000000
vn 0.098297 0.018375 0.000000
vn 0.099573 0.009227 0.000000
vn 0.099573 0.009227 0.000000
vn 0.100000 0.000000 0.000000
vn 0.099573 0.009227 0.000000
vn 0.099573 0.009227 0.000000
vn 0.098297 0.018375 0.000000
vn 0.098338 0.018158 0.000000
vn 0.096273 0.027048 0.000000
vn 0.096183 0.027366 0.000000
vn 0.093406 0.035712 0.000000
vn 0.093247 0.036124 0.000000
vn 0.089761 0.044079 0.000000
vn 0.089516 0.044574 0.000000
vn 0.085369 0.052079 0.000000
vn 0.085022 0.052643 0.000000
vn 0.080265 0.059645 0.000000
vn 0.079802 0.060263 0.000000
vn 0.074493 0.066714 0.000000
vn 0.073901 0.067370 0.000000
vn 0.068100 0.073228 0.000000
vn 0.067370 0.073901 0.000000
vn 0.061141 0.079132 0.000000
vn 0.060263 0.079802 0.000000
vn 0.053672 0.084376 0.000000
vn 0.052643 0.085022 0.000000
vn 0.045756 0.088918 0.000000
vn 0.044574 0.089516 0.000000
vn 0.037459 0.092719 0.000000
vn 0.036124 0.093247 0.000000
vn 0.028849 0.095748 0.000000
vn 0.027366 0.096183 0.000000
vn 0.020000 0.097980 0.000000
vn 0.018375 0.098297 0.000000
vn 0.015033 0.098864 0.000000
vn 0.010038 0.099495 0.000000
vn 0.099584 0.009117 0.000000
vn 0.100000 0.000000 0.000000
vn 0.018375 0.098297 0.000000
vn 0.027366 0.096183 0.000000
vn 0.036124 0.093247 0.000000
vn 0.044574 0.089516 0.000000
vn 0.052643 0.085022 0.000000
vn 0.060263 0.079802 0.000000
vn 0.067370 0.073901 0.000000
vn 0.073901 0.067370 0.000000
vn 0.079802 0.060263 0.000000
vn 0.085022 0.052643 0.000000
vn 0.089516 0.044574 0.000000
vn 0.093247 0.036124 0.000000
vn 0.096183 0.027366 0.000000
vn 0.098297 0.018375 0.000000
vn -0.099533 0.009651 0.000000
vn -0.099533 0.009651 0.000000
vn -0.100000 0.000000 0.000000
vn -0.100000 0.000000 0.000000
vn -0.099533 -0.009651 0.000000
vn -0.099533 -0.009651 0.000000
vn -0.098137 -0.019213 0.000000
vn -0.098137 -0.019213 0.000000
vn -0.095825 -0.028595 0.000000
vn -0.095825 -0.028595 0.000000
vn -0.092617 -0.037709 0.000000
vn -0.092617 -0.037709 0.000000
vn -0.088546 -0.046472 0.000000
vn -0.088546 -0.046472 0.000000
vn -0.083647 -0.054801 0.000000
vn -0.083647 -0.054801 0.000000
vn -0.077967 -0.062619 0.000000
vn -0.077967 -0.062619 0.000000
vn -0.071560 -0.069851 0.000000
vn -0.071560 -0.069851 0.000000
vn -0.064484 -0.076432 0.000000
vn -0.064484 -0.076432 0.000000
vn -0.056806 -0.082298 0.000000
vn -0.056806 -0.082298 0.000000
vn -0.048598 -0.087397 0.000000
vn -0.048598 -0.087397 0.000000
vn -0.039936 -0.091679 0.000000
vn -0.039936 -0.091679 0.000000
vn -0.030902 -0.095106 0.000000
vn -0.030902 -0.095106 0.000000
vn -0.021578 -0.097644 0.000000
vn -0.021578 -0.097644 0.000000
vn -0.012054 -0.099271 0.000000
vn -0.012054 -0.099271 0.000000
vn -0.002416 -0.099971 0.000000
vn -0.002416 -0.099971 0.000000
vn 0.007243 -0.099737 0.000000
vn 0.007243 -0.099737 0.000000
vn 0.016836 -0.098573 0.000000
vn 0.016836 -0.098573 0.000000
vn 0.026271 -0.096488 0.000000
vn 0.026271 -0.096488 0.000000
vn 0.035460 -0.093502 0.000000
vn 0.035460 -0.093502 0.000000
vn 0.044319 -0.089643 0.000000
vn 0.044319 -0.089643 0.000000
vn 0.052764 -0.084947 0.000000
vn 0.052764 -0.084947 0.000000
vn 0.060716 -0.079458 0.000000
vn 0.060716 -0.079458 0.000000
vn 0.068102 -0.073227 0.000000
vn 0.068102 -0.073227 0.000000
vn 0.074851 -0.066312 0.000000
vn 0.074851 -0.066312 0.000000
vn 0.080902 -0.058779 0.000000
vn 0.080902 -0.058779 0.000000
vn 0.086197 -0.050696 0.000000
vn 0.086197 -0.050696 0.000000
vn 0.090687 -0.042140 0.000000
vn 0.090687 -0.042140 0.000000
vn 0.094331 -0.033191 0.000000
vn 0.094331 -0.033191 0.000000
vn 0.097094 -0.023932 0.000000
vn 0.097094 -0.023932 0.000000
vn 0.098951 -0.014449 0.000000
vn 0.098951 -0.014449 0.000000
vn 0.099883 -0.004831 0.000000
vn 0.099883 -0.004831 0.000000
vn 0.099883 0.004831 0.000000
vn 0.099883 0.004831 0.000000
vn 0.098951 0.014449 0.000000
vn 0.098951 0.014449 0.000000
vn 0.097094 0.023932 0.000000
vn 0.097094 0.023932 0.000000
vn 0.094331 0.033191 0.000000
vn 0.094331 0.033191 0.000000
vn 0.090687 0.042140 0.000000
vn 0.090687 0.042140 0.000000
vn 0.086197 0.050696 0.000000
vn 0.086197 0.050696 0.000000
vn 0.080902 0.058779 0.000000
vn 0.080902 0.058779 0.000000
vn 0.074851 0.066312 0.000000
vn 0.074851 0.066312 0.000000
vn 0.068102 0.073227 0.000000
vn 0.068102 0.073227 0.000000
vn 0.060716 0.079458 0.000000
vn 0.060716 0.079458 0.000000
vn 0.052764 0.084947 0.000000
vn 0.052764 0.084947 0.000000
vn 0.044319 0.089643 0.000000
vn 0.044319 0.089643 0.000000
vn 0.035460 0.093502 0.000000
vn 0.035460 0.093502 0.000000
vn 0.026271 0.096488 0.000000
vn 0.026271 0.096488 0.000000
vn 0.016836 0.098573 0.000000
vn 0.016836 0.098573 0.000000
vn 0.007243 0.099737 0.000000
vn 0.007243 0.099737 0.000000
vn -0.002416 0.099971 0.000000
vn -0.002416 0.099971 0.000000
vn -0.012054 0.099271 0.000000
vn -0.012054 0.099271 0.000000
vn -0.021578 0.097644 0.000000
vn -0.021578 0.097644 0.000000
vn -0.030902 0.095106 0.000000
vn -0.030902 0.095106 0.000000
vn -0.039936 0.091679 0.000000
vn -0.039936 0.091679 0.000000
vn -0.048598 0.087397 0.000000
vn -0.048598 0.087397 0.000000
vn -0.056806 0.082298 0.000000
vn -0.056806 0.082298 0.000000
vn -0.064484 0.076432 0.000000
vn -0.064484 0.076432 0.000000
vn -0.071560 0.069851 0.000000
vn -0.071560 0.069851 0.000000
vn -0.077967 0.062619 0.000000
vn -0.077967 0.062619 0.000000
vn -0.083647 0.054801 0.000000
vn -0.083647 0.054801 0.000000
vn -0.088546 0.046472 0.000000
vn -0.088546 0.046472 0.000000
vn -0.092617 0.037709 0.000000
vn -0.092617 0.037709 0.000000
vn -0.095825 0.028595 0.000000
vn -0.095825 0.028595 0.000000
vn -0.098137 0.019213 0.000000
vn -0.098137 0.019213 0.000000
vn 0.000000 0.000000 0.100000
vn 0.000000 0.000000 0.100000
vn 0.000000 0.000000 0.100000
vn 0.000000 0.000000 0.100000
vn 0.000000 0.000000 0.100000
vn 0.000000 0.000000 0.100000
vn 0.000000 0.000000 0.100000
vn 0.000000 0.000000 0.100000
vn 0.000000 0.000000 0.100000
vn 0.000000 0.000000 0.100000
vn 0.000000 0.000000 0.100000
vn 0.000000 0.000000 0.100000
vn 0.000000 0.000000 0.100000
vn 0.000000 0.000000 0.100000
vn 0.000000 0.000000 0.100000
vn 0.000000 0.000000 0.100000
vn 0.000000 0.000000 0.100000
vn 0.000000 0.000000 0.100000
vn 0.000000 0.000000 0.100000
vn 0.000000 0.000000 0.100000
vn 0.000000 0.000000 0.100000
vn 0.000000 0.000000 0.100000
vn 0.000000 0.000000 0.100000
vn 0.000000 0.000000 0.100000
vn 0.000000 0.000000 0.100000
vn 0.000000 0.000000 0.100000
vn 0.000000 0.000000 0.100000
vn 0.000000 0.000000 0.100000
vn 0.000000 0.000000 0.100000
vn 0.000000 0.000000 0.100000
vn 0.000000 0.000000 0.100000
vn 0.000000 0.000000 0.100000
vn 0.000000 0.000000 0.100000
vn 0.000000 0.000000 0.100000
vn 0.000000 0.000000 0.100000
vn 0.000000 0.000000 0.100000
vn 0.000000 0.000000 0.100000
vn 0.000000 0.000000 0.100000
vn 0.000000 0.000000 0.100000
vn 0.000000 0.000000 0.100000
vn 0.000000 0.000000 0.100000
vn 0.000000 0.000000 0.100000
vn 0.000000 0.000000 0.100000
vn 0.000000 0.000000 0.100000
vn 0.000000 0.000000 0.100000
vn 0.000000 0.000000 0.100000
vn 0.000000 0.000000 0.100000
vn 0.000000 0.000000 0.100000
vn 0.000000 0.000000 0.100000
vn 0.000000 0.000000 0.100000
vn 0.000000 0.000000 0.100000
vn 0.000000 0.000000 0.100000
vn 0.000000 0.000000 0.100000
vn 0.000000 0.000000 0.100000
vn 0.000000 0.000000 0.100000
vn 0.000000 0.000000 0.100000
vn 0.000000 0.000000 0.100000
vn 0.000000 0.000000 0.100000
vn 0.000000 0.000000 0.100000
vn 0.000000 0.000000 0.100000
vn 0.000000 0.000000 0.100000
vn 0.000000 0.000000 0.100000
vn 0.000000 0.000000 0.100000
vn 0.000000 0.000000 0.100000
vn 0.000000 0.000000 0.100000
vn -0.099533 0.009651 0.000000
vn -0.099533 0.009651 0.000000
vn -0.100000 0.000000 0.000000
vn -0.100000 0.000000 0.000000
vn -0.099533 -0.009651 0.000000
vn -0.099533 -0.009651 0.000000
vn -0.098137 -0.019213 0.000000
vn -0.098137 -0.019213 0.000000
vn -0.095825 -0.028595 0.000000
vn -0.095825 -0.028595 0.000000
vn -0.092617 -0.037709 0.000000
vn -0.092617 -0.037709 0.000000
vn -0.088546 -0.046472 0.000000
vn -0.088546 -0.046472 0.000000
vn -0.083647 -0.054801 0.000000
vn -0.083647 -0.054801 0.000000
vn -0.077967 -0.062619 0.000000
vn -0.077967 -0.062619 0.000000
vn -0.071560 -0.069851 0.000000
vn -0.071560 -0.069851 0.000000
vn -0.064484 -0.076432 0.000000
vn -0.064484 -0.076432 0.000000
vn -0.056806 -0.082298 0.000000
vn -0.056806 -0.082298 0.000000
vn -0.048598 -0.087397 0.000000
vn -0.048598 -0.087397 0.000000
vn -0.039936 -0.091679 0.000000
vn -0.039936 -0.091679 0.000000
vn -0.030902 -0.095106 0.000000
vn -0.030902 -0.095106 0.000000
vn -0.021578 -0.097644 0.000000
vn -0.021578 -0.097644 0.000000
vn -0.012054 -0.099271 0.000000
vn -0.012054 -0.099271 0.000000
vn -0.002416 -0.099971 0.000000
vn -0.002416 -0.099971 0.000000
vn 0.007243 -0.099737 0.000000
vn 0.007243 -0.099737 0.000000
vn 0.016836 -0.098573 0.000000
vn 0.016836 -0.098573 0.000000
vn 0.026271 -0.096488 0.000000
vn 0.026271 -0.096488 0.000000
vn 0.035460 -0.093502 0.000000
vn 0.035460 -0.093502 0.000000
vn 0.044319 -0.089643 0.000000
vn 0.044319 -0.089643 0.000000
vn 0.052764 -0.084947 0.000000
vn 0.052764 -0.084947 0.000000
vn 0.060716 -0.079458 0.000000
vn 0.060716 -0.079458 0.000000
vn 0.068102 -0.073227 0.000000
vn 0.068102 -0.073227 0.000000
vn 0.074851 -0.066312 0.000000
vn 0.074851 -0.066312 0.000000
vn 0.080902 -0.058779 0.000000
vn 0.080902 -0.058779 0.000000
vn 0.086197 -0.050696 0.000000
vn 0.086197 -0.050696 0.000000
vn 0.090687 -0.042140 0.000000
vn 0.090687 -0.042140 0.000000
vn 0.094331 -0.033191 0.000000
vn 0.094331 -0.033191 0.000000
vn 0.097094 -0.023932 0.000000
vn 0.097094 -0.023932 0.000000
vn 0.098951 -0.014449 0.000000
vn 0.098951 -0.014449 0.000000
vn 0.099883 -0.004831 0.000000
vn 0.099883 -0.004831 0.000000
vn 0.099883 0.004831 0.000000
vn 0.099883 0.004831 0.000000
vn 0.098951 0.014449 0.000000
vn 0.098951 0.014449 0.000000
vn 0.097094 0.023932 0.000000
vn 0.097094 0.023932 0.000000
vn 0.094331 0.033191 0.000000
vn 0.094331 0.033191 0.000000
vn 0.090687 0.042140 0.000000
vn 0.090687 0.042140 0.000000
vn 0.086197 0.050696 0.000000
vn 0.086197 0.050696 0.000000
vn 0.080902 0.058779 0.000000
vn 0.080902 0.058779 0.000000
vn 0.074851 0.066312 0.000000
vn 0.074851 0.066312 0.000000
vn 0.068102 0.073227 0.000000
vn 0.068102 0.073227 0.000000
vn 0.060716 0.079458 0.000000
vn 0.060716 0.079458 0.000000
vn 0.052764 0.084947 0.000000
vn 0.052764 0.084947 0.000000
vn 0.044319 0.089643 0.000000
vn 0.044319 0.089643 0.000000
vn 0.035460 0.093502 0.000000
vn 0.035460 0.093502 0.000000
vn 0.026271 0.096488 0.000000
vn 0.026271 0.096488 0.000000
vn 0.016836 0.098573 0.000000
vn 0.016836 0.098573 0.000000
vn 0.007243 0.099737 0.000000
vn 0.007243 0.099737 0.000000
vn -0.002416 0.099971 0.000000
vn -0.002416 0.099971 0.000000
vn -0.012054 0.099271 0.000000
vn -0.012054 0.099271 0.000000
vn -0.021578 0.097644 0.000000
vn -0.021578 0.097644 0.000000
vn -0.030902 0.095106 0.000000
vn -0.030902 0.095106 0.000000
vn -0.039936 0.091679 0.000000
vn -0.039936 0.091679 0.000000
vn -0.048598 0.087397 0.000000
vn -0.048598 0.087397 0.000000
vn -0.056806 0.082298 0.000000
vn -0.056806 0.082298 0.000000
vn -0.064484 0.076432 0.000000
vn -0.064484 0.076432 0.000000
vn -0.071560 0.069851 0.000000
vn -0.071560 0.069851 0.000000
vn -0.077967 0.062619 0.000000
vn -0.077967 0.062619 0.000000
vn -0.083647 0.054801 0.000000
vn -0.083647 0.054801 0.000000
vn -0.088546 0.046472 0.000000
vn -0.088546 0.046472 0.000000
vn -0.092617 0.037709 0.000000
vn -0.092617 0.037709 0.000000
vn -0.095825 0.028595 0.000000
vn -0.095825 0.028595 0.000000
vn -0.098137 0.019213 0.000000
vn -0.098137 0.019213 0.000000
vn 0.000000 0.000000 0.100000
vn 0.000000 0.000000 0.100000
vn 0.000000 0.000000 0.100000
vn 0.000000 0.000000 0.100000
vn 0.000000 0.000000 0.100000
vn 0.000000 0.000000 0.100000
vn 0.000000 0.000000 0.100000
vn 0.000000 0.000000 0.100000
vn 0.000000 0.000000 0.100000
vn 0.000000 0.000000 0.100000
vn 0.000000 0.000000 0.100000
vn 0.000000 0.000000 0.100000
vn 0.000000 0.000000 0.100000
vn 0.000000 0.000000 0.100000
vn 0.000000 0.000000 0.100000
vn 0.000000 0.000000 0.100000
vn 0.000000 0.000000 0.100000
vn 0.000000 0.000000 0.100000
vn 0.000000 0.000000 0.100000
vn 0.000000 0.000000 0.100000
vn 0.000000 0.000000 0.100000
vn 0.000000 0.000000 0.100000
vn 0.000000 0.000000 0.100000
vn 0.000000 0.000000 0.100000
vn 0.000000 0.000000 0.100000
vn 0.000000 0.000000 0.100000
vn 0.000000 0.000000 0.100000
vn 0.000000 0.000000 0.100000
vn 0.000000 0.000000 0.100000
vn 0.000000 0.000000 0.100000
vn 0.000000 0.000000 0.100000
vn 0.000000 0.000000 0.100000
vn 0.000000 0.000000 0.100000
vn 0.000000 0.000000 0.100000
vn 0.000000 0.000000 0.100000
vn 0.000000 0.000000 0.100000
vn 0.000000 0.000000 0.100000
vn 0.000000 0.000000 0.100000
vn 0.000000 0.000000 0.100000
vn 0.000000 0.000000 0.100000
vn 0.000000 0.000000 0.100000
vn 0.000000 0.000000 0.100000
vn 0.000000 0.000000 0.100000
vn 0.000000 0.000000 0.100000
vn 0.000000 0.000000 0.100000
vn 0.000000 0.000000 0.100000
vn 0.000000 0.000000 0.100000
vn 0.000000 0.000000 0.100000
vn 0.000000 0.000000 0.100000
vn 0.000000 0.000000 0.100000
vn 0.000000 0.000000 0.100000
vn 0.000000 0.000000 0.100000
vn 0.000000 0.000000 0.100000
vn 0.000000 0.000000 0.100000
vn 0.000000 0.000000 0.100000
vn 0.000000 0.000000 0.100000
vn 0.000000 0.000000 0.100000
vn 0.000000 0.000000 0.100000
vn 0.000000 0.000000 0.100000
vn 0.000000 0.000000 0.100000
vn 0.000000 0.000000 0.100000
vn 0.000000 0.000000 0.100000
vn 0.000000 0.000000 0.100000
vn 0.000000 0.000000 0.100000
vn 0.000000 0.000000 0.100000
vn -0.099533 0.009651 0.000000
vn -0.099533 0.009651 0.000000
vn -0.100000 0.000000 0.000000
vn -0.100000 0.000000 0.000000
vn -0.099533 -0.009651 0.000000
vn -0.099533 -0.009651 0.000000
vn -0.098137 -0.019213 0.000000
vn -0.098137 -0.019213 0.000000
vn -0.095825 -0.028595 0.000000
vn -0.095825 -0.028595 0.000000
vn -0.092617 -0.037709 0.000000
vn -0.092617 -0.037709 0.000000
vn -0.088546 -0.046472 0.000000
vn -0.088546 -0.046472 0.000000
vn -0.083647 -0.054801 0.000000
vn -0.083647 -0.054801 0.000000
vn -0.077967 -0.062619 0.000000
vn -0.077967 -0.062619 0.000000
vn -0.071560 -0.069851 0.000000
vn -0.071560 -0.069851 0.000000
vn -0.064484 -0.076432 0.000000
vn -0.064484 -0.076432 0.000000
vn -0.056806 -0.082298 0.000000
vn -0.056806 -0.082298 0.000000
vn -0.048598 -0.087397 0.000000
vn -0.048598 -0.087397 0.000000
vn -0.039936 -0.091679 0.000000
vn -0.039936 -0.091679 0.000000
vn -0.030902 -0.095106 0.000000
vn -0.030902 -0.095106 0.000000
vn -0.021578 -0.097644 0.000000
vn -0.021578 -0.097644 0.000000
vn -0.012054 -0.099271 0.000000
vn -0.012054 -0.099271 0.000000
vn -0.002416 -0.099971 0.000000
vn -0.002416 -0.099971 0.000000
vn 0.007243 -0.099737 0.000000
vn 0.007243 -0.099737 0.000000
vn 0.016836 -0.098573 0.000000
vn 0.016836 -0.098573 0.000000
vn 0.026271 -0.096488 0.000000
vn 0.026271 -0.096488 0.000000
vn 0.035460 -0.093502 0.000000
vn 0.035460 -0.093502 0.000000
vn 0.044319 -0.089643 0.000000
vn 0.044319 -0.089643 0.000000
vn 0.052764 -0.084947 0.000000
vn 0.052764 -0.084947 0.000000
vn 0.060716 -0.079458 0.000000
vn 0.060716 -0.079458 0.000000
vn 0.068102 -0.073227 0.000000
vn 0.068102 -0.073227 0.000000
vn 0.074851 -0.066312 0.000000
vn 0.074851 -0.066312 0.000000
vn 0.080902 -0.058779 0.000000
vn 0.080902 -0.058779 0.000000
vn 0.086197 -0.050696 0.000000
vn 0.086197 -0.050696 0.000000
vn 0.090687 -0.042140 0.000000
vn 0.090687 -0.042140 0.000000
vn 0.094331 -0.033191 0.000000
vn 0.094331 -0.033191 0.000000
vn 0.097094 -0.023932 0.000000
vn 0.097094 -0.023932 0.000000
vn 0.098951 -0.014449 0.000000
vn 0.098951 -0.014449 0.000000
vn 0.099883 -0.004831 0.000000
vn 0.099883 -0.004831 0.000000
vn 0.099883 0.004831 0.000000
vn 0.099883 0.004831 0.000000
vn 0.098951 0.014449 0.000000
vn 0.098951 0.014449 0.000000
vn 0.097094 0.023932 0.000000
vn 0.097094 0.023932 0.000000
vn 0.094331 0.033191 0.000000
vn 0.094331 0.033191 0.000000
vn 0.090687 0.042140 0.000000
vn 0.090687 0.042140 0.000000
vn 0.086197 0.050696 0.000000
vn 0.086197 0.050696 0.000000
vn 0.080902 0.058779 0.000000
vn 0.080902 0.058779 0.000000
vn 0.074851 0.066312 0.000000
vn 0.074851 0.066312 0.000000
vn 0.068102 0.073227 0.000000
vn 0.068102 0.073227 0.000000
vn 0.060716 0.079458 0.000000
vn 0.060716 0.079458 0.000000
vn 0.052764 0.084947 0.000000
vn 0.052764 0.084947 0.000000
vn 0.044319 0.089643 0.000000
vn 0.044319 0.089643 0.000000
vn 0.035460 0.093502 0.000000
vn 0.035460 0.093502 0.000000
vn 0.026271 0.096488 0.000000
vn 0.026271 0.096488 0.000000
vn 0.016836 0.098573 0.000000
vn 0.016836 0.098573 0.000000
vn 0.007243 0.099737 0.000000
vn 0.007243 0.099737 0.000000
vn -0.002416 0.099971 0.000000
vn -0.002416 0.099971 0.000000
vn -0.012054 0.099271 0.000000
vn -0.012054 0.099271 0.000000
vn -0.021578 0.097644 0.000000
vn -0.021578 0.097644 0.000000
vn -0.030902 0.095106 0.000000
vn -0.030902 0.095106 0.000000
vn -0.039936 0.091679 0.000000
vn -0.039936 0.091679 0.000000
vn -0.048598 0.087397 0.000000
vn -0.048598 0.087397 0.000000
vn -0.056806 0.082298 0.000000
vn -0.056806 0.082298 0.000000
vn -0.064484 0.076432 0.000000
vn -0.064484 0.076432 0.000000
vn -0.071560 0.069851 0.000000
vn -0.071560 0.069851 0.000000
vn -0.077967 0.062619 0.000000
vn -0.077967 0.062619 0.000000
vn -0.083647 0.054801 0.000000
vn -0.083647 0.054801 0.000000
vn -0.088546 0.046472 0.000000
vn -0.088546 0.046472 0.000000
vn -0.092617 0.037709 0.000000
vn -0.092617 0.037709 0.000000
vn -0.095825 0.028595 0.000000
vn -0.095825 0.028595 0.000000
vn -0.098137 0.019213 0.000000
vn -0.098137 0.019213 0.000000
vn 0.000000 0.000000 0.100000
vn 0.000000 0.000000 0.100000
vn 0.000000 0.000000 0.100000
vn 0.000000 0.000000 0.100000
vn 0.000000 0.000000 0.100000
vn 0.000000 0.000000 0.100000
vn 0.000000 0.000000 0.100000
vn 0.000000 0.000000 0.100000
vn 0.000000 0.000000 0.100000
vn 0.000000 0.000000 0.100000
vn 0.000000 0.000000 0.100000
vn 0.000000 0.000000 0.100000
vn 0.000000 0.000000 0.100000
vn 0.000000 0.000000 0.100000
vn 0.000000 0.000000 0.100000
vn 0.000000 0.000000 0.100000
vn 0.000000 0.000000 0.100000
vn 0.000000 0.000000 0.100000
vn 0.000000 0.000000 0.100000
vn 0.000000 0.000000 0.100000
vn 0.000000 0.000000 0.100000
vn 0.000000 0.000000 0.100000
vn 0.000000 0.000000 0.100000
vn 0.000000 0.000000 0.100000
vn 0.000000 0.000000 0.100000
vn 0.000000 0.000000 0.100000
vn 0.000000 0.000000 0.100000
vn 0.000000 0.000000 0.100000
vn 0.000000 0.000000 0.100000
vn 0.000000 0.000000 0.100000
vn 0.000000 0.000000 0.100000
vn 0.000000 0.000000 0.100000
vn 0.000000 0.000000 0.100000
vn 0.000000 0.000000 0.100000
vn 0.000000 0.000000 0.100000
vn 0.000000 0.000000 0.100000
vn 0.000000 0.000000 0.100000
vn 0.000000 0.000000 0.100000
vn 0.000000 0.000000 0.100000
vn 0.000000 0.000000 0.100000
vn 0.000000 0.000000 0.100000
vn 0.000000 0.000000 0.100000
vn 0.000000 0.000000 0.100000
vn 0.000000 0.000000 0.100000
vn 0.000000 0.000000 0.100000
vn 0.000000 0.000000 0.100000
vn 0.000000 0.000000 0.100000
vn 0.000000 0.000000 0.100000
vn 0.000000 0.000000 0.100000
vn 0.000000 0.000000 0.100000
vn 0.000000 0.000000 0.100000
vn 0.000000 0.000000 0.100000
vn 0.000000 0.000000 0.100000
vn 0.000000 0.000000 0.100000
vn 0.000000 0.000000 0.100000
vn 0.000000 0.000000 0.100000
vn 0.000000 0.000000 0.100000
vn 0.000000 0.000000 0.100000
vn 0.000000 0.000000 0.100000
vn 0.000000 0.000000 0.100000
vn 0.000000 0.000000 0.100000
vn 0.000000 0.000000 0.100000
vn 0.000000 0.000000 0.100000
vn 0.000000 0.000000 0.100000
vn 0.000000 0.000000 0.100000
vn -0.099533 0.009651 0.000000
vn -0.099533 0.009651 0.000000
vn -0.100000 0.000000 0.000000
vn -0.100000 0.000000 0.000000
vn -0.099533 -0.009651 0.000000
vn -0.099533 -0.009651 0.000000
vn -0.098137 -0.019213 0.000000
vn -0.098137 -0.019213 0.000000
vn -0.095825 -0.028595 0.000000
vn -0.095825 -0.028595 0.000000
vn -0.092617 -0.037709 0.000000
vn -0.092617 -0.037709 0.000000
vn -0.088546 -0.046472 0.000000
vn -0.088546 -0.046472 0.000000
vn -0.083647 -0.054801 0.000000
vn -0.083647 -0.054801 0.000000
vn -0.077967 -0.062619 0.000000
vn -0.077967 -0.062619 0.000000
vn -0.071560 -0.069851 0.000000
vn -0.071560 -0.069851 0.000000
vn -0.064484 -0.076432 0.000000
vn -0.064484 -0.076432 0.000000
vn -0.056806 -0.082298 0.000000
vn -0.056806 -0.082298 0.000000
vn -0.048598 -0.087397 0.000000
vn -0.048598 -0.087397 0.000000
vn -0.039936 -0.091679 0.000000
vn -0.039936 -0.091679 0.000000
vn -0.030902 -0.095106 0.000000
vn -0.030902 -0.095106 0.000000
vn -0.021578 -0.097644 0.000000
vn -0.021578 -0.097644 0.000000
vn -0.012054 -0.099271 0.000000
vn -0.012054 -0.099271 0.000000
vn -0.002416 -0.099971 0.000000
vn -0.002416 -0.099971 0.000000
vn 0.007243 -0.099737 0.000000
vn 0.007243 -0.099737 0.000000
vn 0.016836 -0.098573 0.000000
vn 0.016836 -0.098573 0.000000
vn 0.026271 -0.096488 0.000000
vn 0.026271 -0.096488 0.000000
vn 0.035460 -0.093502 0.000000
vn 0.035460 -0.093502 0.000000
vn 0.044319 -0.089643 0.000000
vn 0.044319 -0.089643 0.000000
vn 0.052764 -0.084947 0.000000
vn 0.052764 -0.084947 0.000000
vn 0.060716 -0.079458 0.000000
vn 0.060716 -0.079458 0.000000
vn 0.068102 -0.073227 0.000000
vn 0.068102 -0.073227 0.000000
vn 0.074851 -0.066312 0.000000
vn 0.074851 -0.066312 0.000000
vn 0.080902 -0.058779 0.000000
vn 0.080902 -0.058779 0.000000
vn 0.086197 -0.050696 0.000000
vn 0.086197 -0.050696 0.000000
vn 0.090687 -0.042140 0.000000
vn 0.090687 -0.042140 0.000000
vn 0.094331 -0.033191 0.000000
vn 0.094331 -0.033191 0.000000
vn 0.097094 -0.023932 0.000000
vn 0.097094 -0.023932 0.000000
vn 0.098951 -0.014449 0.000000
vn 0.098951 -0.014449 0.000000
vn 0.099883 -0.004831 0.000000
vn 0.099883 -0.004831 0.000000
vn 0.099883 0.004831 0.000000
vn 0.099883 0.004831 0.000000
vn 0.098951 0.014449 0.000000
vn 0.098951 0.014449 0.000000
vn 0.097094 0.023932 0.000000
vn 0.097094 0.023932 0.000000
vn 0.094331 0.033191 0.000000
vn 0.094331 0.033191 0.000000
vn 0.090687 0.042140 0.000000
vn 0.090687 0.042140 0.000000
vn 0.086197 0.050696 0.000000
vn 0.086197 0.050696 0.000000
vn 0.080902 0.058779 0.000000
vn 0.080902 0.058779 0.000000
vn 0.074851 0.066312 0.000000
vn 0.074851 0.066312 0.000000
vn 0.068102 0.073227 0.000000
vn 0.068102 0.073227 0.000000
vn 0.060716 0.079458 0.000000
vn 0.060716 0.079458 0.000000
vn 0.052764 0.084947 0.000000
vn 0.052764 0.084947 0.000000
vn 0.044319 0.089643 0.000000
vn 0.044319 0.089643 0.000000
vn 0.035460 0.093502 0.000000
vn 0.035460 0.093502 0.000000
vn 0.026271 0.096488 0.000000
vn 0.026271 0.096488 0.000000
vn 0.016836 0.098573 0.000000
vn 0.016836 0.098573 0.000000
vn 0.007243 0.099737 0.000000
vn 0.007243 0.099737 0.000000
vn -0.002416 0.099971 0.000000
vn -0.002416 0.099971 0.000000
vn -0.012054 0.099271 0.000000
vn -0.012054 0.099271 0.000000
vn -0.021578 0.097644 0.000000
vn -0.021578 0.097644 0.000000
vn -0.030902 0.095106 0.000000
vn -0.030902 0.095106 0.000000
vn -0.039936 0.091679 0.000000
vn -0.039936 0.091679 0.000000
vn -0.048598 0.087397 0.000000
vn -0.048598 0.087397 0.000000
vn -0.056806 0.082298 0.000000
vn -0.056806 0.082298 0.000000
vn -0.064484 0.076432 0.000000
vn -0.064484 0.076432 0.000000
vn -0.071560 0.069851 0.000000
vn -0.071560 0.069851 0.000000
vn -0.077967 0.062619 0.000000
vn -0.077967 0.062619 0.000000
vn -0.083647 0.054801 0.000000
vn -0.083647 0.054801 0.000000
vn -0.088546 0.046472 0.000000
vn -0.088546 0.046472 0.000000
vn -0.092617 0.037709 0.000000
vn -0.092617 0.037709 0.000000
vn -0.095825 0.028595 0.000000
vn -0.095825 0.028595 0.000000
vn -0.098137 0.019213 0.000000
vn -0.098137 0.019213 0.000000
vn 0.000000 0.000000 0.100000
vn 0.000000 0.000000 0.100000
vn 0.000000 0.000000 0.100000
vn 0.000000 0.000000 0.100000
vn 0.000000 0.000000 0.100000
vn 0.000000 0.000000 0.100000
vn 0.000000 0.000000 0.100000
vn 0.000000 0.000000 0.100000
vn 0.000000 0.000000 0.100000
vn 0.000000 0.000000 0.100000
vn 0.000000 0.000000 0.100000
vn 0.000000 0.000000 0.100000
vn 0.000000 0.000000 0.100000
vn 0.000000 0.000000 0.100000
vn 0.000000 0.000000 0.100000
vn 0.000000 0.000000 0.100000
vn 0.000000 0.000000 0.100000
vn 0.000000 0.000000 0.100000
vn 0.000000 0.000000 0.100000
vn 0.000000 0.000000 0.100000
vn 0.000000 0.000000 0.100000
vn 0.000000 0.000000 0.100000
vn 0.000000 0.000000 0.100000
vn 0.000000 0.000000 0.100000
vn 0.000000 0.000000 0.100000
vn 0.000000 0.000000 0.100000
vn 0.000000 0.000000 0.100000
vn 0.000000 0.000000 0.100000
vn 0.000000 0.000000 0.100000
vn 0.000000 0.000000 0.100000
vn 0.000000 0.000000 0.100000
vn 0.000000 0.000000 0.100000
vn 0.000000 0.000000 0.100000
vn 0.000000 0.000000 0.100000
vn 0.000000 0.000000 0.100000
vn 0.000000 0.000000 0.100000
vn 0.000000 0.000000 0.100000
vn 0.000000 0.000000 0.100000
vn 0.000000 0.000000 0.100000
vn 0.000000 0.000000 0.100000
vn 0.000000 0.000000 0.100000
vn 0.000000 0.000000 0.100000
vn 0.000000 0.000000 0.100000
vn 0.000000 0.000000 0.100000
vn 0.000000 0.000000 0.100000
vn 0.000000 0.000000 0.100000
vn 0.000000 0.000000 0.100000
vn 0.000000 0.000000 0.100000
vn 0.000000 0.000000 0.100000
vn 0.000000 0.000000 0.100000
vn 0.000000 0.000000 0.100000
vn 0.000000 0.000000 0.100000
vn 0.000000 0.000000 0.100000
vn 0.000000 0.000000 0.100000
vn 0.000000 0.000000 0.100000
vn 0.000000 0.000000 0.100000
vn 0.000000 0.000000 0.100000
vn 0.000000 0.000000 0.100000
vn 0.000000 0.000000 0.100000
vn 0.000000 0.000000 0.100000
vn 0.000000 0.000000 0.100000
vn 0.000000 0.000000 0.100000
vn 0.000000 0.000000 0.100000
vn 0.000000 0.000000 0.100000
vn 0.000000 0.000000 0.100000
vn -0.096821 0.000000 -0.025012
vn -0.096821 0.000000 -0.025012
vn -0.096821 0.000000 -0.025012
vn -0.096821 0.000000 -0.025012
vn 0.100000 0.000000 0.000000
vn 0.100000 0.000000 0.000000
vn 0.100000 0.000000 0.000000
vn 0.100000 0.000000 0.000000
vn 0.100000 0.000000 0.000000
vn 0.100000 0.000000 0.000000
vn 0.100000 0.000000 0.000000
vn 0.100000 0.000000 0.000000
vn 0.100000 0.000000 0.000000
vn 0.100000 0.000000 0.000000
vn 0.100000 0.000000 0.000000
vn 0.100000 0.000000 0.000000
vn 0.000000 0.000000 -0.100000
vn 0.000000 0.000000 -0.100000
vn 0.000000 0.000000 -0.100000
vn 0.000000 0.000000 -0.100000
vn 0.000000 0.000000 -0.100000
vn 0.000000 0.000000 -0.100000
vn 0.000000 0.000000 -0.100000
vn 0.000000 0.000000 -0.100000
vn 0.000000 0.000000 -0.100000
vn 0.000000 0.000000 -0.100000
vn 0.000000 0.000000 -0.100000
vn 0.000000 0.000000 -0.100000
vn 0.000000 0.000000 -0.100000
vn 0.000000 0.000000 -0.100000
vn 0.000000 0.000000 -0.100000
vn 0.000000 0.000000 -0.100000
vn 0.000000 0.000000 -0.100000
vn 0.000000 0.000000 -0.100000
vn 0.000000 0.000000 -0.100000
vn 0.000000 0.000000 -0.100000
vn 0.000000 0.000000 -0.100000
vn 0.000000 0.000000 -0.100000
vn 0.000000 0.000000 -0.100000
vn 0.000000 0.000000 -0.100000
vn 0.000000 0.000000 -0.100000
vn 0.000000 0.000000 -0.100000
vn 0.000000 0.000000 -0.100000
vn 0.000000 0.000000 -0.100000
vn 0.000000 0.000000 -0.100000
vn 0.000000 0.000000 -0.100000
vn 0.000000 0.000000 -0.100000
vn 0.000000 0.000000 -0.100000
vn 0.000000 0.000000 -0.100000
vn 0.000000 0.000000 -0.100000
vn 0.000000 0.000000 -0.100000
vn 0.000000 0.000000 -0.100000
vn 0.000000 0.000000 -0.100000
vn 0.000000 0.000000 -0.100000
vn 0.000000 0.000000 -0.100000
vn 0.000000 0.000000 -0.100000
vn 0.000000 0.000000 -0.100000
vn 0.000000 0.000000 -0.100000
vn 0.000000 0.000000 -0.100000
vn 0.000000 0.000000 -0.100000
vn 0.000000 0.000000 -0.100000
vn 0.000000 0.000000 -0.100000
vn 0.000000 0.000000 -0.100000
vn 0.000000 0.000000 -0.100000
vn 0.000000 0.000000 -0.100000
vn 0.000000 0.000000 -0.100000
vn 0.000000 0.000000 -0.100000
vn 0.000000 0.000000 -0.100000
vn 0.000000 0.000000 -0.100000
vn 0.000000 0.000000 -0.100000
vn 0.000000 0.000000 -0.100000
vn 0.000000 0.000000 -0.100000
vn 0.000000 0.000000 -0.100000
vn 0.000000 0.000000 -0.100000
vn 0.000000 0.000000 -0.100000
vn 0.000000 0.000000 -0.100000
vn 0.000000 0.000000 -0.100000
vn 0.000000 0.000000 -0.100000
vn 0.000000 0.000000 -0.100000
vn 0.000000 0.000000 -0.100000
vn 0.000000 0.000000 -0.100000
vn 0.000000 0.000000 -0.100000
vn 0.000000 0.000000 -0.100000
vn 0.000000 0.000000 -0.100000
vn 0.000000 0.000000 -0.100000
vn 0.000000 0.000000 -0.100000
vn 0.000000 0.000000 -0.100000
vn 0.000000 0.000000 -0.100000
vn -0.000000 0.100000 -0.000000
vn -0.000000 0.100000 -0.000000
vn -0.000000 0.100000 -0.000000
vn -0.000000 0.100000 -0.000000
vn 0.000000 -0.100000 0.000000
vn 0.000000 -0.100000 0.000000
vn 0.000000 -0.100000 0.000000
vn 0.000000 -0.100000 0.000000
vn 0.000000 0.000000 0.100000
vn 0.000000 0.000000 0.100000
vn 0.000000 0.000000 0.100000
vn 0.000000 0.000000 0.100000
vn -0.100000 0.000000 0.000000
vn -0.100000 0.000000 0.000000
vn -0.100000 0.000000 0.000000
vn -0.100000 0.000000 0.000000
vn 0.000000 0.100000 0.000000
vn 0.000000 0.100000 0.000000
vn 0.000000 0.100000 0.000000
vn 0.000000 0.100000 0.000000
vn 0.000000 0.100000 0.000000
vn 0.000000 0.100000 0.000000
vn 0.000000 0.100000 0.000000
vn 0.000000 0.100000 0.000000
vn 0.000000 0.100000 0.000000
vn 0.000000 0.100000 0.000000
vn 0.000000 0.100000 0.000000
vn 0.000000 0.100000 0.000000
vn 0.000000 0.100000 0.000000
vn 0.000000 0.100000 0.000000
vn 0.000000 0.100000 0.000000
vn 0.000000 0.100000 0.000000
vn 0.000000 0.100000 0.000000
vn 0.000000 0.100000 0.000000
vn 0.000000 0.100000 0.000000
vn 0.000000 0.100000 0.000000
vn 0.000000 0.100000 0.000000
vn 0.000000 0.100000 0.000000
vn 0.000000 0.100000 0.000000
vn 0.000000 0.100000 0.000000
vn 0.000000 0.100000 0.000000
vn 0.000000 0.100000 0.000000
vn 0.000000 0.100000 0.000000
vn 0.000000 0.100000 0.000000
vn 0.000000 0.100000 0.000000
vn 0.000000 0.100000 0.000000
vn 0.000000 0.100000 0.000000
vn 0.000000 0.100000 0.000000
vn 0.000000 0.100000 0.000000
vn 0.000000 0.100000 0.000000
vn 0.000000 0.100000 0.000000
vn 0.000000 0.100000 0.000000
vn 0.000000 0.100000 0.000000
vn 0.000000 0.100000 0.000000
vn 0.000000 0.100000 0.000000
vn 0.000000 0.100000 0.000000
vn 0.000000 0.100000 0.000000
vn 0.000000 0.100000 0.000000
vn 0.000000 0.100000 0.000000
vn 0.000000 0.100000 0.000000
vn 0.000000 0.100000 0.000000
vn 0.000000 0.100000 0.000000
vn 0.000000 0.100000 0.000000
vn 0.000000 0.100000 0.000000
vn 0.000000 0.100000 0.000000
vn 0.000000 0.100000 0.000000
vn 0.000000 0.100000 0.000000
vn 0.000000 0.100000 0.000000
vn 0.000000 0.100000 0.000000
vn 0.000000 0.100000 0.000000
vn 0.000000 0.100000 0.000000
vn 0.000000 0.100000 0.000000
vn 0.000000 0.100000 0.000000
vn 0.000000 0.100000 0.000000
vn 0.000000 0.100000 0.000000
vn 0.000000 0.100000 0.000000
vn 0.000000 0.100000 0.000000
vn 0.000000 0.100000 0.000000
vn 0.000000 0.100000 0.000000
vn 0.000000 0.100000 0.000000
vn 0.000000 0.100000 0.000000
vn 0.000000 0.100000 0.000000
vn 0.004263 -0.099909 0.000000
vn 0.008318 -0.099653 0.000000
vn 0.008301 -0.099655 0.000000
vn 0.010136 -0.099485 0.000000
vn 0.012225 -0.099250 0.000000
vn 0.016459 -0.098636 0.000000
vn 0.014606 -0.098928 0.000000
vn 0.017282 -0.098495 0.000000
vn 0.020200 -0.097938 0.000000
vn 0.024549 -0.096940 0.000000
vn 0.024549 -0.096940 0.000000
vn 0.032470 -0.094582 0.000000
vn 0.030902 -0.095106 0.000000
vn 0.038268 -0.092388 0.000000
vn 0.040170 -0.091577 0.000000
vn 0.045399 -0.089101 0.000000
vn 0.047595 -0.087947 0.000000
vn 0.052250 -0.085264 0.000000
vn 0.054695 -0.083717 0.000000
vn 0.058779 -0.080902 0.000000
vn 0.061421 -0.078914 0.000000
vn 0.064945 -0.076041 0.000000
vn 0.067728 -0.073572 0.000000
vn 0.070711 -0.070711 0.000000
vn 0.073572 -0.067728 0.000000
vn 0.076041 -0.064945 0.000000
vn 0.078914 -0.061421 0.000000
vn 0.080902 -0.058779 0.000000
vn 0.083717 -0.054695 0.000000
vn 0.085264 -0.052250 0.000000
vn 0.087947 -0.047595 0.000000
vn 0.089101 -0.045399 0.000000
vn 0.091577 -0.040170 0.000000
vn 0.092388 -0.038268 0.000000
vn 0.094582 -0.032470 0.000000
vn 0.095106 -0.030902 0.000000
vn 0.096940 -0.024549 0.000000
vn 0.097237 -0.023345 0.000000
vn 0.098636 -0.016459 0.000000
vn 0.098769 -0.015643 0.000000
vn 0.099658 -0.008258 0.000000
vn 0.099692 -0.007846 0.000000
vn 0.100000 -0.000000 0.000000
vn 0.099658 -0.008258 0.000000
vn 0.099841 -0.005632 0.000000
vn 0.099366 -0.011246 0.000000
vn 0.098636 -0.016459 0.000000
vn 0.098575 -0.016822 0.000000
vn 0.097471 -0.022346 0.000000
vn 0.096940 -0.024549 0.000000
vn 0.096059 -0.027797 0.000000
vn 0.094582 -0.032470 0.000000
vn 0.094344 -0.033154 0.000000
vn 0.092331 -0.038405 0.000000
vn 0.091577 -0.040170 0.000000
vn 0.090025 -0.043537 0.000000
vn 0.087947 -0.047595 0.000000
vn 0.087433 -0.048533 0.000000
vn 0.084570 -0.053366 0.000000
vn 0.083717 -0.054695 0.000000
vn 0.081445 -0.058023 0.000000
vn 0.078914 -0.061421 0.000000
vn 0.078068 -0.062493 0.000000
vn 0.073572 -0.067728 0.000000
vn 0.074449 -0.066764 0.000000
vn 0.070607 -0.070814 0.000000
vn 0.067728 -0.073572 0.000000
vn 0.066643 -0.074557 0.000000
vn 0.062597 -0.077984 0.000000
vn 0.061421 -0.078914 0.000000
vn 0.058496 -0.081106 0.000000
vn 0.054695 -0.083717 0.000000
vn 0.054365 -0.083931 0.000000
vn 0.050231 -0.086469 0.000000
vn 0.047595 -0.087947 0.000000
vn 0.046119 -0.088730 0.000000
vn 0.042053 -0.090728 0.000000
vn 0.040170 -0.091577 0.000000
vn 0.038056 -0.092476 0.000000
vn 0.032470 -0.094582 0.000000
vn 0.034154 -0.093987 0.000000
vn 0.030370 -0.095277 0.000000
vn 0.026748 -0.096356 0.000000
vn 0.023356 -0.097234 0.000000
vn 0.100000 -0.000000 0.000000
vn 0.023345 -0.097237 0.000000
vn 0.016459 -0.098636 0.000000
vn 0.015643 -0.098769 0.000000
vn 0.008280 -0.099657 0.000000
vn -0.000000 -0.100000 0.000000
vn 0.007846 -0.099692 0.000000
vn 0.000000 -0.100000 0.000000
vn 0.000000 -0.100000 0.000000
vn 0.000000 -0.100000 0.000000
vn 0.000000 -0.100000 0.000000
vn 0.000000 -0.100000 0.000000
vn 0.000000 -0.100000 0.000000
vn 0.000000 -0.100000 0.000000
vn 0.000000 -0.100000 0.000000
vn 0.000000 -0.100000 0.000000
vn 0.000000 -0.100000 0.000000
vn 0.000000 -0.100000 0.000000
vn 0.000000 -0.100000 0.000000
vn 0.000000 -0.100000 0.000000
vn 0.000000 -0.100000 0.000000
vn 0.000000 -0.100000 0.000000
vn 0.000000 -0.100000 0.000000
vn 0.000000 -0.100000 0.000000
vn 0.000000 -0.100000 0.000000
vn 0.000000 -0.100000 0.000000
vn 0.000000 -0.100000 0.000000
vn 0.000000 -0.100000 0.000000
vn 0.000000 -0.100000 0.000000
vn 0.000000 -0.100000 0.000000
vn 0.000000 -0.100000 0.000000
vn 0.000000 -0.100000 0.000000
vn 0.000000 -0.100000 0.000000
vn 0.000000 -0.100000 0.000000
vn 0.000000 -0.100000 0.000000
vn 0.000000 -0.100000 0.000000
vn 0.000000 -0.100000 0.000000
vn 0.000000 -0.100000 0.000000
vn 0.000000 -0.100000 0.000000
vn 0.000000 -0.100000 0.000000
vn 0.000000 -0.100000 0.000000
vn 0.000000 -0.100000 0.000000
vn 0.000000 -0.100000 0.000000
vn 0.000000 -0.100000 0.000000
vn 0.000000 -0.100000 0.000000
vn 0.000000 -0.100000 0.000000
vn 0.000000 -0.100000 0.000000
vn 0.000000 -0.100000 0.000000
vn 0.000000 -0.100000 0.000000
vn 0.000000 -0.100000 0.000000
vn 0.000000 -0.100000 0.000000
vn 0.000000 -0.100000 0.000000
vn 0.000000 -0.100000 0.000000
vn 0.000000 -0.100000 0.000000
vn 0.000000 -0.100000 0.000000
vn 0.000000 -0.100000 0.000000
vn 0.000000 -0.100000 0.000000
vn 0.000000 -0.100000 0.000000
vn 0.000000 -0.100000 0.000000
vn 0.000000 -0.100000 0.000000
vn 0.000000 -0.100000 0.000000
vn 0.000000 -0.100000 0.000000
vn 0.000000 -0.100000 0.000000
vn 0.000000 -0.100000 0.000000
vn 0.000000 -0.100000 0.000000
vn 0.000000 -0.100000 0.000000
vn 0.000000 -0.100000 0.000000
vn 0.000000 -0.100000 0.000000
vn 0.000000 -0.100000 0.000000
vn 0.000000 -0.100000 0.000000
vn 0.000000 -0.100000 0.000000
vn 0.000000 -0.100000 0.000000
vn 0.000000 -0.100000 0.000000
vn 0.000000 -0.100000 0.000000
vn -0.004264 -0.099909 0.000000
vn -0.008301 -0.099655 0.000000
vn -0.008318 -0.099653 0.000000
vn -0.010180 -0.099480 0.000000
vn -0.012290 -0.099242 0.000000
vn -0.016459 -0.098636 0.000000
vn -0.014652 -0.098921 0.000000
vn -0.017270 -0.098498 0.000000
vn -0.020152 -0.097948 0.000000
vn -0.024549 -0.096940 0.000000
vn -0.023309 -0.097245 0.000000
vn -0.026732 -0.096361 0.000000
vn -0.032470 -0.094582 0.000000
vn -0.030313 -0.095295 0.000000
vn -0.034011 -0.094038 0.000000
vn -0.037800 -0.092581 0.000000
vn -0.040170 -0.091577 0.000000
vn -0.041653 -0.090912 0.000000
vn -0.045561 -0.089018 0.000000
vn -0.047595 -0.087947 0.000000
vn -0.049526 -0.086875 0.000000
vn -0.054695 -0.083717 0.000000
vn -0.053522 -0.084471 0.000000
vn -0.057526 -0.081797 0.000000
vn -0.061421 -0.078914 0.000000
vn -0.061512 -0.078843 0.000000
vn -0.065458 -0.075600 0.000000
vn -0.067728 -0.073572 0.000000
vn -0.069338 -0.072058 0.000000
vn -0.073572 -0.067728 0.000000
vn -0.073100 -0.068237 0.000000
vn -0.076707 -0.064156 0.000000
vn -0.078914 -0.061421 0.000000
vn -0.080137 -0.059817 0.000000
vn -0.083717 -0.054695 0.000000
vn -0.083369 -0.055223 0.000000
vn -0.086383 -0.050378 0.000000
vn -0.087947 -0.047595 0.000000
vn -0.089159 -0.045284 0.000000
vn -0.091577 -0.040170 0.000000
vn -0.091663 -0.039974 0.000000
vn -0.093850 -0.034528 0.000000
vn -0.094582 -0.032470 0.000000
vn -0.095713 -0.028965 0.000000
vn -0.096940 -0.024549 0.000000
vn -0.097248 -0.023297 0.000000
vn -0.098636 -0.016459 0.000000
vn -0.098449 -0.017544 0.000000
vn -0.099310 -0.011730 0.000000
vn -0.099658 -0.008258 0.000000
vn -0.099827 -0.005875 0.000000
vn -0.008280 -0.099657 0.000000
vn -0.007846 -0.099692 0.000000
vn -0.015643 -0.098769 0.000000
vn -0.016459 -0.098636 0.000000
vn -0.023345 -0.097237 0.000000
vn -0.024549 -0.096940 0.000000
vn -0.030902 -0.095106 0.000000
vn -0.032470 -0.094582 0.000000
vn -0.038268 -0.092388 0.000000
vn -0.040170 -0.091577 0.000000
vn -0.045399 -0.089101 0.000000
vn -0.047595 -0.087947 0.000000
vn -0.052250 -0.085264 0.000000
vn -0.054695 -0.083717 0.000000
vn -0.058779 -0.080902 0.000000
vn -0.061421 -0.078914 0.000000
vn -0.064945 -0.076041 0.000000
vn -0.067728 -0.073572 0.000000
vn -0.070711 -0.070711 0.000000
vn -0.073572 -0.067728 0.000000
vn -0.076041 -0.064945 0.000000
vn -0.078914 -0.061421 0.000000
vn -0.080902 -0.058779 0.000000
vn -0.083717 -0.054695 0.000000
vn -0.085264 -0.052250 0.000000
vn -0.087947 -0.047595 0.000000
vn -0.089101 -0.045399 0.000000
vn -0.091577 -0.040170 0.000000
vn -0.092388 -0.038268 0.000000
vn -0.094582 -0.032470 0.000000
vn -0.095106 -0.030902 0.000000
vn -0.096940 -0.024549 0.000000
vn -0.097237 -0.023345 0.000000
vn -0.098636 -0.016459 0.000000
vn -0.098769 -0.015643 0.000000
vn -0.099658 -0.008258 0.000000
vn -0.099692 -0.007846 0.000000
vn 0.100000 0.000000 0.000000
vn 0.100000 0.000000 0.000000
vn 0.004264 0.099909 0.000000
vn 0.008301 0.099655 0.000000
vn 0.008318 0.099653 0.000000
vn 0.010182 0.099480 0.000000
vn 0.012294 0.099241 0.000000
vn 0.016459 0.098636 0.000000
vn 0.014659 0.098920 0.000000
vn 0.017279 0.098496 0.000000
vn 0.020163 0.097946 0.000000
vn 0.024549 0.096940 0.000000
vn 0.023321 0.097243 0.000000
vn 0.026745 0.096357 0.000000
vn 0.032470 0.094582 0.000000
vn 0.030330 0.095289 0.000000
vn 0.034031 0.094031 0.000000
vn 0.037821 0.092572 0.000000
vn 0.040170 0.091577 0.000000
vn 0.041675 0.090902 0.000000
vn 0.045582 0.089007 0.000000
vn 0.047595 0.087947 0.000000
vn 0.049544 0.086864 0.000000
vn 0.054695 0.083717 0.000000
vn 0.053539 0.084461 0.000000
vn 0.057540 0.081787 0.000000
vn 0.061421 0.078914 0.000000
vn 0.061525 0.078834 0.000000
vn 0.065468 0.075591 0.000000
vn 0.067728 0.073572 0.000000
vn 0.069345 0.072050 0.000000
vn 0.073572 0.067728 0.000000
vn 0.073107 0.068230 0.000000
vn 0.076713 0.064150 0.000000
vn 0.078914 0.061421 0.000000
vn 0.080140 0.059812 0.000000
vn 0.083717 0.054695 0.000000
vn 0.083370 0.055221 0.000000
vn 0.086382 0.050380 0.000000
vn 0.087947 0.047595 0.000000
vn 0.089155 0.045292 0.000000
vn 0.091577 0.040170 0.000000
vn 0.091659 0.039983 0.000000
vn 0.093847 0.034536 0.000000
vn 0.094582 0.032470 0.000000
vn 0.095712 0.028971 0.000000
vn 0.096940 0.024549 0.000000
vn 0.097247 0.023302 0.000000
vn 0.098636 0.016459 0.000000
vn 0.098448 0.017547 0.000000
vn 0.099309 0.011733 0.000000
vn 0.099658 0.008258 0.000000
vn 0.099827 0.005876 0.000000
vn 0.099658 0.008258 0.000000
vn 0.099692 0.007846 0.000000
vn 0.098769 0.015643 0.000000
vn 0.098636 0.016459 0.000000
vn 0.097237 0.023345 0.000000
vn 0.096940 0.024549 0.000000
vn 0.095106 0.030902 0.000000
vn 0.094582 0.032470 0.000000
vn 0.092388 0.038268 0.000000
vn 0.091577 0.040170 0.000000
vn 0.089101 0.045399 0.000000
vn 0.087947 0.047595 0.000000
vn 0.085264 0.052250 0.000000
vn 0.083717 0.054695 0.000000
vn 0.080902 0.058779 0.000000
vn 0.078914 0.061421 0.000000
vn 0.076041 0.064945 0.000000
vn 0.073572 0.067728 0.000000
vn 0.070711 0.070711 0.000000
vn 0.067728 0.073572 0.000000
vn 0.064945 0.076041 0.000000
vn 0.061421 0.078914 0.000000
vn 0.058779 0.080902 0.000000
vn 0.054695 0.083717 0.000000
vn 0.052250 0.085264 0.000000
vn 0.047595 0.087947 0.000000
vn 0.045399 0.089101 0.000000
vn 0.040170 0.091577 0.000000
vn 0.038268 0.092388 0.000000
vn 0.032470 0.094582 0.000000
vn 0.030902 0.095106 0.000000
vn 0.024549 0.096940 0.000000
vn 0.023345 0.097237 0.000000
vn 0.016459 0.098636 0.000000
vn 0.015643 0.098769 0.000000
vn 0.008280 0.099657 0.000000
vn 0.007846 0.099692 0.000000
usemtl Steel_-_Satin
f 1/1/1 2/2/2 4/3/3
f 4/3/3 2/2/2 3/4/4
f 5/5/5 6/6/6 8/7/7
f 8/7/7 6/6/6 7/8/8
f 9/9/9 10/10/10 12/11/11
f 12/11/11 10/10/10 11/12/12
f 13/13/13 14/14/14 16/15/15
f 16/15/15 14/14/14 15/16/16
f 8/17/17 7/18/18 17/19/19
f 17/19/19 7/18/18 18/20/20
f 5/21/21 17/22/22 6/23/23
f 6/23/23 17/22/22 18/24/24
f 12/25/25 11/26/26 19/27/27
f 19/27/27 11/26/26 20/28/28
f 9/29/29 19/30/30 10/31/31
f 10/31/31 19/30/30 20/32/32
f 4/33/33 3/34/34 21/35/35
f 21/35/35 3/34/34 22/36/36
f 1/37/37 21/38/38 2/39/39
f 2/39/39 21/38/38 22/40/40
f 16/41/41 15/42/42 23/43/43
f 23/43/43 15/42/42 24/44/44
f 13/45/45 23/46/46 14/47/47
f 14/47/47 23/46/46 24/48/48
f 3/49/49 6/50/50 22/51/51
f 22/51/51 6/50/50 18/52/52
f 22/51/51 18/52/52 32/53/53
f 32/53/53 18/52/52 20/54/54
f 32/53/53 20/54/54 24/55/55
f 24/55/55 20/54/54 14/56/56
f 14/56/56 20/54/54 11/57/57
f 7/58/58 10/59/59 18/52/52
f 18/52/52 10/59/59 20/54/54
f 15/60/60 26/61/61 24/55/55
f 24/55/55 26/61/61 27/62/62
f 24/55/55 27/62/62 28/63/63
f 15/60/60 25/64/64 26/61/61
f 29/65/65 31/66/66 28/63/63
f 28/63/63 31/66/66 32/53/53
f 28/63/63 32/53/53 24/55/55
f 29/65/65 30/67/67 31/66/66
f 32/53/53 33/68/68 22/51/51
f 22/51/51 33/68/68 35/69/69
f 22/51/51 35/69/69 2/70/70
f 2/70/70 35/69/69 36/71/71
f 33/68/68 34/72/72 35/69/69
f 36/73/73 37/74/74 2/75/75
f 2/75/75 37/74/74 3/76/76
f 3/76/76 37/74/74 6/77/77
f 6/77/77 37/74/74 7/78/78
f 7/78/78 37/74/74 38/79/79
f 7/78/78 38/79/79 10/80/80
f 10/80/80 38/79/79 11/81/81
f 11/81/81 38/79/79 14/82/82
f 14/82/82 38/79/79 15/83/83
f 15/83/83 38/79/79 25/84/84
f 25/85/85 38/86/86 26/87/87
f 37/88/88 36/89/89 35/90/90
f 38/91/91 298/92/92 26/93/93
f 26/93/93 298/92/92 299/94/94
f 26/93/93 299/94/94 300/95/95
f 37/96/96 363/97/97 38/91/91
f 38/91/91 363/97/97 364/98/98
f 38/91/91 364/98/98 365/99/99
f 35/100/100 139/101/101 37/96/96
f 37/96/96 139/101/101 140/102/102
f 37/96/96 140/102/102 141/103/103
f 34/104/104 126/105/105 35/100/100
f 35/100/100 126/105/105 127/106/106
f 35/100/100 127/106/106 128/107/107
f 39/108/108 121/109/109 34/104/104
f 34/104/104 121/109/109 122/110/110
f 34/104/104 122/110/110 123/111/111
f 121/109/109 39/108/108 185/112/112
f 185/112/112 39/108/108 40/113/113
f 185/112/112 40/113/113 184/114/114
f 184/114/114 40/113/113 41/115/115
f 184/114/114 41/115/115 183/116/116
f 183/116/116 41/115/115 42/117/117
f 183/116/116 42/117/117 182/118/118
f 182/118/118 42/117/117 43/119/119
f 182/118/118 43/119/119 181/120/120
f 181/120/120 43/119/119 44/121/121
f 181/120/120 44/121/121 180/122/122
f 180/122/122 44/121/121 45/123/123
f 180/122/122 45/123/123 179/124/124
f 179/124/124 45/123/123 46/125/125
f 179/124/124 46/125/125 178/126/126
f 178/126/126 46/125/125 47/127/127
f 178/126/126 47/127/127 177/128/128
f 177/128/128 47/127/127 48/129/129
f 177/128/128 48/129/129 49/130/130
f 177/128/128 49/130/130 176/131/131
f 176/131/131 49/130/130 50/132/132
f 176/131/131 50/132/132 175/133/133
f 175/133/133 50/132/132 51/134/134
f 175/133/133 51/134/134 174/135/135
f 174/135/135 51/134/134 52/136/136
f 174/135/135 52/136/136 173/137/137
f 173/137/137 52/136/136 53/138/138
f 173/137/137 53/138/138 172/139/139
f 172/139/139 53/138/138 54/140/140
f 172/139/139 54/140/140 55/141/141
f 172/139/139 55/141/141 171/142/142
f 171/142/142 55/141/141 56/143/143
f 171/142/142 56/143/143 170/144/144
f 170/144/144 56/143/143 57/145/145
f 170/144/144 57/145/145 58/146/146
f 59/147/147 242/148/148 58/146/146
f 58/146/146 242/148/148 162/149/149
f 58/146/146 162/149/149 163/150/150
f 60/151/151 235/152/152 59/147/147
f 59/147/147 235/152/152 236/153/153
f 59/147/147 236/153/153 237/154/154
f 235/152/152 60/151/151 234/155/155
f 234/155/155 60/151/151 61/156/156
f 234/155/155 61/156/156 233/157/157
f 233/157/157 61/156/156 62/158/158
f 233/157/157 62/158/158 63/159/159
f 233/157/157 63/159/159 232/160/160
f 232/160/160 63/159/159 64/161/161
f 232/160/160 64/161/161 231/162/162
f 231/162/162 64/161/161 65/163/163
f 231/162/162 65/163/163 66/164/164
f 231/162/162 66/164/164 230/165/165
f 230/165/165 66/164/164 67/166/166
f 230/165/165 67/166/166 229/167/167
f 229/167/167 67/166/166 68/168/168
f 229/167/167 68/168/168 228/169/169
f 228/169/169 68/168/168 69/170/170
f 228/169/169 69/170/170 227/171/171
f 227/171/171 69/170/170 70/172/172
f 227/171/171 70/172/172 226/173/173
f 226/173/173 70/172/172 71/174/174
f 226/173/173 71/174/174 225/175/175
f 225/175/175 71/174/174 72/176/176
f 225/175/175 72/176/176 224/177/177
f 224/177/177 72/176/176 73/178/178
f 224/177/177 73/178/178 223/179/179
f 223/179/179 73/178/178 74/180/180
f 223/179/179 74/180/180 222/181/181
f 222/181/181 74/180/180 75/182/182
f 222/181/181 75/182/182 221/183/183
f 221/183/183 75/182/182 76/184/184
f 221/183/183 76/184/184 220/185/185
f 220/185/185 76/184/184 77/186/186
f 220/185/185 77/186/186 219/187/187
f 219/187/187 77/186/186 78/188/188
f 219/187/187 78/188/188 218/189/189
f 218/189/189 78/188/188 79/190/190
f 218/189/189 79/190/190 217/191/191
f 217/191/191 79/190/190 216/192/192
f 216/192/192 79/190/190 215/193/193
f 215/193/193 79/190/190 214/194/194
f 214/194/194 79/190/190 213/195/195
f 213/195/195 79/190/190 212/196/196
f 212/196/196 79/190/190 211/197/197
f 211/197/197 79/190/190 80/198/198
f 211/197/197 80/198/198 356/199/199
f 356/199/199 80/198/198 355/200/200
f 355/200/200 80/198/198 354/201/201
f 354/201/201 80/198/198 353/202/202
f 353/202/202 80/198/198 352/203/203
f 352/203/203 80/198/198 351/204/204
f 351/204/204 80/198/198 350/205/205
f 350/205/205 80/198/198 349/206/206
f 349/206/206 80/198/198 81/207/207
f 349/206/206 81/207/207 348/208/208
f 348/208/208 81/207/207 82/209/209
f 348/208/208 82/209/209 347/210/210
f 347/210/210 82/209/209 83/211/211
f 347/210/210 83/211/211 346/212/212
f 346/212/212 83/211/211 84/213/213
f 346/212/212 84/213/213 345/214/214
f 345/214/214 84/213/213 85/215/215
f 345/214/214 85/215/215 344/216/216
f 344/216/216 85/215/215 86/217/217
f 344/216/216 86/217/217 343/218/218
f 343/218/218 86/217/217 87/219/219
f 343/218/218 87/219/219 342/220/220
f 342/220/220 87/219/219 88/221/221
f 342/220/220 88/221/221 341/222/222
f 341/222/222 88/221/221 89/223/223
f 341/222/222 89/223/223 340/224/224
f 340/224/224 89/223/223 90/225/225
f 340/224/224 90/225/225 339/226/226
f 339/226/226 90/225/225 91/227/227
f 339/226/226 91/227/227 338/228/228
f 338/228/228 91/227/227 92/229/229
f 338/228/228 92/229/229 337/230/230
f 337/230/230 92/229/229 93/231/231
f 337/230/230 93/231/231 336/232/232
f 336/232/232 93/231/231 94/233/233
f 336/232/232 94/233/233 95/234/234
f 336/232/232 95/234/234 335/235/235
f 335/235/235 95/234/234 96/236/236
f 335/235/235 96/236/236 334/237/237
f 334/237/237 96/236/236 97/238/238
f 334/237/237 97/238/238 98/239/239
f 334/237/237 98/239/239 333/240/240
f 333/240/240 98/239/239 99/241/241
f 333/240/240 99/241/241 332/242/242
f 332/242/242 99/241/241 100/243/243
f 332/242/242 100/243/243 331/244/244
f 331/244/244 100/243/243 330/245/245
f 330/245/245 100/243/243 329/246/246
f 329/246/246 100/243/243 328/247/247
f 328/247/247 100/243/243 327/248/248
f 327/248/248 100/243/243 326/249/249
f 326/249/249 100/243/243 325/250/250
f 325/250/250 100/243/243 101/251/251
f 325/250/250 101/251/251 275/252/252
f 275/252/252 101/251/251 274/253/253
f 274/253/253 101/251/251 273/254/254
f 273/254/254 101/251/251 272/255/255
f 272/255/255 101/251/251 271/256/256
f 271/256/256 101/251/251 270/257/257
f 270/257/257 101/251/251 269/258/258
f 269/258/258 101/251/251 268/259/259
f 268/259/259 101/251/251 267/260/260
f 267/260/260 101/251/251 102/261/261
f 267/260/260 102/261/261 103/262/262
f 267/260/260 103/262/262 266/263/263
f 266/263/263 103/262/262 104/264/264
f 266/263/263 104/264/264 265/265/265
f 265/265/265 104/264/264 105/266/266
f 265/265/265 105/266/266 106/267/267
f 265/265/265 106/267/267 264/268/268
f 264/268/268 106/267/267 107/269/269
f 264/268/268 107/269/269 263/270/270
f 263/270/270 107/269/269 108/271/271
f 263/270/270 108/271/271 262/272/272
f 262/272/272 108/271/271 109/273/273
f 262/272/272 109/273/273 261/274/274
f 261/274/274 109/273/273 110/275/275
f 261/274/274 110/275/275 260/276/276
f 260/276/276 110/275/275 111/277/277
f 260/276/276 111/277/277 112/278/278
f 260/276/276 112/278/278 259/279/279
f 259/279/279 112/278/278 113/280/280
f 259/279/279 113/280/280 258/281/281
f 258/281/281 113/280/280 114/282/282
f 258/281/281 114/282/282 257/283/283
f 257/283/283 114/282/282 115/284/284
f 257/283/283 115/284/284 256/285/285
f 256/285/285 115/284/284 116/286/286
f 256/285/285 116/286/286 255/287/287
f 255/287/287 116/286/286 117/288/288
f 255/287/287 117/288/288 254/289/289
f 254/289/289 117/288/288 118/290/290
f 254/289/289 118/290/290 253/291/291
f 253/291/291 118/290/290 119/292/292
f 253/291/291 119/292/292 252/293/293
f 252/293/293 119/292/292 120/294/294
f 252/293/293 120/294/294 251/295/295
f 251/295/295 120/294/294 27/296/296
f 251/295/295 27/296/296 315/297/297
f 315/297/297 27/296/296 314/298/298
f 314/298/298 27/296/296 313/299/299
f 313/299/299 27/296/296 312/300/300
f 312/300/300 27/296/296 311/301/301
f 311/301/301 27/296/296 26/93/93
f 311/301/301 26/93/93 310/302/302
f 310/302/302 26/93/93 309/303/303
f 309/303/303 26/93/93 308/304/304
f 308/304/304 26/93/93 307/305/305
f 307/305/305 26/93/93 306/306/306
f 306/306/306 26/93/93 305/307/307
f 305/307/307 26/93/93 304/308/308
f 304/308/308 26/93/93 303/309/309
f 303/309/309 26/93/93 302/310/310
f 302/310/310 26/93/93 301/311/311
f 301/311/311 26/93/93 300/95/95
f 123/111/111 124/312/312 34/104/104
f 34/104/104 124/312/312 125/313/313
f 34/104/104 125/313/313 126/105/105
f 128/107/107 129/314/314 35/100/100
f 35/100/100 129/314/314 130/315/315
f 35/100/100 130/315/315 131/316/316
f 131/316/316 132/317/317 35/100/100
f 35/100/100 132/317/317 133/318/318
f 35/100/100 133/318/318 134/319/319
f 134/319/319 135/320/320 35/100/100
f 35/100/100 135/320/320 136/321/321
f 35/100/100 136/321/321 137/322/322
f 137/322/322 138/323/323 35/100/100
f 35/100/100 138/323/323 139/101/101
f 141/103/103 142/324/324 37/96/96
f 37/96/96 142/324/324 143/325/325
f 37/96/96 143/325/325 144/326/326
f 144/326/326 145/327/327 37/96/96
f 37/96/96 145/327/327 146/328/328
f 37/96/96 146/328/328 147/329/329
f 147/329/329 148/330/330 37/96/96
f 37/96/96 148/330/330 149/331/331
f 37/96/96 149/331/331 150/332/332
f 150/332/332 151/333/333 37/96/96
f 37/96/96 151/333/333 152/334/334
f 37/96/96 152/334/334 153/335/335
f 153/335/335 154/336/336 37/96/96
f 37/96/96 154/336/336 186/337/337
f 37/96/96 186/337/337 187/338/338
f 186/337/337 154/336/336 250/339/339
f 250/339/339 154/336/336 155/340/340
f 250/339/339 155/340/340 249/341/341
f 249/341/341 155/340/340 156/342/342
f 249/341/341 156/342/342 248/343/343
f 248/343/343 156/342/342 157/344/344
f 248/343/343 157/344/344 247/345/345
f 247/345/345 157/344/344 158/346/346
f 247/345/345 158/346/346 246/347/347
f 246/347/347 158/346/346 159/348/348
f 246/347/347 159/348/348 245/349/349
f 245/349/349 159/348/348 160/350/350
f 245/349/349 160/350/350 244/351/351
f 244/351/351 160/350/350 161/352/352
f 244/351/351 161/352/352 243/353/353
f 243/353/353 161/352/352 162/149/149
f 243/353/353 162/149/149 242/148/148
f 163/150/150 164/354/354 58/146/146
f 58/146/146 164/354/354 165/355/355
f 58/146/146 165/355/355 166/356/356
f 166/356/356 167/357/357 58/146/146
f 58/146/146 167/357/357 168/358/358
f 58/146/146 168/358/358 169/359/359
f 169/359/359 170/144/144 58/146/146
f 187/338/338 188/360/360 37/96/96
f 37/96/96 188/360/360 189/361/361
f 37/96/96 189/361/361 190/362/362
f 190/362/362 191/363/363 37/96/96
f 37/96/96 191/363/363 192/364/364
f 37/96/96 192/364/364 193/365/365
f 193/365/365 194/366/366 37/96/96
f 37/96/96 194/366/366 195/367/367
f 37/96/96 195/367/367 196/368/368
f 196/368/368 197/369/369 37/96/96
f 37/96/96 197/369/369 198/370/370
f 37/96/96 198/370/370 199/371/371
f 199/371/371 200/372/372 37/96/96
f 37/96/96 200/372/372 201/373/373
f 37/96/96 201/373/373 202/374/374
f 202/374/374 203/375/375 37/96/96
f 37/96/96 203/375/375 204/376/376
f 37/96/96 204/376/376 363/97/97
f 363/97/97 204/376/376 362/377/377
f 362/377/377 204/376/376 205/378/378
f 362/377/377 205/378/378 361/379/379
f 361/379/379 205/378/378 206/380/380
f 361/379/379 206/380/380 360/381/381
f 360/381/381 206/380/380 207/382/382
f 360/381/381 207/382/382 359/383/383
f 359/383/383 207/382/382 208/384/384
f 359/383/383 208/384/384 358/385/385
f 358/385/385 208/384/384 209/386/386
f 358/385/385 209/386/386 357/387/387
f 357/387/387 209/386/386 210/388/388
f 357/387/387 210/388/388 211/197/197
f 237/154/154 238/389/389 59/147/147
f 59/147/147 238/389/389 239/390/390
f 59/147/147 239/390/390 240/391/391
f 240/391/391 241/392/392 59/147/147
f 59/147/147 241/392/392 242/148/148
f 325/250/250 275/252/252 324/393/393
f 324/393/393 275/252/252 276/394/394
f 324/393/393 276/394/394 323/395/395
f 323/395/395 276/394/394 277/396/396
f 323/395/395 277/396/396 322/397/397
f 322/397/397 277/396/396 278/398/398
f 322/397/397 278/398/398 321/399/399
f 321/399/399 278/398/398 279/400/400
f 321/399/399 279/400/400 320/401/401
f 320/401/401 279/400/400 280/402/402
f 320/401/401 280/402/402 319/403/403
f 319/403/403 280/402/402 281/404/404
f 319/403/403 281/404/404 318/405/405
f 318/405/405 281/404/404 282/406/406
f 318/405/405 282/406/406 317/407/407
f 317/407/407 282/406/406 283/408/408
f 317/407/407 283/408/408 316/409/409
f 316/409/409 283/408/408 38/91/91
f 316/409/409 38/91/91 380/410/410
f 380/410/410 38/91/91 379/411/411
f 379/411/411 38/91/91 378/412/412
f 378/412/412 38/91/91 377/413/413
f 377/413/413 38/91/91 376/414/414
f 376/414/414 38/91/91 375/415/415
f 375/415/415 38/91/91 374/416/416
f 374/416/416 38/91/91 373/417/417
f 373/417/417 38/91/91 372/418/418
f 372/418/418 38/91/91 371/419/419
f 371/419/419 38/91/91 370/420/420
f 370/420/420 38/91/91 369/421/421
f 369/421/421 38/91/91 368/422/422
f 368/422/422 38/91/91 367/423/423
f 367/423/423 38/91/91 366/424/424
f 366/424/424 38/91/91 365/99/99
f 283/408/408 284/425/425 38/91/91
f 38/91/91 284/425/425 285/426/426
f 38/91/91 285/426/426 286/427/427
f 286/427/427 287/428/428 38/91/91
f 38/91/91 287/428/428 288/429/429
f 38/91/91 288/429/429 289/430/430
f 289/430/430 290/431/431 38/91/91
f 38/91/91 290/431/431 291/432/432
f 38/91/91 291/432/432 292/433/433
f 292/433/433 293/434/434 38/91/91
f 38/91/91 293/434/434 294/435/435
f 38/91/91 294/435/435 295/436/436
f 295/436/436 296/437/437 38/91/91
f 38/91/91 296/437/437 297/438/438
f 38/91/91 297/438/438 298/92/92
f 356/199/199 357/387/387 211/197/197
f 382/439/439 475/440/440 381/441/441
f 381/441/441 475/440/440 476/442/442
f 381/441/441 476/442/442 480/443/443
f 480/443/443 476/442/442 477/444/444
f 480/443/443 477/444/444 479/445/445
f 479/445/445 477/444/444 478/446/446
f 383/447/447 473/448/448 382/439/439
f 382/439/439 473/448/448 474/449/449
f 382/439/439 474/449/449 475/440/440
f 384/450/450 471/451/451 383/447/447
f 383/447/447 471/451/451 472/452/452
f 383/447/447 472/452/452 473/448/448
f 385/453/453 469/454/454 384/450/450
f 384/450/450 469/454/454 470/455/455
f 384/450/450 470/455/455 471/451/451
f 386/456/456 467/457/457 385/453/453
f 385/453/453 467/457/457 468/458/458
f 385/453/453 468/458/458 469/454/454
f 387/459/459 465/460/460 386/456/456
f 386/456/456 465/460/460 466/461/461
f 386/456/456 466/461/461 467/457/457
f 388/462/462 463/463/463 387/459/459
f 387/459/459 463/463/463 464/464/464
f 387/459/459 464/464/464 465/460/460
f 389/465/465 461/466/466 388/462/462
f 388/462/462 461/466/466 462/467/467
f 388/462/462 462/467/467 463/463/463
f 390/468/468 459/469/469 389/465/465
f 389/465/465 459/469/469 460/470/470
f 389/465/465 460/470/470 461/466/466
f 391/471/471 457/472/472 390/468/468
f 390/468/468 457/472/472 458/473/473
f 390/468/468 458/473/473 459/469/469
f 457/472/472 391/471/471 456/474/474
f 456/474/474 391/471/471 392/475/475
f 456/474/474 392/475/475 455/476/476
f 455/476/476 392/475/475 454/477/477
f 454/477/477 392/475/475 393/478/478
f 454/477/477 393/478/478 453/479/479
f 453/479/479 393/478/478 452/480/480
f 452/480/480 393/478/478 394/481/481
f 452/480/480 394/481/481 451/482/482
f 451/482/482 394/481/481 450/483/483
f 450/483/483 394/481/481 395/484/484
f 450/483/483 395/484/484 449/485/485
f 449/485/485 395/484/484 448/486/486
f 448/486/486 395/484/484 396/487/487
f 448/486/486 396/487/487 447/488/488
f 447/488/488 396/487/487 446/489/489
f 446/489/489 396/487/487 397/490/490
f 446/489/489 397/490/490 445/491/491
f 445/491/491 397/490/490 444/492/492
f 444/492/492 397/490/490 398/493/493
f 444/492/492 398/493/493 443/494/494
f 443/494/494 398/493/493 442/495/495
f 442/495/495 398/493/493 399/496/496
f 442/495/495 399/496/496 441/497/497
f 441/497/497 399/496/496 440/498/498
f 440/498/498 399/496/496 400/499/499
f 440/498/498 400/499/499 439/500/500
f 439/500/500 400/499/499 438/501/501
f 438/501/501 400/499/499 401/502/502
f 438/501/501 401/502/502 437/503/503
f 437/503/503 401/502/502 436/504/504
f 436/504/504 401/502/502 402/505/505
f 436/504/504 402/505/505 435/506/506
f 435/506/506 402/505/505 434/507/507
f 434/507/507 402/505/505 403/508/508
f 434/507/507 403/508/508 433/509/509
f 433/509/509 403/508/508 432/510/510
f 432/510/510 403/508/508 404/511/511
f 432/510/510 404/511/511 431/512/512
f 431/512/512 404/511/511 430/513/513
f 430/513/513 404/511/511 405/514/514
f 430/513/513 405/514/514 429/515/515
f 429/515/515 405/514/514 406/516/516
f 429/515/515 406/516/516 428/517/517
f 428/517/517 406/516/516 427/518/518
f 427/518/518 406/516/516 407/519/519
f 427/518/518 407/519/519 426/520/520
f 426/520/520 407/519/519 425/521/521
f 425/521/521 407/519/519 408/522/522
f 425/521/521 408/522/522 424/523/523
f 424/523/523 408/522/522 423/524/524
f 423/524/524 408/522/522 409/525/525
f 423/524/524 409/525/525 422/526/526
f 422/526/526 409/525/525 421/527/527
f 421/527/527 409/525/525 410/528/528
f 421/527/527 410/528/528 420/529/529
f 420/529/529 410/528/528 419/530/530
f 419/530/530 410/528/528 411/531/531
f 419/530/530 411/531/531 418/532/532
f 418/532/532 411/531/531 417/533/533
f 417/533/533 411/531/531 412/534/534
f 417/533/533 412/534/534 416/535/535
f 416/535/535 412/534/534 415/536/536
f 415/536/536 412/534/534 413/537/537
f 415/536/536 413/537/537 414/538/538
f 478/539/539 481/540/540 479/541/445
f 479/541/445 481/540/540 536/542/541
f 536/542/541 481/540/540 482/543/542
f 536/542/541 482/543/542 535/544/543
f 535/544/543 482/543/542 483/545/544
f 535/544/543 483/545/544 534/546/545
f 534/546/545 483/545/544 484/547/546
f 534/546/545 484/547/546 533/548/547
f 533/548/547 484/547/546 485/549/548
f 533/548/547 485/549/548 532/550/549
f 532/550/549 485/549/548 486/551/550
f 532/550/549 486/551/550 531/552/551
f 531/552/551 486/551/550 487/553/552
f 531/552/551 487/553/552 530/554/553
f 530/554/553 487/553/552 488/555/554
f 530/554/553 488/555/554 489/556/555
f 530/554/553 489/556/555 529/557/556
f 529/557/556 489/556/555 490/558/557
f 529/557/556 490/558/557 528/559/558
f 528/559/558 490/558/557 491/560/559
f 528/559/558 491/560/559 548/561/560
f 548/561/560 491/560/559 492/562/561
f 548/561/560 492/562/561 547/563/562
f 547/563/562 492/562/561 493/564/563
f 547/563/562 493/564/563 546/565/564
f 546/565/564 493/564/563 494/566/565
f 546/565/564 494/566/565 545/567/566
f 545/567/566 494/566/565 495/568/567
f 545/567/566 495/568/567 544/569/568
f 544/569/568 495/568/567 496/570/569
f 544/569/568 496/570/569 497/571/570
f 544/569/568 497/571/570 543/572/571
f 543/572/571 497/571/570 498/573/572
f 543/572/571 498/573/572 542/574/573
f 542/574/573 498/573/572 499/575/574
f 542/574/573 499/575/574 541/576/575
f 541/576/575 499/575/574 500/577/576
f 541/576/575 500/577/576 540/578/577
f 540/578/577 500/577/576 501/579/578
f 540/578/577 501/579/578 539/580/579
f 539/580/579 501/579/578 502/581/580
f 539/580/579 502/581/580 538/582/581
f 538/582/581 502/581/580 503/583/582
f 538/582/581 503/583/582 537/584/583
f 537/584/583 503/583/582 504/585/584
f 537/584/583 504/585/584 509/586/585
f 509/586/585 504/585/584 508/587/586
f 508/587/586 504/585/584 507/588/587
f 507/588/587 504/585/584 506/589/588
f 506/589/588 504/585/584 505/590/589
f 509/586/585 510/591/590 537/584/583
f 537/584/583 510/591/590 549/592/591
f 537/584/583 549/592/591 555/593/592
f 555/593/592 549/592/591 550/594/593
f 555/593/592 550/594/593 514/595/594
f 514/595/594 550/594/593 513/596/595
f 513/596/595 550/594/593 512/597/596
f 512/597/596 550/594/593 551/598/597
f 512/597/596 551/598/597 511/599/598
f 511/599/598 551/598/597 552/600/599
f 511/599/598 552/600/599 510/591/590
f 510/591/590 552/600/599 551/598/597
f 510/591/590 551/598/597 549/592/591
f 549/592/591 551/598/597 550/594/593
f 555/593/592 514/595/594 554/601/600
f 554/601/600 514/595/594 515/602/601
f 554/601/600 515/602/601 553/603/602
f 553/603/602 515/602/601 516/604/603
f 553/603/602 516/604/603 517/605/604
f 553/603/602 517/605/604 540/578/577
f 540/578/577 517/605/604 518/606/605
f 540/578/577 518/606/605 541/576/575
f 541/576/575 518/606/605 519/607/606
f 541/576/575 519/607/606 542/574/573
f 542/574/573 519/607/606 520/608/607
f 542/574/573 520/608/607 521/609/608
f 542/574/573 521/609/608 543/572/571
f 543/572/571 521/609/608 522/610/609
f 543/572/571 522/610/609 544/569/568
f 544/569/568 522/610/609 523/611/610
f 544/569/568 523/611/610 545/567/566
f 545/567/566 523/611/610 524/612/611
f 545/567/566 524/612/611 546/565/564
f 546/565/564 524/612/611 525/613/612
f 546/565/564 525/613/612 547/563/562
f 547/563/562 525/613/612 526/614/613
f 547/563/562 526/614/613 548/561/560
f 548/561/560 526/614/613 527/615/614
f 548/561/560 527/615/614 528/559/558
f 537/584/583 555/593/592 538/582/581
f 538/582/581 555/593/592 554/601/600
f 538/582/581 554/601/600 539/580/579
f 539/580/579 554/601/600 553/603/602
f 539/580/579 553/603/602 540/578/577
f 557/616/615 561/617/616 556/618/617
f 556/618/617 561/617/616 562/619/618
f 556/618/617 562/619/618 655/620/619
f 655/620/619 562/619/618 563/621/620
f 655/620/619 563/621/620 564/622/621
f 561/617/616 557/616/615 560/623/622
f 560/623/622 557/616/615 558/624/623
f 560/623/622 558/624/623 559/625/624
f 655/620/619 564/622/621 654/626/625
f 654/626/625 564/622/621 565/627/626
f 654/626/625 565/627/626 566/628/627
f 654/626/625 566/628/627 653/629/628
f 653/629/628 566/628/627 567/630/629
f 653/629/628 567/630/629 568/631/630
f 653/629/628 568/631/630 652/632/631
f 652/632/631 568/631/630 569/633/632
f 652/632/631 569/633/632 570/634/633
f 652/632/631 570/634/633 651/635/634
f 651/635/634 570/634/633 571/636/635
f 651/635/634 571/636/635 572/637/636
f 651/635/634 572/637/636 650/638/637
f 650/638/637 572/637/636 573/639/638
f 650/638/637 573/639/638 574/640/639
f 650/638/637 574/640/639 649/641/640
f 649/641/640 574/640/639 575/642/641
f 649/641/640 575/642/641 576/643/642
f 649/641/640 576/643/642 648/644/643
f 648/644/643 576/643/642 577/645/644
f 648/644/643 577/645/644 578/646/645
f 648/644/643 578/646/645 647/647/646
f 647/647/646 578/646/645 579/648/647
f 647/647/646 579/648/647 580/649/648
f 647/647/646 580/649/648 646/650/649
f 646/650/649 580/649/648 581/651/650
f 646/650/649 581/651/650 582/652/651
f 646/650/649 582/652/651 645/653/652
f 645/653/652 582/652/651 583/654/653
f 645/653/652 583/654/653 584/655/654
f 645/653/652 584/655/654 644/656/655
f 644/656/655 584/655/654 585/657/656
f 644/656/655 585/657/656 643/658/657
f 643/658/657 585/657/656 586/659/658
f 643/658/657 586/659/658 587/660/659
f 643/658/657 587/660/659 642/661/660
f 642/661/660 587/660/659 588/662/661
f 642/661/660 588/662/661 589/663/662
f 642/661/660 589/663/662 641/664/663
f 641/664/663 589/663/662 590/665/664
f 641/664/663 590/665/664 591/666/665
f 641/664/663 591/666/665 640/667/666
f 640/667/666 591/666/665 592/668/667
f 640/667/666 592/668/667 593/669/668
f 640/667/666 593/669/668 639/670/669
f 639/670/669 593/669/668 594/671/670
f 639/670/669 594/671/670 595/672/671
f 639/670/669 595/672/671 638/673/672
f 638/673/672 595/672/671 596/674/673
f 638/673/672 596/674/673 597/675/674
f 638/673/672 597/675/674 637/676/675
f 637/676/675 597/675/674 598/677/676
f 637/676/675 598/677/676 599/678/677
f 637/676/675 599/678/677 636/679/678
f 636/679/678 599/678/677 600/680/679
f 636/679/678 600/680/679 601/681/680
f 636/679/678 601/681/680 635/682/681
f 635/682/681 601/681/680 602/683/682
f 635/682/681 602/683/682 603/684/683
f 635/682/681 603/684/683 634/685/684
f 634/685/684 603/684/683 604/686/685
f 634/685/684 604/686/685 605/687/686
f 634/685/684 605/687/686 633/688/687
f 633/688/687 605/687/686 606/689/688
f 633/688/687 606/689/688 607/690/689
f 633/688/687 607/690/689 632/691/690
f 632/691/690 607/690/689 608/692/691
f 632/691/690 608/692/691 609/693/692
f 632/691/690 609/693/692 631/694/693
f 631/694/693 609/693/692 610/695/694
f 631/694/693 610/695/694 630/696/695
f 630/696/695 610/695/694 611/697/696
f 630/696/695 611/697/696 612/698/697
f 630/696/695 612/698/697 629/699/698
f 629/699/698 612/698/697 613/700/699
f 629/699/698 613/700/699 614/701/700
f 629/699/698 614/701/700 628/702/701
f 628/702/701 614/701/700 615/703/702
f 628/702/701 615/703/702 616/704/703
f 628/702/701 616/704/703 627/705/704
f 627/705/704 616/704/703 617/706/705
f 627/705/704 617/706/705 618/707/706
f 627/705/704 618/707/706 626/708/707
f 626/708/707 618/707/706 619/709/708
f 626/708/707 619/709/708 620/710/709
f 626/708/707 620/710/709 625/711/710
f 625/711/710 620/710/709 621/712/711
f 625/711/710 621/712/711 622/713/712
f 623/714/713 624/715/714 622/713/712
f 622/713/712 624/715/714 625/711/710
f 623/716/713 656/717/715 624/718/714
f 624/718/714 656/717/715 657/719/716
f 659/720/717 750/721/718 658/722/719
f 658/722/719 750/721/718 751/723/720
f 658/722/719 751/723/720 755/724/721
f 755/724/721 751/723/720 752/725/722
f 755/724/721 752/725/722 754/726/723
f 754/726/723 752/725/722 753/727/724
f 660/728/725 748/729/726 659/720/717
f 659/720/717 748/729/726 749/730/727
f 659/720/717 749/730/727 750/721/718
f 661/731/728 746/732/729 660/728/725
f 660/728/725 746/732/729 747/733/730
f 660/728/725 747/733/730 748/729/726
f 662/734/731 744/735/732 661/731/728
f 661/731/728 744/735/732 745/736/733
f 661/731/728 745/736/733 746/732/729
f 663/737/734 742/738/735 662/734/731
f 662/734/731 742/738/735 743/739/736
f 662/734/731 743/739/736 744/735/732
f 664/740/737 740/741/738 663/737/734
f 663/737/734 740/741/738 741/742/739
f 663/737/734 741/742/739 742/738/735
f 665/743/740 738/744/741 664/740/737
f 664/740/737 738/744/741 739/745/742
f 664/740/737 739/745/742 740/741/738
f 666/746/743 736/747/744 665/743/740
f 665/743/740 736/747/744 737/748/745
f 665/743/740 737/748/745 738/744/741
f 667/749/746 734/750/747 666/746/743
f 666/746/743 734/750/747 735/751/748
f 666/746/743 735/751/748 736/747/744
f 668/752/749 732/753/750 667/749/746
f 667/749/746 732/753/750 733/754/751
f 667/749/746 733/754/751 734/750/747
f 732/753/750 668/752/749 731/755/752
f 731/755/752 668/752/749 669/756/753
f 731/755/752 669/756/753 730/757/754
f 730/757/754 669/756/753 729/758/755
f 729/758/755 669/756/753 670/759/756
f 729/758/755 670/759/756 728/760/757
f 728/760/757 670/759/756 727/761/758
f 727/761/758 670/759/756 671/762/759
f 727/761/758 671/762/759 726/763/760
f 726/763/760 671/762/759 725/764/761
f 725/764/761 671/762/759 672/765/762
f 725/764/761 672/765/762 724/766/763
f 724/766/763 672/765/762 723/767/764
f 723/767/764 672/765/762 673/768/765
f 723/767/764 673/768/765 722/769/766
f 722/769/766 673/768/765 721/770/767
f 721/770/767 673/768/765 674/771/768
f 721/770/767 674/771/768 720/772/769
f 720/772/769 674/771/768 719/773/770
f 719/773/770 674/771/768 675/774/771
f 719/773/770 675/774/771 718/775/772
f 718/775/772 675/774/771 717/776/773
f 717/776/773 675/774/771 676/777/774
f 717/776/773 676/777/774 716/778/775
f 716/778/775 676/777/774 715/779/776
f 715/779/776 676/777/774 677/780/777
f 715/779/776 677/780/777 714/781/778
f 714/781/778 677/780/777 713/782/779
f 713/782/779 677/780/777 678/783/780
f 713/782/779 678/783/780 712/784/781
f 712/784/781 678/783/780 711/785/782
f 711/785/782 678/783/780 679/786/783
f 711/785/782 679/786/783 710/787/784
f 710/787/784 679/786/783 709/788/785
f 709/788/785 679/786/783 680/789/786
f 709/788/785 680/789/786 708/790/787
f 708/790/787 680/789/786 707/791/788
f 707/791/788 680/789/786 681/792/789
f 707/791/788 681/792/789 706/793/790
f 706/793/790 681/792/789 705/794/791
f 705/794/791 681/792/789 682/795/792
f 705/794/791 682/795/792 704/796/793
f 704/796/793 682/795/792 683/797/794
f 704/796/793 683/797/794 703/798/795
f 703/798/795 683/797/794 702/799/796
f 702/799/796 683/797/794 684/800/797
f 702/799/796 684/800/797 701/801/798
f 701/801/798 684/800/797 700/802/799
f 700/802/799 684/800/797 685/803/800
f 700/802/799 685/803/800 699/804/801
f 699/804/801 685/803/800 698/805/802
f 698/805/802 685/803/800 686/806/803
f 698/805/802 686/806/803 697/807/804
f 697/807/804 686/806/803 696/808/805
f 696/808/805 686/806/803 687/809/806
f 696/808/805 687/809/806 695/810/807
f 695/810/807 687/809/806 694/811/808
f 694/811/808 687/809/806 688/812/809
f 694/811/808 688/812/809 693/813/810
f 693/813/810 688/812/809 692/814/811
f 692/814/811 688/812/809 689/815/812
f 692/814/811 689/815/812 691/816/813
f 691/816/813 689/815/812 690/817/814
f 690/817/814 689/815/812 657/818/716
f 690/817/814 657/818/716 656/819/715
f 754/820/723 753/821/815 806/822/816
f 806/822/816 753/821/815 756/823/817
f 806/822/816 756/823/817 805/824/818
f 805/824/818 756/823/817 757/825/819
f 805/824/818 757/825/819 804/826/820
f 804/826/820 757/825/819 758/827/821
f 804/826/820 758/827/821 803/828/822
f 803/828/822 758/827/821 759/829/823
f 803/828/822 759/829/823 802/830/824
f 802/830/824 759/829/823 760/831/825
f 802/830/824 760/831/825 801/832/826
f 801/832/826 760/831/825 800/833/827
f 800/833/827 760/831/825 761/834/828
f 800/833/827 761/834/828 799/835/829
f 799/835/829 761/834/828 762/836/830
f 799/835/829 762/836/830 798/837/831
f 798/837/831 762/836/830 763/838/832
f 798/837/831 763/838/832 818/839/833
f 818/839/833 763/838/832 764/840/834
f 818/839/833 764/840/834 817/841/835
f 817/841/835 764/840/834 765/842/836
f 817/841/835 765/842/836 816/843/837
f 816/843/837 765/842/836 815/844/838
f 816/843/837 815/844/838 794/845/839
f 794/845/839 815/844/838 793/846/840
f 793/846/840 815/844/838 814/847/841
f 793/846/840 814/847/841 792/848/842
f 792/848/842 814/847/841 813/849/843
f 792/848/842 813/849/843 791/850/844
f 791/850/844 813/849/843 812/851/845
f 791/850/844 812/851/845 790/852/846
f 790/852/846 812/851/845 789/853/847
f 789/853/847 812/851/845 811/854/848
f 789/853/847 811/854/848 788/855/849
f 788/855/849 811/854/848 810/856/850
f 788/855/849 810/856/850 787/857/851
f 787/857/851 810/856/850 823/858/852
f 787/857/851 823/858/852 786/859/853
f 786/859/853 823/858/852 785/860/854
f 785/860/854 823/858/852 824/861/855
f 785/860/854 824/861/855 784/862/856
f 784/862/856 824/861/855 825/863/857
f 784/862/856 825/863/857 820/864/858
f 820/864/858 825/863/857 819/865/859
f 820/864/858 819/865/859 821/866/860
f 821/866/860 819/865/859 780/867/861
f 821/866/860 780/867/861 822/868/862
f 822/868/862 780/867/861 781/869/863
f 822/868/862 781/869/863 821/866/860
f 821/866/860 781/869/863 782/870/864
f 821/866/860 782/870/864 820/864/858
f 820/864/858 782/870/864 783/871/865
f 820/864/858 783/871/865 784/862/856
f 765/842/836 766/872/866 815/844/838
f 815/844/838 766/872/866 814/847/841
f 766/872/866 767/873/867 814/847/841
f 814/847/841 767/873/867 813/849/843
f 767/873/867 768/874/868 813/849/843
f 813/849/843 768/874/868 812/851/845
f 768/874/868 769/875/869 812/851/845
f 812/851/845 769/875/869 811/854/848
f 769/875/869 770/876/870 811/854/848
f 811/854/848 770/876/870 810/856/850
f 770/876/870 771/877/871 810/856/850
f 810/856/850 771/877/871 809/878/872
f 810/856/850 809/878/872 823/858/852
f 823/858/852 809/878/872 824/861/855
f 771/877/871 772/879/873 809/878/872
f 809/878/872 772/879/873 808/880/874
f 809/878/872 808/880/874 824/861/855
f 824/861/855 808/880/874 825/863/857
f 772/879/873 773/881/875 808/880/874
f 808/880/874 773/881/875 807/882/876
f 808/880/874 807/882/876 825/863/857
f 825/863/857 807/882/876 819/865/859
f 773/881/875 774/883/877 807/882/876
f 807/882/876 774/883/877 775/884/878
f 807/882/876 775/884/878 779/885/879
f 779/885/879 775/884/878 778/886/880
f 778/886/880 775/884/878 777/887/881
f 777/887/881 775/884/878 776/888/882
f 776/888/882 775/884/878 28/889/883
f 779/885/879 780/867/861 807/882/876
f 807/882/876 780/867/861 819/865/859
f 794/845/839 795/890/884 816/843/837
f 816/843/837 795/890/884 817/841/835
f 795/890/884 796/891/885 817/841/835
f 817/841/835 796/891/885 818/839/833
f 796/891/885 797/892/886 818/839/833
f 818/839/833 797/892/886 798/837/831
f 827/893/887 831/894/888 826/895/889
f 826/895/889 831/894/888 832/896/890
f 826/895/889 832/896/890 925/897/891
f 925/897/891 832/896/890 833/898/892
f 925/897/891 833/898/892 834/899/893
f 831/894/888 827/893/887 830/900/894
f 830/900/894 827/893/887 828/901/895
f 830/900/894 828/901/895 829/902/896
f 925/897/891 834/899/893 924/903/897
f 924/903/897 834/899/893 835/904/898
f 924/903/897 835/904/898 836/905/899
f 924/903/897 836/905/899 923/906/900
f 923/906/900 836/905/899 837/907/901
f 923/906/900 837/907/901 838/908/902
f 923/906/900 838/908/902 922/909/903
f 922/909/903 838/908/902 839/910/904
f 922/909/903 839/910/904 840/911/905
f 922/909/903 840/911/905 921/912/906
f 921/912/906 840/911/905 841/913/907
f 921/912/906 841/913/907 842/914/908
f 921/912/906 842/914/908 920/915/909
f 920/915/909 842/914/908 843/916/910
f 920/915/909 843/916/910 844/917/911
f 920/915/909 844/917/911 919/918/912
f 919/918/912 844/917/911 845/919/913
f 919/918/912 845/919/913 846/920/914
f 919/918/912 846/920/914 918/921/915
f 918/921/915 846/920/914 847/922/916
f 918/921/915 847/922/916 848/923/917
f 918/921/915 848/923/917 917/924/918
f 917/924/918 848/923/917 849/925/919
f 917/924/918 849/925/919 850/926/920
f 917/924/918 850/926/920 916/927/921
f 916/927/921 850/926/920 851/928/922
f 916/927/921 851/928/922 852/929/923
f 916/927/921 852/929/923 915/930/924
f 915/930/924 852/929/923 853/931/925
f 915/930/924 853/931/925 854/932/926
f 915/930/924 854/932/926 914/933/927
f 914/933/927 854/932/926 855/934/928
f 914/933/927 855/934/928 913/935/929
f 913/935/929 855/934/928 856/936/930
f 913/935/929 856/936/930 857/937/931
f 913/935/929 857/937/931 912/938/932
f 912/938/932 857/937/931 858/939/933
f 912/938/932 858/939/933 859/940/934
f 912/938/932 859/940/934 911/941/935
f 911/941/935 859/940/934 860/942/936
f 911/941/935 860/942/936 861/943/937
f 911/941/935 861/943/937 910/944/938
f 910/944/938 861/943/937 862/945/939
f 910/944/938 862/945/939 863/946/940
f 910/944/938 863/946/940 909/947/941
f 909/947/941 863/946/940 864/948/942
f 909/947/941 864/948/942 865/949/943
f 909/947/941 865/949/943 908/950/944
f 908/950/944 865/949/943 866/951/945
f 908/950/944 866/951/945 867/952/946
f 908/950/944 867/952/946 907/953/947
f 907/953/947 867/952/946 868/954/948
f 907/953/947 868/954/948 869/955/949
f 907/953/947 869/955/949 906/956/950
f 906/956/950 869/955/949 870/957/951
f 906/956/950 870/957/951 871/958/952
f 906/956/950 871/958/952 905/959/953
f 905/959/953 871/958/952 872/960/954
f 905/959/953 872/960/954 873/961/955
f 905/959/953 873/961/955 904/962/956
f 904/962/956 873/961/955 874/963/957
f 904/962/956 874/963/957 875/964/958
f 904/962/956 875/964/958 903/965/959
f 903/965/959 875/964/958 876/966/960
f 903/965/959 876/966/960 877/967/961
f 903/965/959 877/967/961 902/968/962
f 902/968/962 877/967/961 878/969/963
f 902/968/962 878/969/963 879/970/964
f 902/968/962 879/970/964 901/971/965
f 901/971/965 879/970/964 880/972/966
f 901/971/965 880/972/966 900/973/967
f 900/973/967 880/972/966 881/974/968
f 900/973/967 881/974/968 882/975/969
f 900/973/967 882/975/969 899/976/970
f 899/976/970 882/975/969 883/977/971
f 899/976/970 883/977/971 884/978/972
f 899/976/970 884/978/972 898/979/973
f 898/979/973 884/978/972 885/980/974
f 898/979/973 885/980/974 886/981/975
f 898/979/973 886/981/975 897/982/976
f 897/982/976 886/981/975 887/983/977
f 897/982/976 887/983/977 888/984/978
f 897/982/976 888/984/978 896/985/979
f 896/985/979 888/984/978 889/986/980
f 896/985/979 889/986/980 890/987/981
f 896/985/979 890/987/981 895/988/982
f 895/988/982 890/987/981 891/989/983
f 895/988/982 891/989/983 892/990/984
f 893/991/985 894/992/986 892/990/984
f 892/990/984 894/992/986 895/988/982
f 413/993/537 894/994/986 414/995/538
f 414/995/538 894/994/986 893/996/987
f 558/997/623 983/998/988 559/999/624
f 559/999/624 983/998/988 985/1000/989
f 559/999/624 985/1000/989 981/1001/990
f 981/1001/990 985/1000/989 980/1002/991
f 980/1002/991 985/1000/989 986/1003/992
f 980/1002/991 986/1003/992 979/1004/993
f 979/1004/993 986/1003/992 978/1005/994
f 978/1005/994 986/1003/992 987/1006/995
f 978/1005/994 987/1006/995 977/1007/996
f 977/1007/996 987/1006/995 988/1008/997
f 977/1007/996 988/1008/997 976/1009/998
f 976/1009/998 988/1008/997 975/1010/999
f 975/1010/999 988/1008/997 989/1011/1000
f 975/1010/999 989/1011/1000 974/1012/1001
f 974/1012/1001 989/1011/1000 990/1013/1002
f 974/1012/1001 990/1013/1002 973/1014/1003
f 973/1014/1003 990/1013/1002 991/1015/1004
f 973/1014/1003 991/1015/1004 972/1016/1005
f 972/1016/1005 991/1015/1004 971/1017/1006
f 971/1017/1006 991/1015/1004 992/1018/1007
f 971/1017/1006 992/1018/1007 970/1019/1008
f 970/1019/1008 992/1018/1007 993/1020/1009
f 970/1019/1008 993/1020/1009 969/1021/1010
f 969/1021/1010 993/1020/1009 994/1022/1011
f 969/1021/1010 994/1022/1011 968/1023/1012
f 968/1023/1012 994/1022/1011 995/1024/1013
f 968/1023/1012 995/1024/1013 967/1025/1014
f 967/1025/1014 995/1024/1013 996/1026/1015
f 967/1025/1014 996/1026/1015 966/1027/1016
f 966/1027/1016 996/1026/1015 965/1028/1017
f 965/1028/1017 996/1026/1015 997/1029/1018
f 965/1028/1017 997/1029/1018 964/1030/1019
f 964/1030/1019 997/1029/1018 998/1031/1020
f 964/1030/1019 998/1031/1020 963/1032/1021
f 963/1032/1021 998/1031/1020 999/1033/1022
f 963/1032/1021 999/1033/1022 962/1034/1023
f 962/1034/1023 999/1033/1022 1001/1035/1024
f 962/1034/1023 1001/1035/1024 1000/1036/1025
f 1000/1036/1025 1001/1035/1024 1054/1037/1026
f 1000/1036/1025 1054/1037/1026 1002/1038/1027
f 1002/1038/1027 1054/1037/1026 960/1039/1028
f 1002/1038/1027 960/1039/1028 961/1040/1029
f 558/997/623 926/1041/1030 983/998/988
f 983/998/988 926/1041/1030 1060/1042/1031
f 983/998/988 1060/1042/1031 927/1043/1032
f 927/1043/1032 1060/1042/1031 926/1041/1030
f 928/1044/1033 1059/1045/1034 927/1043/1032
f 927/1043/1032 1059/1045/1034 1020/1046/1035
f 927/1043/1032 1020/1046/1035 983/998/988
f 983/998/988 1020/1046/1035 985/1000/989
f 929/1047/1036 1058/1048/1037 928/1044/1033
f 928/1044/1033 1058/1048/1037 1019/1049/1038
f 928/1044/1033 1019/1049/1038 1020/1046/1035
f 1020/1046/1035 1019/1049/1038 986/1003/992
f 1020/1046/1035 986/1003/992 985/1000/989
f 930/1050/1039 1057/1051/1040 929/1047/1036
f 929/1047/1036 1057/1051/1040 1018/1052/1041
f 929/1047/1036 1018/1052/1041 1019/1049/1038
f 1019/1049/1038 1018/1052/1041 987/1006/995
f 1019/1049/1038 987/1006/995 986/1003/992
f 930/1050/1039 931/1053/1042 1057/1051/1040
f 1057/1051/1040 931/1053/1042 1018/1052/1041
f 1018/1052/1041 931/1053/1042 1017/1054/1043
f 1017/1054/1043 931/1053/1042 932/1055/1044
f 1017/1054/1043 932/1055/1044 1016/1056/1045
f 1016/1056/1045 932/1055/1044 933/1057/1046
f 1016/1056/1045 933/1057/1046 1015/1058/1047
f 1015/1058/1047 933/1057/1046 934/1059/1048
f 1015/1058/1047 934/1059/1048 1014/1060/1049
f 1014/1060/1049 934/1059/1048 935/1061/1050
f 1014/1060/1049 935/1061/1050 1032/1062/1051
f 1032/1062/1051 935/1061/1050 936/1063/1052
f 1032/1062/1051 936/1063/1052 1014/1060/1049
f 1014/1060/1049 936/1063/1052 1021/1064/1053
f 1014/1060/1049 1021/1064/1053 1013/1065/1054
f 1013/1065/1054 1021/1064/1053 1022/1066/1055
f 1013/1065/1054 1022/1066/1055 1012/1067/1056
f 1012/1067/1056 1022/1066/1055 1023/1068/1057
f 1012/1067/1056 1023/1068/1057 1011/1069/1058
f 1011/1069/1058 1023/1068/1057 1024/1070/1059
f 1011/1069/1058 1024/1070/1059 1010/1071/1060
f 1010/1071/1060 1024/1070/1059 1025/1072/1061
f 1010/1071/1060 1025/1072/1061 1009/1073/1062
f 1009/1073/1062 1025/1072/1061 1026/1074/1063
f 1009/1073/1062 1026/1074/1063 1008/1075/1064
f 1008/1075/1064 1026/1074/1063 1027/1076/1065
f 1008/1075/1064 1027/1076/1065 1007/1077/1066
f 1007/1077/1066 1027/1076/1065 1028/1078/1067
f 1007/1077/1066 1028/1078/1067 1006/1079/1068
f 1006/1079/1068 1028/1078/1067 1029/1080/1069
f 1006/1079/1068 1029/1080/1069 1005/1081/1070
f 1005/1081/1070 1029/1080/1069 1030/1082/1071
f 1005/1081/1070 1030/1082/1071 1004/1083/1072
f 1004/1083/1072 1030/1082/1071 1031/1084/1073
f 1004/1083/1072 1031/1084/1073 982/1085/1074
f 982/1085/1074 1031/1084/1073 958/1086/1075
f 982/1085/1074 958/1086/1075 1056/1087/1076
f 1056/1087/1076 958/1086/1075 959/1088/1077
f 1056/1087/1076 959/1088/1077 1055/1089/1078
f 1055/1089/1078 959/1088/1077 960/1039/1028
f 1055/1089/1078 960/1039/1028 1054/1037/1026
f 936/1063/1052 937/1090/1079 1021/1064/1053
f 1021/1064/1053 937/1090/1079 1022/1066/1055
f 937/1090/1079 938/1091/1080 1022/1066/1055
f 1022/1066/1055 938/1091/1080 1023/1068/1057
f 938/1091/1080 939/1092/1081 1023/1068/1057
f 1023/1068/1057 939/1092/1081 1024/1070/1059
f 939/1092/1081 940/1093/1082 1024/1070/1059
f 1024/1070/1059 940/1093/1082 1025/1072/1061
f 940/1093/1082 941/1094/1083 1025/1072/1061
f 1025/1072/1061 941/1094/1083 1039/1095/1084
f 1025/1072/1061 1039/1095/1084 942/1096/1085
f 942/1096/1085 1039/1095/1084 941/1094/1083
f 1025/1072/1061 942/1096/1085 1033/1097/1086
f 1033/1097/1086 942/1096/1085 943/1098/1087
f 1033/1097/1086 943/1098/1087 1034/1099/1088
f 1034/1099/1088 943/1098/1087 944/1100/1089
f 1034/1099/1088 944/1100/1089 945/1101/1090
f 946/1102/1091 1040/1103/1092 945/1101/1090
f 945/1101/1090 1040/1103/1092 1035/1104/1093
f 945/1101/1090 1035/1104/1093 1034/1099/1088
f 1034/1099/1088 1035/1104/1093 1027/1076/1065
f 1034/1099/1088 1027/1076/1065 1026/1074/1063
f 946/1102/1091 947/1105/1094 1040/1103/1092
f 1040/1103/1092 947/1105/1094 1041/1106/1095
f 1040/1103/1092 1041/1106/1095 1035/1104/1093
f 1035/1104/1093 1041/1106/1095 1036/1107/1096
f 1035/1104/1093 1036/1107/1096 1028/1078/1067
f 1028/1078/1067 1036/1107/1096 1029/1080/1069
f 947/1105/1094 948/1108/1097 1041/1106/1095
f 1041/1106/1095 948/1108/1097 949/1109/1098
f 1041/1106/1095 949/1109/1098 1042/1110/1099
f 1042/1110/1099 949/1109/1098 950/1111/1100
f 1042/1110/1099 950/1111/1100 984/1112/1101
f 984/1112/1101 950/1111/1100 951/1113/1102
f 984/1112/1101 951/1113/1102 1038/1114/1103
f 1038/1114/1103 951/1113/1102 952/1115/1104
f 1038/1114/1103 952/1115/1104 953/1116/1105
f 954/1117/1106 958/1086/1075 953/1116/1105
f 953/1116/1105 958/1086/1075 984/1112/1101
f 953/1116/1105 984/1112/1101 1038/1114/1103
f 954/1117/1106 955/1118/1107 958/1086/1075
f 958/1086/1075 955/1118/1107 956/1119/1108
f 958/1086/1075 956/1119/1108 957/1120/1109
f 1002/1038/1027 961/1040/1029 1000/1036/1025
f 1000/1036/1025 961/1040/1029 962/1034/1023
f 958/1086/1075 1003/1121/1110 984/1112/1101
f 984/1112/1101 1003/1121/1110 1037/1122/1111
f 984/1112/1101 1037/1122/1111 1042/1110/1099
f 1042/1110/1099 1037/1122/1111 1036/1107/1096
f 1042/1110/1099 1036/1107/1096 1041/1106/1095
f 987/1006/995 1018/1052/1041 988/1008/997
f 988/1008/997 1018/1052/1041 1043/1123/1112
f 988/1008/997 1043/1123/1112 989/1011/1000
f 989/1011/1000 1043/1123/1112 1044/1124/1113
f 989/1011/1000 1044/1124/1113 990/1013/1002
f 990/1013/1002 1044/1124/1113 1045/1125/1114
f 990/1013/1002 1045/1125/1114 991/1015/1004
f 991/1015/1004 1045/1125/1114 1046/1126/1115
f 991/1015/1004 1046/1126/1115 992/1018/1007
f 992/1018/1007 1046/1126/1115 1047/1127/1116
f 992/1018/1007 1047/1127/1116 993/1020/1009
f 993/1020/1009 1047/1127/1116 1048/1128/1117
f 993/1020/1009 1048/1128/1117 994/1022/1011
f 994/1022/1011 1048/1128/1117 1049/1129/1118
f 994/1022/1011 1049/1129/1118 995/1024/1013
f 995/1024/1013 1049/1129/1118 1050/1130/1119
f 995/1024/1013 1050/1130/1119 996/1026/1015
f 996/1026/1015 1050/1130/1119 1051/1131/1120
f 996/1026/1015 1051/1131/1120 997/1029/1018
f 997/1029/1018 1051/1131/1120 1052/1132/1121
f 997/1029/1018 1052/1132/1121 998/1031/1020
f 998/1031/1020 1052/1132/1121 1053/1133/1122
f 998/1031/1020 1053/1133/1122 999/1033/1022
f 999/1033/1022 1053/1133/1122 1001/1035/1024
f 958/1086/1075 1031/1084/1073 1003/1121/1110
f 1003/1121/1110 1031/1084/1073 1030/1082/1071
f 1003/1121/1110 1030/1082/1071 1037/1122/1111
f 1037/1122/1111 1030/1082/1071 1029/1080/1069
f 1037/1122/1111 1029/1080/1069 1036/1107/1096
f 1056/1087/1076 1055/1089/1078 982/1085/1074
f 982/1085/1074 1055/1089/1078 1004/1083/1072
f 1055/1089/1078 1054/1037/1026 1004/1083/1072
f 1004/1083/1072 1054/1037/1026 1005/1081/1070
f 1054/1037/1026 1001/1035/1024 1005/1081/1070
f 1005/1081/1070 1001/1035/1024 1006/1079/1068
f 1001/1035/1024 1053/1133/1122 1006/1079/1068
f 1006/1079/1068 1053/1133/1122 1007/1077/1066
f 1053/1133/1122 1052/1132/1121 1007/1077/1066
f 1007/1077/1066 1052/1132/1121 1008/1075/1064
f 1052/1132/1121 1051/1131/1120 1008/1075/1064
f 1008/1075/1064 1051/1131/1120 1009/1073/1062
f 1051/1131/1120 1050/1130/1119 1009/1073/1062
f 1009/1073/1062 1050/1130/1119 1010/1071/1060
f 1050/1130/1119 1049/1129/1118 1010/1071/1060
f 1010/1071/1060 1049/1129/1118 1011/1069/1058
f 1049/1129/1118 1048/1128/1117 1011/1069/1058
f 1011/1069/1058 1048/1128/1117 1012/1067/1056
f 1048/1128/1117 1047/1127/1116 1012/1067/1056
f 1012/1067/1056 1047/1127/1116 1013/1065/1054
f 1047/1127/1116 1046/1126/1115 1013/1065/1054
f 1013/1065/1054 1046/1126/1115 1014/1060/1049
f 1046/1126/1115 1045/1125/1114 1014/1060/1049
f 1014/1060/1049 1045/1125/1114 1015/1058/1047
f 1045/1125/1114 1044/1124/1113 1015/1058/1047
f 1015/1058/1047 1044/1124/1113 1016/1056/1045
f 1044/1124/1113 1043/1123/1112 1016/1056/1045
f 1016/1056/1045 1043/1123/1112 1017/1054/1043
f 929/1047/1036 1019/1049/1038 1058/1048/1037
f 1043/1123/1112 1018/1052/1041 1017/1054/1043
f 928/1044/1033 1020/1046/1035 1059/1045/1034
f 1034/1099/1088 1026/1074/1063 1033/1097/1086
f 1033/1097/1086 1026/1074/1063 1025/1072/1061
f 1035/1104/1093 1028/1078/1067 1027/1076/1065
f 560/1134/1123 559/1135/1124 966/1136/1125
f 966/1136/1125 559/1135/1124 981/1137/1126
f 966/1136/1125 981/1137/1126 980/1138/1127
f 980/1138/1127 979/1139/1128 966/1136/1125
f 966/1136/1125 979/1139/1128 978/1140/1129
f 966/1136/1125 978/1140/1129 977/1141/1130
f 977/1141/1130 976/1142/1131 966/1136/1125
f 966/1136/1125 976/1142/1131 975/1143/1132
f 966/1136/1125 975/1143/1132 974/1144/1133
f 974/1144/1133 973/1145/1134 966/1136/1125
f 966/1136/1125 973/1145/1134 972/1146/1135
f 966/1136/1125 972/1146/1135 971/1147/1136
f 966/1136/1125 971/1147/1136 967/1148/1137
f 967/1148/1137 971/1147/1136 970/1149/1138
f 967/1148/1137 970/1149/1138 968/1150/1139
f 968/1150/1139 970/1149/1138 969/1151/1140
f 1061/1152/1141 567/1153/1142 966/1136/1125
f 966/1136/1125 567/1153/1142 566/1154/1143
f 966/1136/1125 566/1154/1143 565/1155/1144
f 1062/1156/1145 656/1157/1146 1061/1152/1141
f 1061/1152/1141 656/1157/1146 623/1158/1147
f 1061/1152/1141 623/1158/1147 622/1159/1148
f 771/1160/1149 743/1161/1150 1062/1156/1145
f 1062/1156/1145 743/1161/1150 742/1162/1151
f 1062/1156/1145 742/1162/1151 741/1163/1152
f 770/1164/1153 759/1165/1154 771/1160/1149
f 771/1160/1149 759/1165/1154 758/1166/1155
f 771/1160/1149 758/1166/1155 757/1167/1156
f 759/1165/1154 770/1164/1153 760/1168/1157
f 760/1168/1157 770/1164/1153 769/1169/1158
f 760/1168/1157 769/1169/1158 768/1170/1159
f 760/1168/1157 768/1170/1159 761/1171/1160
f 761/1171/1160 768/1170/1159 767/1172/1161
f 761/1171/1160 767/1172/1161 766/1173/1162
f 766/1173/1162 765/1174/1163 761/1171/1160
f 761/1171/1160 765/1174/1163 762/1175/1164
f 762/1175/1164 765/1174/1163 763/1176/1165
f 763/1176/1165 765/1174/1163 764/1177/1166
f 757/1167/1156 756/1178/1167 771/1160/1149
f 771/1160/1149 756/1178/1167 753/1179/1168
f 771/1160/1149 753/1179/1168 752/1180/1169
f 752/1180/1169 751/1181/1170 771/1160/1149
f 771/1160/1149 751/1181/1170 750/1182/1171
f 771/1160/1149 750/1182/1171 749/1183/1172
f 749/1183/1172 748/1184/1173 771/1160/1149
f 771/1160/1149 748/1184/1173 747/1185/1174
f 771/1160/1149 747/1185/1174 746/1186/1175
f 746/1186/1175 745/1187/1176 771/1160/1149
f 771/1160/1149 745/1187/1176 744/1188/1177
f 771/1160/1149 744/1188/1177 743/1161/1150
f 741/1163/1152 740/1189/1178 1062/1156/1145
f 1062/1156/1145 740/1189/1178 739/1190/1179
f 1062/1156/1145 739/1190/1179 738/1191/1180
f 738/1191/1180 737/1192/1181 1062/1156/1145
f 1062/1156/1145 737/1192/1181 736/1193/1182
f 1062/1156/1145 736/1193/1182 735/1194/1183
f 735/1194/1183 734/1195/1184 1062/1156/1145
f 1062/1156/1145 734/1195/1184 733/1196/1185
f 1062/1156/1145 733/1196/1185 732/1197/1186
f 732/1197/1186 731/1198/1187 1062/1156/1145
f 1062/1156/1145 731/1198/1187 730/1199/1188
f 1062/1156/1145 730/1199/1188 729/1200/1189
f 729/1200/1189 728/1201/1190 1062/1156/1145
f 1062/1156/1145 728/1201/1190 727/1202/1191
f 1062/1156/1145 727/1202/1191 726/1203/1192
f 726/1203/1192 725/1204/1193 1062/1156/1145
f 1062/1156/1145 725/1204/1193 724/1205/1194
f 1062/1156/1145 724/1205/1194 723/1206/1195
f 723/1206/1195 722/1207/1196 1062/1156/1145
f 1062/1156/1145 722/1207/1196 721/1208/1197
f 1062/1156/1145 721/1208/1197 720/1209/1198
f 720/1209/1198 719/1210/1199 1062/1156/1145
f 1062/1156/1145 719/1210/1199 718/1211/1200
f 1062/1156/1145 718/1211/1200 717/1212/1201
f 717/1212/1201 716/1213/1202 1062/1156/1145
f 1062/1156/1145 716/1213/1202 715/1214/1203
f 1062/1156/1145 715/1214/1203 714/1215/1204
f 714/1215/1204 713/1216/1205 1062/1156/1145
f 1062/1156/1145 713/1216/1205 712/1217/1206
f 1062/1156/1145 712/1217/1206 711/1218/1207
f 711/1218/1207 710/1219/1208 1062/1156/1145
f 1062/1156/1145 710/1219/1208 709/1220/1209
f 1062/1156/1145 709/1220/1209 708/1221/1210
f 708/1221/1210 707/1222/1211 1062/1156/1145
f 1062/1156/1145 707/1222/1211 706/1223/1212
f 1062/1156/1145 706/1223/1212 705/1224/1213
f 705/1224/1213 704/1225/1214 1062/1156/1145
f 1062/1156/1145 704/1225/1214 703/1226/1215
f 1062/1156/1145 703/1226/1215 702/1227/1216
f 702/1227/1216 701/1228/1217 1062/1156/1145
f 1062/1156/1145 701/1228/1217 700/1229/1218
f 1062/1156/1145 700/1229/1218 699/1230/1219
f 699/1230/1219 698/1231/1220 1062/1156/1145
f 1062/1156/1145 698/1231/1220 697/1232/1221
f 1062/1156/1145 697/1232/1221 696/1233/1222
f 696/1233/1222 695/1234/1223 1062/1156/1145
f 1062/1156/1145 695/1234/1223 694/1235/1224
f 1062/1156/1145 694/1235/1224 693/1236/1225
f 693/1236/1225 692/1237/1226 1062/1156/1145
f 1062/1156/1145 692/1237/1226 691/1238/1227
f 1062/1156/1145 691/1238/1227 690/1239/1228
f 690/1239/1228 656/1157/1146 1062/1156/1145
f 622/1159/1148 621/1240/1229 1061/1152/1141
f 1061/1152/1141 621/1240/1229 620/1241/1230
f 1061/1152/1141 620/1241/1230 619/1242/1231
f 619/1242/1231 618/1243/1232 1061/1152/1141
f 1061/1152/1141 618/1243/1232 617/1244/1233
f 1061/1152/1141 617/1244/1233 616/1245/1234
f 616/1245/1234 615/1246/1235 1061/1152/1141
f 1061/1152/1141 615/1246/1235 614/1247/1236
f 1061/1152/1141 614/1247/1236 613/1248/1237
f 613/1248/1237 612/1249/1238 1061/1152/1141
f 1061/1152/1141 612/1249/1238 611/1250/1239
f 1061/1152/1141 611/1250/1239 610/1251/1240
f 610/1251/1240 609/1252/1241 1061/1152/1141
f 1061/1152/1141 609/1252/1241 608/1253/1242
f 1061/1152/1141 608/1253/1242 607/1254/1243
f 607/1254/1243 606/1255/1244 1061/1152/1141
f 1061/1152/1141 606/1255/1244 605/1256/1245
f 1061/1152/1141 605/1256/1245 604/1257/1246
f 604/1257/1246 603/1258/1247 1061/1152/1141
f 1061/1152/1141 603/1258/1247 602/1259/1248
f 1061/1152/1141 602/1259/1248 601/1260/1249
f 601/1260/1249 600/1261/1250 1061/1152/1141
f 1061/1152/1141 600/1261/1250 599/1262/1251
f 1061/1152/1141 599/1262/1251 598/1263/1252
f 598/1263/1252 597/1264/1253 1061/1152/1141
f 1061/1152/1141 597/1264/1253 596/1265/1254
f 1061/1152/1141 596/1265/1254 595/1266/1255
f 595/1266/1255 594/1267/1256 1061/1152/1141
f 1061/1152/1141 594/1267/1256 593/1268/1257
f 1061/1152/1141 593/1268/1257 592/1269/1258
f 592/1269/1258 591/1270/1259 1061/1152/1141
f 1061/1152/1141 591/1270/1259 590/1271/1260
f 1061/1152/1141 590/1271/1260 589/1272/1261
f 589/1272/1261 588/1273/1262 1061/1152/1141
f 1061/1152/1141 588/1273/1262 587/1274/1263
f 1061/1152/1141 587/1274/1263 586/1275/1264
f 586/1275/1264 585/1276/1265 1061/1152/1141
f 1061/1152/1141 585/1276/1265 584/1277/1266
f 1061/1152/1141 584/1277/1266 583/1278/1267
f 583/1278/1267 582/1279/1268 1061/1152/1141
f 1061/1152/1141 582/1279/1268 581/1280/1269
f 1061/1152/1141 581/1280/1269 580/1281/1270
f 580/1281/1270 579/1282/1271 1061/1152/1141
f 1061/1152/1141 579/1282/1271 578/1283/1272
f 1061/1152/1141 578/1283/1272 577/1284/1273
f 577/1284/1273 576/1285/1274 1061/1152/1141
f 1061/1152/1141 576/1285/1274 575/1286/1275
f 1061/1152/1141 575/1286/1275 574/1287/1276
f 574/1287/1276 573/1288/1277 1061/1152/1141
f 1061/1152/1141 573/1288/1277 572/1289/1278
f 1061/1152/1141 572/1289/1278 571/1290/1279
f 571/1290/1279 570/1291/1280 1061/1152/1141
f 1061/1152/1141 570/1291/1280 569/1292/1281
f 1061/1152/1141 569/1292/1281 568/1293/1282
f 568/1293/1282 567/1153/1142 1061/1152/1141
f 565/1155/1144 564/1294/1283 966/1136/1125
f 966/1136/1125 564/1294/1283 563/1295/1284
f 966/1136/1125 563/1295/1284 562/1296/1285
f 562/1296/1285 561/1297/1286 966/1136/1125
f 966/1136/1125 561/1297/1286 560/1134/1123
f 965/1298/1287 1090/1299/1288 966/1300/1125
f 966/1300/1125 1090/1299/1288 1091/1301/1289
f 966/1300/1125 1091/1301/1289 1061/1302/1141
f 1061/1302/1141 1091/1301/1289 1092/1303/1290
f 1061/1302/1141 1092/1303/1290 1089/1304/1291
f 1089/1304/1291 1092/1303/1290 1088/1305/1292
f 1088/1305/1292 1092/1303/1290 1095/1306/1293
f 1088/1305/1292 1095/1306/1293 1087/1307/1294
f 1087/1307/1294 1095/1306/1293 1098/1308/1295
f 1087/1307/1294 1098/1308/1295 1086/1309/1296
f 1086/1309/1296 1098/1308/1295 1101/1310/1297
f 1086/1309/1296 1101/1310/1297 1085/1311/1298
f 1085/1311/1298 1101/1310/1297 1104/1312/1299
f 1085/1311/1298 1104/1312/1299 1084/1313/1300
f 1084/1313/1300 1104/1312/1299 1107/1314/1301
f 1084/1313/1300 1107/1314/1301 1083/1315/1302
f 1083/1315/1302 1107/1314/1301 1110/1316/1303
f 1083/1315/1302 1110/1316/1303 1082/1317/1304
f 1082/1317/1304 1110/1316/1303 1113/1318/1305
f 1082/1317/1304 1113/1318/1305 1081/1319/1306
f 1081/1319/1306 1113/1318/1305 1116/1320/1307
f 1081/1319/1306 1116/1320/1307 1080/1321/1308
f 1080/1321/1308 1116/1320/1307 1119/1322/1309
f 1080/1321/1308 1119/1322/1309 1079/1323/1310
f 1079/1323/1310 1119/1322/1309 1122/1324/1311
f 1079/1323/1310 1122/1324/1311 1078/1325/1312
f 1078/1325/1312 1122/1324/1311 1125/1326/1313
f 1078/1325/1312 1125/1326/1313 1077/1327/1314
f 1077/1327/1314 1125/1326/1313 1128/1328/1315
f 1077/1327/1314 1128/1328/1315 1076/1329/1316
f 1076/1329/1316 1128/1328/1315 1131/1330/1317
f 1076/1329/1316 1131/1330/1317 1135/1331/1318
f 1135/1331/1318 1131/1330/1317 1136/1332/1319
f 1135/1331/1318 1136/1332/1319 1133/1333/1320
f 1133/1333/1320 1136/1332/1319 1132/1334/1321
f 1133/1333/1320 1132/1334/1321 1072/1335/1322
f 1072/1335/1322 1132/1334/1321 1071/1336/1323
f 1071/1336/1323 1132/1334/1321 1137/1337/1324
f 1071/1336/1323 1137/1337/1324 1070/1338/1325
f 1070/1338/1325 1137/1337/1324 1129/1339/1326
f 1070/1338/1325 1129/1339/1326 1069/1340/1327
f 1069/1340/1327 1129/1339/1326 1126/1341/1328
f 1069/1340/1327 1126/1341/1328 1068/1342/1329
f 1068/1342/1329 1126/1341/1328 1123/1343/1330
f 1068/1342/1329 1123/1343/1330 1067/1344/1331
f 1067/1344/1331 1123/1343/1330 1120/1345/1332
f 1067/1344/1331 1120/1345/1332 1066/1346/1333
f 1066/1346/1333 1120/1345/1332 1117/1347/1334
f 1066/1346/1333 1117/1347/1334 1065/1348/1335
f 1065/1348/1335 1117/1347/1334 1114/1349/1336
f 1065/1348/1335 1114/1349/1336 1064/1350/1337
f 1064/1350/1337 1114/1349/1336 1111/1351/1338
f 1064/1350/1337 1111/1351/1338 1063/1352/1339
f 1063/1352/1339 1111/1351/1338 1108/1353/1340
f 1063/1352/1339 1108/1353/1340 958/1354/1341
f 958/1354/1341 1108/1353/1340 959/1355/1342
f 959/1355/1342 1108/1353/1340 1105/1356/1343
f 959/1355/1342 1105/1356/1343 960/1357/1344
f 960/1357/1344 1105/1356/1343 1102/1358/1345
f 960/1357/1344 1102/1358/1345 961/1359/1346
f 961/1359/1346 1102/1358/1345 1099/1360/1347
f 961/1359/1346 1099/1360/1347 962/1361/1348
f 962/1361/1348 1099/1360/1347 1096/1362/1349
f 962/1361/1348 1096/1362/1349 963/1363/1350
f 963/1363/1350 1096/1362/1349 1093/1364/1351
f 963/1363/1350 1093/1364/1351 964/1365/1352
f 964/1365/1352 1093/1364/1351 1090/1299/1288
f 964/1365/1352 1090/1299/1288 965/1298/1287
f 1072/1335/1322 1073/1366/1353 1133/1333/1320
f 1133/1333/1320 1073/1366/1353 1134/1367/1354
f 1133/1333/1320 1134/1367/1354 1135/1331/1318
f 1135/1331/1318 1134/1367/1354 1075/1368/1355
f 1135/1331/1318 1075/1368/1355 1076/1329/1316
f 1073/1366/1353 1074/1369/1356 1134/1367/1354
f 1134/1367/1354 1074/1369/1356 1075/1368/1355
f 1095/1306/1293 1092/1303/1290 1091/1301/1289
f 1091/1301/1289 1090/1299/1288 1094/1370/1357
f 1094/1370/1357 1090/1299/1288 1093/1364/1351
f 1094/1370/1357 1093/1364/1351 1097/1371/1358
f 1097/1371/1358 1093/1364/1351 1096/1362/1349
f 1097/1371/1358 1096/1362/1349 1100/1372/1359
f 1100/1372/1359 1096/1362/1349 1099/1360/1347
f 1100/1372/1359 1099/1360/1347 1103/1373/1360
f 1103/1373/1360 1099/1360/1347 1102/1358/1345
f 1103/1373/1360 1102/1358/1345 1106/1374/1361
f 1106/1374/1361 1102/1358/1345 1105/1356/1343
f 1106/1374/1361 1105/1356/1343 1109/1375/1362
f 1109/1375/1362 1105/1356/1343 1108/1353/1340
f 1109/1375/1362 1108/1353/1340 1112/1376/1363
f 1112/1376/1363 1108/1353/1340 1111/1351/1338
f 1112/1376/1363 1111/1351/1338 1115/1377/1364
f 1115/1377/1364 1111/1351/1338 1114/1349/1336
f 1115/1377/1364 1114/1349/1336 1118/1378/1365
f 1118/1378/1365 1114/1349/1336 1117/1347/1334
f 1118/1378/1365 1117/1347/1334 1121/1379/1366
f 1121/1379/1366 1117/1347/1334 1120/1345/1332
f 1121/1379/1366 1120/1345/1332 1124/1380/1367
f 1124/1380/1367 1120/1345/1332 1123/1343/1330
f 1124/1380/1367 1123/1343/1330 1127/1381/1368
f 1127/1381/1368 1123/1343/1330 1126/1341/1328
f 1127/1381/1368 1126/1341/1328 1130/1382/1369
f 1130/1382/1369 1126/1341/1328 1129/1339/1326
f 1130/1382/1369 1129/1339/1326 1137/1337/1324
f 1098/1308/1295 1095/1306/1293 1094/1370/1357
f 1094/1370/1357 1095/1306/1293 1091/1301/1289
f 1098/1308/1295 1094/1370/1357 1097/1371/1358
f 1101/1310/1297 1098/1308/1295 1097/1371/1358
f 1101/1310/1297 1097/1371/1358 1100/1372/1359
f 1104/1312/1299 1101/1310/1297 1100/1372/1359
f 1104/1312/1299 1100/1372/1359 1103/1373/1360
f 1107/1314/1301 1104/1312/1299 1103/1373/1360
f 1107/1314/1301 1103/1373/1360 1106/1374/1361
f 1110/1316/1303 1107/1314/1301 1106/1374/1361
f 1110/1316/1303 1106/1374/1361 1109/1375/1362
f 1113/1318/1305 1110/1316/1303 1109/1375/1362
f 1113/1318/1305 1109/1375/1362 1112/1376/1363
f 1116/1320/1307 1113/1318/1305 1112/1376/1363
f 1116/1320/1307 1112/1376/1363 1115/1377/1364
f 1119/1322/1309 1116/1320/1307 1115/1377/1364
f 1119/1322/1309 1115/1377/1364 1118/1378/1365
f 1122/1324/1311 1119/1322/1309 1118/1378/1365
f 1122/1324/1311 1118/1378/1365 1121/1379/1366
f 1125/1326/1313 1122/1324/1311 1121/1379/1366
f 1125/1326/1313 1121/1379/1366 1124/1380/1367
f 1128/1328/1315 1125/1326/1313 1124/1380/1367
f 1128/1328/1315 1124/1380/1367 1127/1381/1368
f 1131/1330/1317 1128/1328/1315 1127/1381/1368
f 1131/1330/1317 1127/1381/1368 1130/1382/1369
f 1136/1332/1319 1131/1330/1317 1130/1382/1369
f 1136/1332/1319 1130/1382/1369 1137/1337/1324
f 1137/1337/1324 1132/1334/1321 1136/1332/1319
f 958/1383/1075 957/1384/1109 1063/1385/1370
f 1063/1385/1370 957/1384/1109 1064/1386/1371
f 1064/1386/1371 957/1384/1109 505/1387/589
f 1064/1386/1371 505/1387/589 1139/1388/1372
f 1139/1388/1372 505/1387/589 1138/1389/1373
f 1138/1389/1373 505/1387/589 504/1390/584
f 1064/1386/1371 1139/1388/1372 1065/1391/1374
f 1065/1391/1374 1139/1388/1372 1140/1392/1375
f 1065/1391/1374 1140/1392/1375 1066/1393/1376
f 1066/1393/1376 1140/1392/1375 1141/1394/1377
f 1066/1393/1376 1141/1394/1377 1067/1395/1378
f 1067/1395/1378 1141/1394/1377 1142/1396/1379
f 1067/1395/1378 1142/1396/1379 1068/1397/1380
f 1068/1397/1380 1142/1396/1379 1143/1398/1381
f 1068/1397/1380 1143/1398/1381 1069/1399/1382
f 1069/1399/1382 1143/1398/1381 1144/1400/1383
f 1069/1399/1382 1144/1400/1383 1072/1401/1384
f 1072/1401/1384 1144/1400/1383 1147/1402/1385
f 1147/1402/1385 1144/1400/1383 1145/1403/1386
f 1147/1402/1385 1145/1403/1386 1146/1404/1387
f 1071/1405/1388 1070/1406/1389 1072/1401/1384
f 1072/1401/1384 1070/1406/1389 1069/1399/1382
f 1138/1407/1390 504/1408/1391 1168/1409/1392
f 1168/1409/1392 504/1408/1391 503/1410/1393
f 1168/1409/1392 503/1410/1393 1169/1411/1394
f 1169/1411/1394 503/1410/1393 502/1412/1395
f 1169/1411/1394 502/1412/1395 1172/1413/1396
f 1172/1413/1396 502/1412/1395 501/1414/1397
f 1172/1413/1396 501/1414/1397 1175/1415/1398
f 1175/1415/1398 501/1414/1397 500/1416/1399
f 1175/1415/1398 500/1416/1399 1178/1417/1400
f 1178/1417/1400 500/1416/1399 499/1418/1401
f 1178/1417/1400 499/1418/1401 1181/1419/1402
f 1181/1419/1402 499/1418/1401 498/1420/1403
f 1181/1419/1402 498/1420/1403 1184/1421/1404
f 1184/1421/1404 498/1420/1403 497/1422/1405
f 1184/1421/1404 497/1422/1405 1148/1423/1406
f 1148/1423/1406 497/1422/1405 496/1424/1407
f 1149/1425/1408 1186/1426/1409 1148/1423/1406
f 1148/1423/1406 1186/1426/1409 1185/1427/1410
f 1148/1423/1406 1185/1427/1410 1184/1421/1404
f 1184/1421/1404 1185/1427/1410 1181/1419/1402
f 1186/1426/1409 1149/1425/1408 1183/1428/1411
f 1183/1428/1411 1149/1425/1408 1150/1429/1412
f 1183/1428/1411 1150/1429/1412 1180/1430/1413
f 1180/1430/1413 1150/1429/1412 1151/1431/1414
f 1180/1430/1413 1151/1431/1414 1177/1432/1415
f 1177/1432/1415 1151/1431/1414 1152/1433/1416
f 1177/1432/1415 1152/1433/1416 1174/1434/1417
f 1174/1434/1417 1152/1433/1416 1153/1435/1418
f 1174/1434/1417 1153/1435/1418 1171/1436/1419
f 1171/1436/1419 1153/1435/1418 1154/1437/1420
f 1171/1436/1419 1154/1437/1420 1166/1438/1421
f 1166/1438/1421 1154/1437/1420 1155/1439/1422
f 1166/1438/1421 1155/1439/1422 1187/1440/1423
f 1187/1440/1423 1155/1439/1422 1156/1441/1424
f 1187/1440/1423 1156/1441/1424 1190/1442/1425
f 1190/1442/1425 1156/1441/1424 1157/1443/1426
f 1190/1442/1425 1157/1443/1426 1193/1444/1427
f 1193/1444/1427 1157/1443/1426 1158/1445/1428
f 1193/1444/1427 1158/1445/1428 1196/1446/1429
f 1196/1446/1429 1158/1445/1428 1159/1447/1430
f 1196/1446/1429 1159/1447/1430 1199/1448/1431
f 1199/1448/1431 1159/1447/1430 1160/1449/1432
f 1199/1448/1431 1160/1449/1432 1202/1450/1433
f 1202/1450/1433 1160/1449/1432 1161/1451/1434
f 1202/1450/1433 1161/1451/1434 1205/1452/1435
f 1205/1452/1435 1161/1451/1434 1162/1453/1436
f 1205/1452/1435 1162/1453/1436 1208/1454/1437
f 1208/1454/1437 1162/1453/1436 1163/1455/1438
f 1208/1454/1437 1163/1455/1438 1211/1456/1439
f 1211/1456/1439 1163/1455/1438 1164/1457/1440
f 1211/1456/1439 1164/1457/1440 1147/1458/1441
f 1147/1458/1441 1164/1457/1440 1165/1459/1442
f 1146/1460/1443 1213/1461/1444 1147/1458/1441
f 1147/1458/1441 1213/1461/1444 1212/1462/1445
f 1147/1458/1441 1212/1462/1445 1211/1456/1439
f 1211/1456/1439 1212/1462/1445 1208/1454/1437
f 1213/1461/1444 1146/1460/1443 1210/1463/1446
f 1210/1463/1446 1146/1460/1443 1145/1464/1447
f 1210/1463/1446 1145/1464/1447 1207/1465/1448
f 1207/1465/1448 1145/1464/1447 1144/1466/1449
f 1207/1465/1448 1144/1466/1449 1204/1467/1450
f 1204/1467/1450 1144/1466/1449 1143/1468/1451
f 1204/1467/1450 1143/1468/1451 1201/1469/1452
f 1201/1469/1452 1143/1468/1451 1142/1470/1453
f 1201/1469/1452 1142/1470/1453 1198/1471/1454
f 1198/1471/1454 1142/1470/1453 1141/1472/1455
f 1198/1471/1454 1141/1472/1455 1195/1473/1456
f 1195/1473/1456 1141/1472/1455 1140/1474/1457
f 1195/1473/1456 1140/1474/1457 1192/1475/1458
f 1192/1475/1458 1140/1474/1457 1139/1476/1459
f 1192/1475/1458 1139/1476/1459 1189/1477/1460
f 1189/1477/1460 1139/1476/1459 1138/1407/1390
f 1189/1477/1460 1138/1407/1390 1168/1409/1392
f 1166/1438/1421 1167/1478/1461 1171/1436/1419
f 1171/1436/1419 1167/1478/1461 1170/1479/1462
f 1171/1436/1419 1170/1479/1462 1174/1434/1417
f 1174/1434/1417 1170/1479/1462 1173/1480/1463
f 1174/1434/1417 1173/1480/1463 1177/1432/1415
f 1177/1432/1415 1173/1480/1463 1176/1481/1464
f 1177/1432/1415 1176/1481/1464 1180/1430/1413
f 1180/1430/1413 1176/1481/1464 1179/1482/1465
f 1180/1430/1413 1179/1482/1465 1183/1428/1411
f 1183/1428/1411 1179/1482/1465 1182/1483/1466
f 1183/1428/1411 1182/1483/1466 1186/1426/1409
f 1186/1426/1409 1182/1483/1466 1185/1427/1410
f 1167/1478/1461 1168/1409/1392 1170/1479/1462
f 1170/1479/1462 1168/1409/1392 1169/1411/1394
f 1170/1479/1462 1169/1411/1394 1173/1480/1463
f 1173/1480/1463 1169/1411/1394 1172/1413/1396
f 1173/1480/1463 1172/1413/1396 1176/1481/1464
f 1176/1481/1464 1172/1413/1396 1175/1415/1398
f 1176/1481/1464 1175/1415/1398 1179/1482/1465
f 1179/1482/1465 1175/1415/1398 1178/1417/1400
f 1179/1482/1465 1178/1417/1400 1182/1483/1466
f 1182/1483/1466 1178/1417/1400 1181/1419/1402
f 1182/1483/1466 1181/1419/1402 1185/1427/1410
f 1167/1478/1461 1166/1438/1421 1188/1484/1467
f 1188/1484/1467 1166/1438/1421 1187/1440/1423
f 1188/1484/1467 1187/1440/1423 1191/1485/1468
f 1191/1485/1468 1187/1440/1423 1190/1442/1425
f 1191/1485/1468 1190/1442/1425 1194/1486/1469
f 1194/1486/1469 1190/1442/1425 1193/1444/1427
f 1194/1486/1469 1193/1444/1427 1197/1487/1470
f 1197/1487/1470 1193/1444/1427 1196/1446/1429
f 1197/1487/1470 1196/1446/1429 1200/1488/1471
f 1200/1488/1471 1196/1446/1429 1199/1448/1431
f 1200/1488/1471 1199/1448/1431 1203/1489/1472
f 1203/1489/1472 1199/1448/1431 1202/1450/1433
f 1203/1489/1472 1202/1450/1433 1206/1490/1473
f 1206/1490/1473 1202/1450/1433 1205/1452/1435
f 1206/1490/1473 1205/1452/1435 1209/1491/1474
f 1209/1491/1474 1205/1452/1435 1208/1454/1437
f 1209/1491/1474 1208/1454/1437 1212/1462/1445
f 1168/1409/1392 1167/1478/1461 1189/1477/1460
f 1189/1477/1460 1167/1478/1461 1188/1484/1467
f 1189/1477/1460 1188/1484/1467 1192/1475/1458
f 1192/1475/1458 1188/1484/1467 1191/1485/1468
f 1192/1475/1458 1191/1485/1468 1195/1473/1456
f 1195/1473/1456 1191/1485/1468 1194/1486/1469
f 1195/1473/1456 1194/1486/1469 1198/1471/1454
f 1198/1471/1454 1194/1486/1469 1197/1487/1470
f 1198/1471/1454 1197/1487/1470 1201/1469/1452
f 1201/1469/1452 1197/1487/1470 1200/1488/1471
f 1201/1469/1452 1200/1488/1471 1204/1467/1450
f 1204/1467/1450 1200/1488/1471 1203/1489/1472
f 1204/1467/1450 1203/1489/1472 1207/1465/1448
f 1207/1465/1448 1203/1489/1472 1206/1490/1473
f 1207/1465/1448 1206/1490/1473 1210/1463/1446
f 1210/1463/1446 1206/1490/1473 1209/1491/1474
f 1210/1463/1446 1209/1491/1474 1213/1461/1444
f 1213/1461/1444 1209/1491/1474 1212/1462/1445
f 415/1492/1475 414/1493/1476 1148/1494/1406
f 1148/1494/1406 414/1493/1476 893/1495/1477
f 1148/1494/1406 893/1495/1477 1230/1496/1478
f 1230/1496/1478 893/1495/1477 892/1497/1479
f 1230/1496/1478 892/1497/1479 891/1498/1480
f 891/1498/1480 890/1499/1481 1230/1496/1478
f 1230/1496/1478 890/1499/1481 889/1500/1482
f 1230/1496/1478 889/1500/1482 888/1501/1483
f 888/1501/1483 887/1502/1484 1230/1496/1478
f 1230/1496/1478 887/1502/1484 886/1503/1485
f 1230/1496/1478 886/1503/1485 885/1504/1486
f 885/1504/1486 884/1505/1487 1230/1496/1478
f 1230/1496/1478 884/1505/1487 883/1506/1488
f 1230/1496/1478 883/1506/1488 882/1507/1489
f 882/1507/1489 881/1508/1490 1230/1496/1478
f 1230/1496/1478 881/1508/1490 880/1509/1491
f 1230/1496/1478 880/1509/1491 879/1510/1492
f 879/1510/1492 878/1511/1493 1230/1496/1478
f 1230/1496/1478 878/1511/1493 877/1512/1494
f 1230/1496/1478 877/1512/1494 876/1513/1495
f 876/1513/1495 875/1514/1496 1230/1496/1478
f 1230/1496/1478 875/1514/1496 874/1515/1497
f 1230/1496/1478 874/1515/1497 873/1516/1498
f 873/1516/1498 872/1517/1499 1230/1496/1478
f 1230/1496/1478 872/1517/1499 871/1518/1500
f 1230/1496/1478 871/1518/1500 870/1519/1501
f 870/1519/1501 869/1520/1502 1230/1496/1478
f 1230/1496/1478 869/1520/1502 868/1521/1503
f 1230/1496/1478 868/1521/1503 867/1522/1504
f 867/1522/1504 866/1523/1505 1230/1496/1478
f 1230/1496/1478 866/1523/1505 865/1524/1506
f 1230/1496/1478 865/1524/1506 864/1525/1507
f 864/1525/1507 863/1526/1508 1230/1496/1478
f 1230/1496/1478 863/1526/1508 862/1527/1509
f 1230/1496/1478 862/1527/1509 861/1528/1510
f 861/1528/1510 860/1529/1511 1230/1496/1478
f 1230/1496/1478 860/1529/1511 859/1530/1512
f 1230/1496/1478 859/1530/1512 858/1531/1513
f 858/1531/1513 857/1532/1514 1230/1496/1478
f 1230/1496/1478 857/1532/1514 856/1533/1515
f 1230/1496/1478 856/1533/1515 855/1534/1516
f 855/1534/1516 854/1535/1517 1230/1496/1478
f 1230/1496/1478 854/1535/1517 853/1536/1518
f 1230/1496/1478 853/1536/1518 852/1537/1519
f 852/1537/1519 851/1538/1520 1230/1496/1478
f 1230/1496/1478 851/1538/1520 850/1539/1521
f 1230/1496/1478 850/1539/1521 849/1540/1522
f 849/1540/1522 848/1541/1523 1230/1496/1478
f 1230/1496/1478 848/1541/1523 847/1542/1524
f 1230/1496/1478 847/1542/1524 846/1543/1525
f 846/1543/1525 845/1544/1526 1230/1496/1478
f 1230/1496/1478 845/1544/1526 844/1545/1527
f 1230/1496/1478 844/1545/1527 843/1546/1528
f 843/1546/1528 842/1547/1529 1230/1496/1478
f 1230/1496/1478 842/1547/1529 841/1548/1530
f 1230/1496/1478 841/1548/1530 840/1549/1531
f 840/1549/1531 839/1550/1532 1230/1496/1478
f 1230/1496/1478 839/1550/1532 1229/1551/1533
f 1229/1551/1533 839/1550/1532 838/1552/1534
f 1229/1551/1533 838/1552/1534 837/1553/1535
f 837/1553/1535 836/1554/1536 1229/1551/1533
f 1229/1551/1533 836/1554/1536 835/1555/1537
f 1229/1551/1533 835/1555/1537 834/1556/1538
f 834/1556/1538 833/1557/1539 1229/1551/1533
f 1229/1551/1533 833/1557/1539 832/1558/1540
f 1229/1551/1533 832/1558/1540 831/1559/1541
f 831/1559/1541 830/1560/1542 1229/1551/1533
f 1229/1551/1533 830/1560/1542 829/1561/1543
f 1229/1551/1533 829/1561/1543 1214/1562/1544
f 1214/1562/1544 1215/1563/1545 1229/1551/1533
f 1229/1551/1533 1215/1563/1545 1216/1564/1546
f 1229/1551/1533 1216/1564/1546 1217/1565/1547
f 1217/1565/1547 1218/1566/1548 1229/1551/1533
f 1229/1551/1533 1218/1566/1548 1228/1567/1549
f 1228/1567/1549 1218/1566/1548 1219/1568/1550
f 1228/1567/1549 1219/1568/1550 1227/1569/1551
f 1227/1569/1551 1219/1568/1550 1220/1570/1552
f 1227/1569/1551 1220/1570/1552 1226/1571/1553
f 1226/1571/1553 1220/1570/1552 1221/1572/1554
f 1226/1571/1553 1221/1572/1554 1225/1573/1555
f 1225/1573/1555 1221/1572/1554 1222/1574/1556
f 1225/1573/1555 1222/1574/1556 1224/1575/1557
f 1224/1575/1557 1222/1574/1556 1223/1576/1558
f 496/1577/1407 470/1578/1559 1148/1494/1406
f 1148/1494/1406 470/1578/1559 469/1579/1560
f 1148/1494/1406 469/1579/1560 468/1580/1561
f 495/1581/1562 491/1582/1563 496/1577/1407
f 496/1577/1407 491/1582/1563 490/1583/1564
f 496/1577/1407 490/1583/1564 489/1584/1565
f 491/1582/1563 495/1581/1562 492/1585/1566
f 492/1585/1566 495/1581/1562 494/1586/1567
f 492/1585/1566 494/1586/1567 493/1587/1568
f 489/1584/1565 488/1588/1569 496/1577/1407
f 496/1577/1407 488/1588/1569 487/1589/1570
f 496/1577/1407 487/1589/1570 486/1590/1571
f 486/1590/1571 485/1591/1572 496/1577/1407
f 496/1577/1407 485/1591/1572 484/1592/1573
f 496/1577/1407 484/1592/1573 483/1593/1574
f 483/1593/1574 482/1594/1575 496/1577/1407
f 496/1577/1407 482/1594/1575 481/1595/1576
f 496/1577/1407 481/1595/1576 478/1596/1577
f 478/1596/1577 477/1597/1578 496/1577/1407
f 496/1577/1407 477/1597/1578 476/1598/1579
f 496/1577/1407 476/1598/1579 475/1599/1580
f 475/1599/1580 474/1600/1581 496/1577/1407
f 496/1577/1407 474/1600/1581 473/1601/1582
f 496/1577/1407 473/1601/1582 472/1602/1583
f 472/1602/1583 471/1603/1584 496/1577/1407
f 496/1577/1407 471/1603/1584 470/1578/1559
f 468/1580/1561 467/1604/1585 1148/1494/1406
f 1148/1494/1406 467/1604/1585 466/1605/1586
f 1148/1494/1406 466/1605/1586 465/1606/1587
f 465/1606/1587 464/1607/1588 1148/1494/1406
f 1148/1494/1406 464/1607/1588 463/1608/1589
f 1148/1494/1406 463/1608/1589 462/1609/1590
f 462/1609/1590 461/1610/1591 1148/1494/1406
f 1148/1494/1406 461/1610/1591 460/1611/1592
f 1148/1494/1406 460/1611/1592 459/1612/1593
f 459/1612/1593 458/1613/1594 1148/1494/1406
f 1148/1494/1406 458/1613/1594 457/1614/1595
f 1148/1494/1406 457/1614/1595 456/1615/1596
f 456/1615/1596 455/1616/1597 1148/1494/1406
f 1148/1494/1406 455/1616/1597 454/1617/1598
f 1148/1494/1406 454/1617/1598 453/1618/1599
f 453/1618/1599 452/1619/1600 1148/1494/1406
f 1148/1494/1406 452/1619/1600 451/1620/1601
f 1148/1494/1406 451/1620/1601 450/1621/1602
f 450/1621/1602 449/1622/1603 1148/1494/1406
f 1148/1494/1406 449/1622/1603 448/1623/1604
f 1148/1494/1406 448/1623/1604 447/1624/1605
f 447/1624/1605 446/1625/1606 1148/1494/1406
f 1148/1494/1406 446/1625/1606 445/1626/1607
f 1148/1494/1406 445/1626/1607 444/1627/1608
f 444/1627/1608 443/1628/1609 1148/1494/1406
f 1148/1494/1406 443/1628/1609 442/1629/1610
f 1148/1494/1406 442/1629/1610 441/1630/1611
f 441/1630/1611 440/1631/1612 1148/1494/1406
f 1148/1494/1406 440/1631/1612 439/1632/1613
f 1148/1494/1406 439/1632/1613 438/1633/1614
f 438/1633/1614 437/1634/1615 1148/1494/1406
f 1148/1494/1406 437/1634/1615 436/1635/1616
f 1148/1494/1406 436/1635/1616 435/1636/1617
f 435/1636/1617 434/1637/1618 1148/1494/1406
f 1148/1494/1406 434/1637/1618 433/1638/1619
f 1148/1494/1406 433/1638/1619 432/1639/1620
f 432/1639/1620 431/1640/1621 1148/1494/1406
f 1148/1494/1406 431/1640/1621 430/1641/1622
f 1148/1494/1406 430/1641/1622 429/1642/1623
f 429/1642/1623 428/1643/1624 1148/1494/1406
f 1148/1494/1406 428/1643/1624 427/1644/1625
f 1148/1494/1406 427/1644/1625 426/1645/1626
f 426/1645/1626 425/1646/1627 1148/1494/1406
f 1148/1494/1406 425/1646/1627 424/1647/1628
f 1148/1494/1406 424/1647/1628 423/1648/1629
f 423/1648/1629 422/1649/1630 1148/1494/1406
f 1148/1494/1406 422/1649/1630 421/1650/1631
f 1148/1494/1406 421/1650/1631 420/1651/1632
f 420/1651/1632 419/1652/1633 1148/1494/1406
f 1148/1494/1406 419/1652/1633 418/1653/1634
f 1148/1494/1406 418/1653/1634 417/1654/1635
f 417/1654/1635 416/1655/1636 1148/1494/1406
f 1148/1494/1406 416/1655/1636 415/1492/1475
f 755/1656/1637 754/1657/1638 1234/1658/1639
f 1234/1658/1639 754/1657/1638 806/1659/1640
f 1234/1658/1639 806/1659/1640 805/1660/1641
f 1234/1658/1639 805/1660/1641 1231/1661/1642
f 1231/1661/1642 805/1660/1641 804/1662/1643
f 1231/1661/1642 804/1662/1643 803/1663/1644
f 803/1663/1644 802/1664/1645 1231/1661/1642
f 1231/1661/1642 802/1664/1645 1235/1665/1646
f 1231/1661/1642 1235/1665/1646 1236/1666/1647
f 1236/1666/1647 1235/1665/1646 1238/1667/1648
f 1236/1666/1647 1238/1667/1648 105/1668/1649
f 105/1668/1649 1238/1667/1648 106/1669/1650
f 106/1669/1650 1238/1667/1648 1240/1670/1651
f 106/1669/1650 1240/1670/1651 107/1671/1652
f 107/1671/1652 1240/1670/1651 1242/1672/1653
f 107/1671/1652 1242/1672/1653 108/1673/1654
f 108/1673/1654 1242/1672/1653 1244/1674/1655
f 108/1673/1654 1244/1674/1655 109/1675/1656
f 109/1675/1656 1244/1674/1655 1246/1676/1657
f 109/1675/1656 1246/1676/1657 110/1677/1658
f 110/1677/1658 1246/1676/1657 1248/1678/1659
f 110/1677/1658 1248/1678/1659 111/1679/1660
f 111/1679/1660 1248/1678/1659 1250/1680/1661
f 111/1679/1660 1250/1680/1661 112/1681/1662
f 112/1681/1662 1250/1680/1661 1252/1682/1663
f 112/1681/1662 1252/1682/1663 113/1683/1664
f 113/1683/1664 1252/1682/1663 1254/1684/1665
f 113/1683/1664 1254/1684/1665 114/1685/1666
f 114/1685/1666 1254/1684/1665 1256/1686/1667
f 114/1685/1666 1256/1686/1667 115/1687/1668
f 115/1687/1668 1256/1686/1667 1258/1688/1669
f 115/1687/1668 1258/1688/1669 116/1689/1670
f 116/1689/1670 1258/1688/1669 1260/1690/1671
f 116/1689/1670 1260/1690/1671 117/1691/1672
f 117/1691/1672 1260/1690/1671 1262/1692/1673
f 117/1691/1672 1262/1692/1673 118/1693/1674
f 118/1693/1674 1262/1692/1673 1264/1694/1675
f 118/1693/1674 1264/1694/1675 119/1695/1676
f 119/1695/1676 1264/1694/1675 1266/1696/1677
f 119/1695/1676 1266/1696/1677 120/1697/1678
f 120/1697/1678 1266/1696/1677 27/1698/62
f 27/1698/62 1266/1696/1677 1265/1699/1679
f 27/1698/62 1265/1699/1679 776/1700/1680
f 776/1700/1680 1265/1699/1679 777/1701/1681
f 777/1701/1681 1265/1699/1679 1263/1702/1682
f 777/1701/1681 1263/1702/1682 778/1703/1683
f 778/1703/1683 1263/1702/1682 779/1704/1684
f 779/1704/1684 1263/1702/1682 1261/1705/1685
f 779/1704/1684 1261/1705/1685 780/1706/1686
f 780/1706/1686 1261/1705/1685 1259/1707/1687
f 780/1706/1686 1259/1707/1687 781/1708/1688
f 781/1708/1688 1259/1707/1687 782/1709/1689
f 782/1709/1689 1259/1707/1687 1257/1710/1690
f 782/1709/1689 1257/1710/1690 783/1711/1691
f 783/1711/1691 1257/1710/1690 1255/1712/1692
f 783/1711/1691 1255/1712/1692 784/1713/1693
f 784/1713/1693 1255/1712/1692 785/1714/1694
f 785/1714/1694 1255/1712/1692 1253/1715/1695
f 785/1714/1694 1253/1715/1695 786/1716/1696
f 786/1716/1696 1253/1715/1695 1251/1717/1697
f 786/1716/1696 1251/1717/1697 787/1718/1698
f 787/1718/1698 1251/1717/1697 788/1719/1699
f 788/1719/1699 1251/1717/1697 1249/1720/1700
f 788/1719/1699 1249/1720/1700 789/1721/1701
f 789/1721/1701 1249/1720/1700 1247/1722/1702
f 789/1721/1701 1247/1722/1702 790/1723/1703
f 790/1723/1703 1247/1722/1702 791/1724/1704
f 791/1724/1704 1247/1722/1702 1245/1725/1705
f 791/1724/1704 1245/1725/1705 792/1726/1706
f 792/1726/1706 1245/1725/1705 1243/1727/1707
f 792/1726/1706 1243/1727/1707 793/1728/1708
f 793/1728/1708 1243/1727/1707 794/1729/1709
f 794/1729/1709 1243/1727/1707 1241/1730/1710
f 794/1729/1709 1241/1730/1710 795/1731/1711
f 795/1731/1711 1241/1730/1710 796/1732/1712
f 796/1732/1712 1241/1730/1710 1239/1733/1713
f 796/1732/1712 1239/1733/1713 797/1734/1714
f 797/1734/1714 1239/1733/1713 1237/1735/1715
f 797/1734/1714 1237/1735/1715 798/1736/1716
f 798/1736/1716 1237/1735/1715 799/1737/1717
f 799/1737/1717 1237/1735/1715 800/1738/1718
f 800/1738/1718 1237/1735/1715 1235/1665/1646
f 800/1738/1718 1235/1665/1646 801/1739/1719
f 801/1739/1719 1235/1665/1646 802/1664/1645
f 776/1700/1680 28/1740/63 27/1698/62
f 105/1668/1649 104/1741/1720 1236/1666/1647
f 1236/1666/1647 104/1741/1720 1232/1742/1721
f 1236/1666/1647 1232/1742/1721 1231/1661/1642
f 1231/1661/1642 1232/1742/1721 1234/1658/1639
f 104/1741/1720 103/1743/1722 1232/1742/1721
f 1232/1742/1721 103/1743/1722 1233/1744/1723
f 1232/1742/1721 1233/1744/1723 1234/1658/1639
f 1234/1658/1639 1233/1744/1723 658/1745/1724
f 1234/1658/1639 658/1745/1724 755/1656/1637
f 103/1743/1722 102/1746/1725 1233/1744/1723
f 1233/1744/1723 102/1746/1725 658/1745/1724
f 102/1746/1725 101/1747/1726 658/1745/1724
f 1240/1670/1651 1238/1667/1648 1237/1735/1715
f 1237/1735/1715 1238/1667/1648 1235/1665/1646
f 1242/1672/1653 1240/1670/1651 1239/1733/1713
f 1239/1733/1713 1240/1670/1651 1237/1735/1715
f 1244/1674/1655 1242/1672/1653 1241/1730/1710
f 1241/1730/1710 1242/1672/1653 1239/1733/1713
f 1246/1676/1657 1244/1674/1655 1243/1727/1707
f 1243/1727/1707 1244/1674/1655 1241/1730/1710
f 1248/1678/1659 1246/1676/1657 1245/1725/1705
f 1245/1725/1705 1246/1676/1657 1243/1727/1707
f 1250/1680/1661 1248/1678/1659 1247/1722/1702
f 1247/1722/1702 1248/1678/1659 1245/1725/1705
f 1252/1682/1663 1250/1680/1661 1249/1720/1700
f 1249/1720/1700 1250/1680/1661 1247/1722/1702
f 1254/1684/1665 1252/1682/1663 1251/1717/1697
f 1251/1717/1697 1252/1682/1663 1249/1720/1700
f 1256/1686/1667 1254/1684/1665 1253/1715/1695
f 1253/1715/1695 1254/1684/1665 1251/1717/1697
f 1258/1688/1669 1256/1686/1667 1255/1712/1692
f 1255/1712/1692 1256/1686/1667 1253/1715/1695
f 1260/1690/1671 1258/1688/1669 1257/1710/1690
f 1257/1710/1690 1258/1688/1669 1255/1712/1692
f 1262/1692/1673 1260/1690/1671 1259/1707/1687
f 1259/1707/1687 1260/1690/1671 1257/1710/1690
f 1264/1694/1675 1262/1692/1673 1261/1705/1685
f 1261/1705/1685 1262/1692/1673 1259/1707/1687
f 1266/1696/1677 1264/1694/1675 1263/1702/1682
f 1263/1702/1682 1264/1694/1675 1261/1705/1685
f 1265/1699/1679 1266/1696/1677 1263/1702/1682
f 775/1748/878 1267/1749/1727 28/1750/883
f 28/1750/883 1267/1749/1727 1268/1751/1728
f 28/1750/883 1268/1751/1728 1269/1752/1729
f 1270/1753/1730 1294/1754/1731 1269/1752/1729
f 1269/1752/1729 1294/1754/1731 29/1755/1732
f 1269/1752/1729 29/1755/1732 28/1750/883
f 1294/1754/1731 1270/1753/1730 1293/1756/1733
f 1293/1756/1733 1270/1753/1730 1271/1757/1734
f 1293/1756/1733 1271/1757/1734 1292/1758/1735
f 1292/1758/1735 1271/1757/1734 1272/1759/1736
f 1292/1758/1735 1272/1759/1736 1291/1760/1737
f 1291/1760/1737 1272/1759/1736 1273/1761/1738
f 1291/1760/1737 1273/1761/1738 1290/1762/1739
f 1290/1762/1739 1273/1761/1738 1274/1763/1740
f 1290/1762/1739 1274/1763/1740 1289/1764/1741
f 1289/1764/1741 1274/1763/1740 1275/1765/1742
f 1289/1764/1741 1275/1765/1742 1288/1766/1743
f 1288/1766/1743 1275/1765/1742 1276/1767/1744
f 1288/1766/1743 1276/1767/1744 1287/1768/1745
f 1287/1768/1745 1276/1767/1744 1281/1769/1746
f 1287/1768/1745 1281/1769/1746 1282/1770/1747
f 1276/1767/1744 1277/1771/1748 1281/1769/1746
f 1281/1769/1746 1277/1771/1748 1278/1772/1749
f 1281/1769/1746 1278/1772/1749 1279/1773/1750
f 1279/1773/1750 1280/1774/1751 1281/1769/1746
f 1283/1775/1752 1284/1776/1753 1282/1770/1747
f 1282/1770/1747 1284/1776/1753 1285/1777/1754
f 1282/1770/1747 1285/1777/1754 1286/1778/1755
f 1286/1778/1755 1287/1768/1745 1282/1770/1747
f 1294/1754/1731 1295/1779/1756 29/1755/1732
f 29/1755/1732 1295/1779/1756 1296/1780/1757
f 29/1755/1732 1296/1780/1757 1297/1781/1758
f 774/1782/1759 1318/1783/1760 775/1784/1761
f 775/1784/1761 1318/1783/1760 1317/1785/1762
f 775/1784/1761 1317/1785/1762 1267/1786/1763
f 1267/1786/1763 1317/1785/1762 1326/1787/1764
f 1267/1786/1763 1326/1787/1764 1268/1788/1765
f 1268/1788/1765 1326/1787/1764 1329/1789/1766
f 1268/1788/1765 1329/1789/1766 1269/1790/1767
f 1269/1790/1767 1329/1789/1766 1332/1791/1768
f 1269/1790/1767 1332/1791/1768 1270/1792/1769
f 1270/1792/1769 1332/1791/1768 1335/1793/1770
f 1270/1792/1769 1335/1793/1770 1271/1794/1771
f 1271/1794/1771 1335/1793/1770 1338/1795/1772
f 1271/1794/1771 1338/1795/1772 1272/1796/1773
f 1272/1796/1773 1338/1795/1772 1341/1797/1774
f 1272/1796/1773 1341/1797/1774 1273/1798/1775
f 1273/1798/1775 1341/1797/1774 1344/1799/1776
f 1273/1798/1775 1344/1799/1776 1274/1800/1777
f 1274/1800/1777 1344/1799/1776 1347/1801/1778
f 1274/1800/1777 1347/1801/1778 1275/1802/1779
f 1275/1802/1779 1347/1801/1778 1350/1803/1780
f 1275/1802/1779 1350/1803/1780 1276/1804/1781
f 1276/1804/1781 1350/1803/1780 1353/1805/1782
f 1276/1804/1781 1353/1805/1782 1277/1806/1783
f 1277/1806/1783 1353/1805/1782 1356/1807/1784
f 1277/1806/1783 1356/1807/1784 1278/1808/1785
f 1278/1808/1785 1356/1807/1784 1359/1809/1786
f 1278/1808/1785 1359/1809/1786 1279/1810/1787
f 1279/1810/1787 1359/1809/1786 1362/1811/1788
f 1279/1810/1787 1362/1811/1788 1280/1812/1789
f 1280/1812/1789 1362/1811/1788 1281/1813/1790
f 1281/1813/1790 1362/1811/1788 1361/1814/1791
f 1281/1813/1790 1361/1814/1791 1314/1815/1792
f 1314/1815/1792 1361/1814/1791 1360/1816/1793
f 1314/1815/1792 1360/1816/1793 1313/1817/1794
f 1313/1817/1794 1360/1816/1793 1312/1818/1795
f 1312/1818/1795 1360/1816/1793 1357/1819/1796
f 1312/1818/1795 1357/1819/1796 1311/1820/1797
f 1311/1820/1797 1357/1819/1796 1354/1821/1798
f 1311/1820/1797 1354/1821/1798 1310/1822/1799
f 1310/1822/1799 1354/1821/1798 1351/1823/1800
f 1310/1822/1799 1351/1823/1800 1309/1824/1801
f 1309/1824/1801 1351/1823/1800 1348/1825/1802
f 1309/1824/1801 1348/1825/1802 1308/1826/1803
f 1308/1826/1803 1348/1825/1802 1345/1827/1804
f 1308/1826/1803 1345/1827/1804 1307/1828/1805
f 1307/1828/1805 1345/1827/1804 1342/1829/1806
f 1307/1828/1805 1342/1829/1806 1306/1830/1807
f 1306/1830/1807 1342/1829/1806 1339/1831/1808
f 1306/1830/1807 1339/1831/1808 1305/1832/1809
f 1305/1832/1809 1339/1831/1808 1336/1833/1810
f 1305/1832/1809 1336/1833/1810 1304/1834/1811
f 1304/1834/1811 1336/1833/1810 1333/1835/1812
f 1304/1834/1811 1333/1835/1812 1303/1836/1813
f 1303/1836/1813 1333/1835/1812 1330/1837/1814
f 1303/1836/1813 1330/1837/1814 1302/1838/1815
f 1302/1838/1815 1330/1837/1814 1327/1839/1816
f 1302/1838/1815 1327/1839/1816 1301/1840/1817
f 1301/1840/1817 1327/1839/1816 1324/1841/1818
f 1301/1840/1817 1324/1841/1818 1300/1842/1819
f 1300/1842/1819 1324/1841/1818 1315/1843/1820
f 1300/1842/1819 1315/1843/1820 1299/1844/1821
f 1299/1844/1821 1315/1843/1820 1320/1845/1822
f 1299/1844/1821 1320/1845/1822 1298/1846/1823
f 1298/1846/1823 1320/1845/1822 1323/1847/1824
f 1298/1846/1823 1323/1847/1824 1062/1848/1145
f 1062/1848/1145 1323/1847/1824 1322/1849/1825
f 1062/1848/1145 1322/1849/1825 772/1850/1826
f 772/1850/1826 1322/1849/1825 1321/1851/1827
f 772/1850/1826 1321/1851/1827 773/1852/1828
f 773/1852/1828 1321/1851/1827 774/1782/1759
f 774/1782/1759 1321/1851/1827 1318/1783/1760
f 772/1850/1826 771/1853/1149 1062/1848/1145
f 1315/1843/1820 1316/1854/1829 1320/1845/1822
f 1320/1845/1822 1316/1854/1829 1319/1855/1830
f 1320/1845/1822 1319/1855/1830 1323/1847/1824
f 1323/1847/1824 1319/1855/1830 1322/1849/1825
f 1316/1854/1829 1317/1785/1762 1319/1855/1830
f 1319/1855/1830 1317/1785/1762 1318/1783/1760
f 1319/1855/1830 1318/1783/1760 1322/1849/1825
f 1322/1849/1825 1318/1783/1760 1321/1851/1827
f 1316/1854/1829 1315/1843/1820 1325/1856/1831
f 1325/1856/1831 1315/1843/1820 1324/1841/1818
f 1325/1856/1831 1324/1841/1818 1328/1857/1832
f 1328/1857/1832 1324/1841/1818 1327/1839/1816
f 1328/1857/1832 1327/1839/1816 1331/1858/1833
f 1331/1858/1833 1327/1839/1816 1330/1837/1814
f 1331/1858/1833 1330/1837/1814 1334/1859/1834
f 1334/1859/1834 1330/1837/1814 1333/1835/1812
f 1334/1859/1834 1333/1835/1812 1337/1860/1835
f 1337/1860/1835 1333/1835/1812 1336/1833/1810
f 1337/1860/1835 1336/1833/1810 1340/1861/1836
f 1340/1861/1836 1336/1833/1810 1339/1831/1808
f 1340/1861/1836 1339/1831/1808 1343/1862/1837
f 1343/1862/1837 1339/1831/1808 1342/1829/1806
f 1343/1862/1837 1342/1829/1806 1346/1863/1838
f 1346/1863/1838 1342/1829/1806 1345/1827/1804
f 1346/1863/1838 1345/1827/1804 1349/1864/1839
f 1349/1864/1839 1345/1827/1804 1348/1825/1802
f 1349/1864/1839 1348/1825/1802 1352/1865/1840
f 1352/1865/1840 1348/1825/1802 1351/1823/1800
f 1352/1865/1840 1351/1823/1800 1355/1866/1841
f 1355/1866/1841 1351/1823/1800 1354/1821/1798
f 1355/1866/1841 1354/1821/1798 1358/1867/1842
f 1358/1867/1842 1354/1821/1798 1357/1819/1796
f 1358/1867/1842 1357/1819/1796 1361/1814/1791
f 1361/1814/1791 1357/1819/1796 1360/1816/1793
f 1317/1785/1762 1316/1854/1829 1326/1787/1764
f 1326/1787/1764 1316/1854/1829 1325/1856/1831
f 1326/1787/1764 1325/1856/1831 1329/1789/1766
f 1329/1789/1766 1325/1856/1831 1328/1857/1832
f 1329/1789/1766 1328/1857/1832 1332/1791/1768
f 1332/1791/1768 1328/1857/1832 1331/1858/1833
f 1332/1791/1768 1331/1858/1833 1335/1793/1770
f 1335/1793/1770 1331/1858/1833 1334/1859/1834
f 1335/1793/1770 1334/1859/1834 1338/1795/1772
f 1338/1795/1772 1334/1859/1834 1337/1860/1835
f 1338/1795/1772 1337/1860/1835 1341/1797/1774
f 1341/1797/1774 1337/1860/1835 1340/1861/1836
f 1341/1797/1774 1340/1861/1836 1344/1799/1776
f 1344/1799/1776 1340/1861/1836 1343/1862/1837
f 1344/1799/1776 1343/1862/1837 1347/1801/1778
f 1347/1801/1778 1343/1862/1837 1346/1863/1838
f 1347/1801/1778 1346/1863/1838 1350/1803/1780
f 1350/1803/1780 1346/1863/1838 1349/1864/1839
f 1350/1803/1780 1349/1864/1839 1353/1805/1782
f 1353/1805/1782 1349/1864/1839 1352/1865/1840
f 1353/1805/1782 1352/1865/1840 1356/1807/1784
f 1356/1807/1784 1352/1865/1840 1355/1866/1841
f 1356/1807/1784 1355/1866/1841 1359/1809/1786
f 1359/1809/1786 1355/1866/1841 1358/1867/1842
f 1359/1809/1786 1358/1867/1842 1362/1811/1788
f 1362/1811/1788 1358/1867/1842 1361/1814/1791
f 828/1868/895 1399/1869/1843 829/1870/896
f 829/1870/896 1399/1869/1843 1400/1871/1844
f 829/1870/896 1400/1871/1844 1214/1872/1845
f 1214/1872/1845 1400/1871/1844 1215/1873/1846
f 1215/1873/1846 1400/1871/1844 1401/1874/1847
f 1215/1873/1846 1401/1874/1847 1216/1875/1848
f 1216/1875/1848 1401/1874/1847 1402/1876/1849
f 1216/1875/1848 1402/1876/1849 1217/1877/1850
f 1217/1877/1850 1402/1876/1849 1403/1878/1851
f 1217/1877/1850 1403/1878/1851 1218/1879/1852
f 1218/1879/1852 1403/1878/1851 1404/1880/1853
f 1218/1879/1852 1404/1880/1853 1219/1881/1854
f 1219/1881/1854 1404/1880/1853 1405/1882/1855
f 1219/1881/1854 1405/1882/1855 1220/1883/1856
f 1220/1883/1856 1405/1882/1855 1406/1884/1857
f 1220/1883/1856 1406/1884/1857 1221/1885/1858
f 1221/1885/1858 1406/1884/1857 1407/1886/1859
f 1221/1885/1858 1407/1886/1859 1222/1887/1860
f 1222/1887/1860 1407/1886/1859 1408/1888/1861
f 1222/1887/1860 1408/1888/1861 1223/1889/1862
f 1223/1889/1862 1408/1888/1861 1409/1890/1863
f 1223/1889/1862 1409/1890/1863 1224/1891/1864
f 1224/1891/1864 1409/1890/1863 1410/1892/1865
f 1224/1891/1864 1410/1892/1865 1225/1893/1866
f 1225/1893/1866 1410/1892/1865 1411/1894/1867
f 1225/1893/1866 1411/1894/1867 1226/1895/1868
f 1226/1895/1868 1411/1894/1867 1412/1896/1869
f 1226/1895/1868 1412/1896/1869 1227/1897/1870
f 1227/1897/1870 1412/1896/1869 1413/1898/1871
f 1227/1897/1870 1413/1898/1871 1414/1899/1872
f 1414/1899/1872 1413/1898/1871 1463/1900/1873
f 1414/1899/1872 1463/1900/1873 1462/1901/1874
f 1462/1901/1874 1463/1900/1873 1422/1902/1875
f 1462/1901/1874 1422/1902/1875 1421/1903/1876
f 1421/1903/1876 1422/1902/1875 1445/1904/1877
f 1421/1903/1876 1445/1904/1877 1446/1905/1878
f 1446/1905/1878 1445/1904/1877 1454/1906/1879
f 1446/1905/1878 1454/1906/1879 1455/1907/1880
f 1455/1907/1880 1454/1906/1879 1398/1908/1881
f 1455/1907/1880 1398/1908/1881 1297/1909/1758
f 1297/1909/1758 1398/1908/1881 1390/1910/1882
f 1297/1909/1758 1390/1910/1882 1391/1911/1883
f 828/1868/895 1363/1912/1884 1399/1869/1843
f 1399/1869/1843 1363/1912/1884 1477/1913/1885
f 1399/1869/1843 1477/1913/1885 1364/1914/1886
f 1364/1914/1886 1477/1913/1885 1363/1912/1884
f 1365/1915/1887 1476/1916/1888 1364/1914/1886
f 1364/1914/1886 1476/1916/1888 1436/1917/1889
f 1364/1914/1886 1436/1917/1889 1399/1869/1843
f 1399/1869/1843 1436/1917/1889 1400/1871/1844
f 1366/1918/1890 1475/1919/1891 1365/1915/1887
f 1365/1915/1887 1475/1919/1891 1435/1920/1892
f 1365/1915/1887 1435/1920/1892 1436/1917/1889
f 1436/1917/1889 1435/1920/1892 1401/1874/1847
f 1436/1917/1889 1401/1874/1847 1400/1871/1844
f 1367/1921/1893 1474/1922/1894 1366/1918/1890
f 1366/1918/1890 1474/1922/1894 1434/1923/1895
f 1366/1918/1890 1434/1923/1895 1435/1920/1892
f 1435/1920/1892 1434/1923/1895 1402/1876/1849
f 1435/1920/1892 1402/1876/1849 1401/1874/1847
f 1367/1921/1893 1368/1924/1896 1474/1922/1894
f 1474/1922/1894 1368/1924/1896 1434/1923/1895
f 1434/1923/1895 1368/1924/1896 1433/1925/1897
f 1433/1925/1897 1368/1924/1896 1369/1926/1898
f 1433/1925/1897 1369/1926/1898 1432/1927/1899
f 1432/1927/1899 1369/1926/1898 1370/1928/1900
f 1432/1927/1899 1370/1928/1900 1431/1929/1901
f 1431/1929/1901 1370/1928/1900 1371/1930/1902
f 1431/1929/1901 1371/1930/1902 1430/1931/1903
f 1430/1931/1903 1371/1930/1902 1372/1932/1904
f 1430/1931/1903 1372/1932/1904 1449/1933/1905
f 1449/1933/1905 1372/1932/1904 1373/1934/1906
f 1449/1933/1905 1373/1934/1906 1430/1931/1903
f 1430/1931/1903 1373/1934/1906 1437/1935/1907
f 1430/1931/1903 1437/1935/1907 1429/1936/1908
f 1429/1936/1908 1437/1935/1907 1438/1937/1909
f 1429/1936/1908 1438/1937/1909 1428/1938/1910
f 1428/1938/1910 1438/1937/1909 1439/1939/1911
f 1428/1938/1910 1439/1939/1911 1427/1940/1912
f 1427/1940/1912 1439/1939/1911 1440/1941/1913
f 1427/1940/1912 1440/1941/1913 1426/1942/1914
f 1426/1942/1914 1440/1941/1913 1441/1943/1915
f 1426/1942/1914 1441/1943/1915 1425/1944/1916
f 1425/1944/1916 1441/1943/1915 1442/1945/1917
f 1425/1944/1916 1442/1945/1917 1424/1946/1918
f 1424/1946/1918 1442/1945/1917 1443/1947/1919
f 1424/1946/1918 1443/1947/1919 1423/1948/1920
f 1423/1948/1920 1443/1947/1919 1444/1949/1921
f 1423/1948/1920 1444/1949/1921 1422/1902/1875
f 1422/1902/1875 1444/1949/1921 1445/1904/1877
f 1373/1934/1906 1374/1950/1922 1437/1935/1907
f 1437/1935/1907 1374/1950/1922 1438/1937/1909
f 1374/1950/1922 1375/1951/1923 1438/1937/1909
f 1438/1937/1909 1375/1951/1923 1439/1939/1911
f 1375/1951/1923 1376/1952/1924 1439/1939/1911
f 1439/1939/1911 1376/1952/1924 1440/1941/1913
f 1376/1952/1924 1377/1953/1925 1440/1941/1913
f 1440/1941/1913 1377/1953/1925 1441/1943/1915
f 1377/1953/1925 1378/1954/1926 1441/1943/1915
f 1441/1943/1915 1378/1954/1926 1456/1955/1927
f 1441/1943/1915 1456/1955/1927 1379/1956/1928
f 1379/1956/1928 1456/1955/1927 1378/1954/1926
f 1441/1943/1915 1379/1956/1928 1450/1957/1929
f 1450/1957/1929 1379/1956/1928 1380/1958/1930
f 1450/1957/1929 1380/1958/1930 1451/1959/1931
f 1451/1959/1931 1380/1958/1930 1381/1960/1932
f 1451/1959/1931 1381/1960/1932 1382/1961/1933
f 1383/1962/1934 1457/1963/1935 1382/1961/1933
f 1382/1961/1933 1457/1963/1935 1452/1964/1936
f 1382/1961/1933 1452/1964/1936 1451/1959/1931
f 1451/1959/1931 1452/1964/1936 1443/1947/1919
f 1451/1959/1931 1443/1947/1919 1442/1945/1917
f 1383/1962/1934 1384/1965/1937 1457/1963/1935
f 1457/1963/1935 1384/1965/1937 1458/1966/1938
f 1457/1963/1935 1458/1966/1938 1452/1964/1936
f 1452/1964/1936 1458/1966/1938 1453/1967/1939
f 1452/1964/1936 1453/1967/1939 1444/1949/1921
f 1444/1949/1921 1453/1967/1939 1445/1904/1877
f 1384/1965/1937 1385/1968/1940 1458/1966/1938
f 1458/1966/1938 1385/1968/1940 1386/1969/1941
f 1458/1966/1938 1386/1969/1941 1459/1970/1942
f 1459/1970/1942 1386/1969/1941 1387/1971/1943
f 1459/1970/1942 1387/1971/1943 1398/1908/1881
f 1398/1908/1881 1387/1971/1943 1388/1972/1944
f 1398/1908/1881 1388/1972/1944 1447/1973/1945
f 1447/1973/1945 1388/1972/1944 1389/1974/1946
f 1447/1973/1945 1389/1974/1946 1398/1908/1881
f 1398/1908/1881 1389/1974/1946 1390/1910/1882
f 1391/1911/1883 1392/1975/1947 1297/1909/1758
f 1297/1909/1758 1392/1975/1947 1393/1976/1948
f 1297/1909/1758 1393/1976/1948 29/1977/1732
f 1394/1978/1949 1418/1979/1950 1297/1909/1758
f 1297/1909/1758 1418/1979/1950 1397/1980/1951
f 1297/1909/1758 1397/1980/1951 1419/1981/1952
f 1419/1981/1952 1397/1980/1951 1460/1982/1953
f 1419/1981/1952 1460/1982/1953 1420/1983/1954
f 1420/1983/1954 1460/1982/1953 1461/1984/1955
f 1420/1983/1954 1461/1984/1955 1421/1903/1876
f 1421/1903/1876 1461/1984/1955 1462/1901/1874
f 1394/1978/1949 1395/1985/1956 1418/1979/1950
f 1418/1979/1950 1395/1985/1956 1417/1986/1957
f 1418/1979/1950 1417/1986/1957 1397/1980/1951
f 1397/1980/1951 1417/1986/1957 1460/1982/1953
f 1395/1985/1956 1396/1987/1958 1417/1986/1957
f 1417/1986/1957 1396/1987/1958 1416/1988/1959
f 1417/1986/1957 1416/1988/1959 1460/1982/1953
f 1460/1982/1953 1416/1988/1959 1461/1984/1955
f 1396/1987/1958 1229/1989/1960 1416/1988/1959
f 1416/1988/1959 1229/1989/1960 1415/1990/1961
f 1416/1988/1959 1415/1990/1961 1461/1984/1955
f 1461/1984/1955 1415/1990/1961 1462/1901/1874
f 1229/1989/1960 1228/1991/1962 1415/1990/1961
f 1415/1990/1961 1228/1991/1962 1414/1899/1872
f 1415/1990/1961 1414/1899/1872 1462/1901/1874
f 1228/1991/1962 1227/1897/1870 1414/1899/1872
f 1446/1905/1878 1455/1907/1880 1448/1992/1963
f 1448/1992/1963 1455/1907/1880 1297/1909/1758
f 1448/1992/1963 1297/1909/1758 1419/1981/1952
f 1402/1876/1849 1434/1923/1895 1403/1878/1851
f 1403/1878/1851 1434/1923/1895 1473/1993/1964
f 1403/1878/1851 1473/1993/1964 1404/1880/1853
f 1404/1880/1853 1473/1993/1964 1472/1994/1965
f 1404/1880/1853 1472/1994/1965 1405/1882/1855
f 1405/1882/1855 1472/1994/1965 1471/1995/1966
f 1405/1882/1855 1471/1995/1966 1406/1884/1857
f 1406/1884/1857 1471/1995/1966 1470/1996/1967
f 1406/1884/1857 1470/1996/1967 1407/1886/1859
f 1407/1886/1859 1470/1996/1967 1469/1997/1968
f 1407/1886/1859 1469/1997/1968 1408/1888/1861
f 1408/1888/1861 1469/1997/1968 1468/1998/1969
f 1408/1888/1861 1468/1998/1969 1409/1890/1863
f 1409/1890/1863 1468/1998/1969 1467/1999/1970
f 1409/1890/1863 1467/1999/1970 1410/1892/1865
f 1410/1892/1865 1467/1999/1970 1466/2000/1971
f 1410/1892/1865 1466/2000/1971 1411/1894/1867
f 1411/1894/1867 1466/2000/1971 1465/2001/1972
f 1411/1894/1867 1465/2001/1972 1412/1896/1869
f 1412/1896/1869 1465/2001/1972 1464/2002/1973
f 1412/1896/1869 1464/2002/1973 1413/1898/1871
f 1413/1898/1871 1464/2002/1973 1463/1900/1873
f 1446/1905/1878 1448/1992/1963 1420/1983/1954
f 1420/1983/1954 1448/1992/1963 1419/1981/1952
f 1420/1983/1954 1421/1903/1876 1446/1905/1878
f 1422/1902/1875 1463/1900/1873 1423/1948/1920
f 1423/1948/1920 1463/1900/1873 1464/2002/1973
f 1423/1948/1920 1464/2002/1973 1424/1946/1918
f 1424/1946/1918 1464/2002/1973 1465/2001/1972
f 1424/1946/1918 1465/2001/1972 1425/1944/1916
f 1425/1944/1916 1465/2001/1972 1466/2000/1971
f 1425/1944/1916 1466/2000/1971 1426/1942/1914
f 1426/1942/1914 1466/2000/1971 1467/1999/1970
f 1426/1942/1914 1467/1999/1970 1427/1940/1912
f 1427/1940/1912 1467/1999/1970 1468/1998/1969
f 1427/1940/1912 1468/1998/1969 1428/1938/1910
f 1428/1938/1910 1468/1998/1969 1469/1997/1968
f 1428/1938/1910 1469/1997/1968 1429/1936/1908
f 1429/1936/1908 1469/1997/1968 1470/1996/1967
f 1429/1936/1908 1470/1996/1967 1430/1931/1903
f 1430/1931/1903 1470/1996/1967 1471/1995/1966
f 1430/1931/1903 1471/1995/1966 1431/1929/1901
f 1431/1929/1901 1471/1995/1966 1472/1994/1965
f 1431/1929/1901 1472/1994/1965 1432/1927/1899
f 1432/1927/1899 1472/1994/1965 1473/1993/1964
f 1432/1927/1899 1473/1993/1964 1433/1925/1897
f 1433/1925/1897 1473/1993/1964 1434/1923/1895
f 1366/1918/1890 1435/1920/1892 1475/1919/1891
f 1365/1915/1887 1436/1917/1889 1476/1916/1888
f 1451/1959/1931 1442/1945/1917 1450/1957/1929
f 1450/1957/1929 1442/1945/1917 1441/1943/1915
f 1452/1964/1936 1444/1949/1921 1443/1947/1919
f 1454/1906/1879 1445/1904/1877 1453/1967/1939
f 1458/1966/1938 1459/1970/1942 1453/1967/1939
f 1453/1967/1939 1459/1970/1942 1454/1906/1879
f 1459/1970/1942 1398/1908/1881 1454/1906/1879
f 1396/2003/1974 1495/2004/1975 1229/2005/1533
f 1229/2005/1533 1495/2004/1975 1496/2006/1976
f 1229/2005/1533 1496/2006/1976 1230/2007/1478
f 1230/2007/1478 1496/2006/1976 1497/2008/1977
f 1230/2007/1478 1497/2008/1977 1494/2009/1978
f 1494/2009/1978 1497/2008/1977 1493/2010/1979
f 1493/2010/1979 1497/2008/1977 1500/2011/1980
f 1493/2010/1979 1500/2011/1980 1492/2012/1981
f 1492/2012/1981 1500/2011/1980 1503/2013/1982
f 1492/2012/1981 1503/2013/1982 1491/2014/1983
f 1491/2014/1983 1503/2013/1982 1506/2015/1984
f 1491/2014/1983 1506/2015/1984 1490/2016/1985
f 1490/2016/1985 1506/2015/1984 1509/2017/1986
f 1490/2016/1985 1509/2017/1986 1489/2018/1987
f 1489/2018/1987 1509/2017/1986 1512/2019/1988
f 1489/2018/1987 1512/2019/1988 1488/2020/1989
f 1488/2020/1989 1512/2019/1988 1515/2021/1990
f 1488/2020/1989 1515/2021/1990 1487/2022/1991
f 1487/2022/1991 1515/2021/1990 1518/2023/1992
f 1487/2022/1991 1518/2023/1992 1486/2024/1993
f 1486/2024/1993 1518/2023/1992 1521/2025/1994
f 1486/2024/1993 1521/2025/1994 1485/2026/1995
f 1485/2026/1995 1521/2025/1994 1524/2027/1996
f 1485/2026/1995 1524/2027/1996 1484/2028/1997
f 1484/2028/1997 1524/2027/1996 1527/2029/1998
f 1484/2028/1997 1527/2029/1998 1483/2030/1999
f 1483/2030/1999 1527/2029/1998 1530/2031/2000
f 1483/2030/1999 1530/2031/2000 1482/2032/2001
f 1482/2032/2001 1530/2031/2000 1533/2033/2002
f 1482/2032/2001 1533/2033/2002 1481/2034/2003
f 1481/2034/2003 1533/2033/2002 1536/2035/2004
f 1481/2034/2003 1536/2035/2004 1480/2036/2005
f 1480/2036/2005 1536/2035/2004 1539/2037/2006
f 1480/2036/2005 1539/2037/2006 1479/2038/2007
f 1479/2038/2007 1539/2037/2006 1542/2039/2008
f 1479/2038/2007 1542/2039/2008 1478/2040/2009
f 1478/2040/2009 1542/2039/2008 1541/2041/2010
f 1478/2040/2009 1541/2041/2010 1540/2042/2011
f 1540/2042/2011 1541/2041/2010 1537/2043/2012
f 1540/2042/2011 1537/2043/2012 1284/2044/2013
f 1284/2044/2013 1537/2043/2012 1285/2045/2014
f 1285/2045/2014 1537/2043/2012 1534/2046/2015
f 1285/2045/2014 1534/2046/2015 1286/2047/2016
f 1286/2047/2016 1534/2046/2015 1531/2048/2017
f 1286/2047/2016 1531/2048/2017 1287/2049/2018
f 1287/2049/2018 1531/2048/2017 1528/2050/2019
f 1287/2049/2018 1528/2050/2019 1288/2051/2020
f 1288/2051/2020 1528/2050/2019 1525/2052/2021
f 1288/2051/2020 1525/2052/2021 1289/2053/2022
f 1289/2053/2022 1525/2052/2021 1522/2054/2023
f 1289/2053/2022 1522/2054/2023 1290/2055/2024
f 1290/2055/2024 1522/2054/2023 1519/2056/2025
f 1290/2055/2024 1519/2056/2025 1291/2057/2026
f 1291/2057/2026 1519/2056/2025 1516/2058/2027
f 1291/2057/2026 1516/2058/2027 1292/2059/2028
f 1292/2059/2028 1516/2058/2027 1513/2060/2029
f 1292/2059/2028 1513/2060/2029 1293/2061/2030
f 1293/2061/2030 1513/2060/2029 1510/2062/2031
f 1293/2061/2030 1510/2062/2031 1294/2063/2032
f 1294/2063/2032 1510/2062/2031 1507/2064/2033
f 1294/2063/2032 1507/2064/2033 1295/2065/2034
f 1295/2065/2034 1507/2064/2033 1504/2066/2035
f 1295/2065/2034 1504/2066/2035 1296/2067/2036
f 1296/2067/2036 1504/2066/2035 1501/2068/2037
f 1296/2067/2036 1501/2068/2037 1297/2069/2038
f 1297/2069/2038 1501/2068/2037 1498/2070/2039
f 1297/2069/2038 1498/2070/2039 1394/2071/2040
f 1394/2071/2040 1498/2070/2039 1495/2004/1975
f 1394/2071/2040 1495/2004/1975 1395/2072/2041
f 1395/2072/2041 1495/2004/1975 1396/2003/1974
f 1284/2044/2013 1283/2073/2042 1540/2042/2011
f 1540/2042/2011 1283/2073/2042 1478/2040/2009
f 1283/2073/2042 1282/2074/2043 1478/2040/2009
f 1500/2011/1980 1497/2008/1977 1496/2006/1976
f 1496/2006/1976 1495/2004/1975 1499/2075/2044
f 1499/2075/2044 1495/2004/1975 1498/2070/2039
f 1499/2075/2044 1498/2070/2039 1502/2076/2045
f 1502/2076/2045 1498/2070/2039 1501/2068/2037
f 1502/2076/2045 1501/2068/2037 1505/2077/2046
f 1505/2077/2046 1501/2068/2037 1504/2066/2035
f 1505/2077/2046 1504/2066/2035 1508/2078/2047
f 1508/2078/2047 1504/2066/2035 1507/2064/2033
f 1508/2078/2047 1507/2064/2033 1511/2079/2048
f 1511/2079/2048 1507/2064/2033 1510/2062/2031
f 1511/2079/2048 1510/2062/2031 1514/2080/2049
f 1514/2080/2049 1510/2062/2031 1513/2060/2029
f 1514/2080/2049 1513/2060/2029 1517/2081/2050
f 1517/2081/2050 1513/2060/2029 1516/2058/2027
f 1517/2081/2050 1516/2058/2027 1520/2082/2051
f 1520/2082/2051 1516/2058/2027 1519/2056/2025
f 1520/2082/2051 1519/2056/2025 1523/2083/2052
f 1523/2083/2052 1519/2056/2025 1522/2054/2023
f 1523/2083/2052 1522/2054/2023 1526/2084/2053
f 1526/2084/2053 1522/2054/2023 1525/2052/2021
f 1526/2084/2053 1525/2052/2021 1529/2085/2054
f 1529/2085/2054 1525/2052/2021 1528/2050/2019
f 1529/2085/2054 1528/2050/2019 1532/2086/2055
f 1532/2086/2055 1528/2050/2019 1531/2048/2017
f 1532/2086/2055 1531/2048/2017 1535/2087/2056
f 1535/2087/2056 1531/2048/2017 1534/2046/2015
f 1535/2087/2056 1534/2046/2015 1538/2088/2057
f 1538/2088/2057 1534/2046/2015 1537/2043/2012
f 1538/2088/2057 1537/2043/2012 1541/2041/2010
f 1503/2013/1982 1500/2011/1980 1499/2075/2044
f 1499/2075/2044 1500/2011/1980 1496/2006/1976
f 1503/2013/1982 1499/2075/2044 1502/2076/2045
f 1506/2015/1984 1503/2013/1982 1502/2076/2045
f 1506/2015/1984 1502/2076/2045 1505/2077/2046
f 1509/2017/1986 1506/2015/1984 1505/2077/2046
f 1509/2017/1986 1505/2077/2046 1508/2078/2047
f 1512/2019/1988 1509/2017/1986 1508/2078/2047
f 1512/2019/1988 1508/2078/2047 1511/2079/2048
f 1515/2021/1990 1512/2019/1988 1511/2079/2048
f 1515/2021/1990 1511/2079/2048 1514/2080/2049
f 1518/2023/1992 1515/2021/1990 1514/2080/2049
f 1518/2023/1992 1514/2080/2049 1517/2081/2050
f 1521/2025/1994 1518/2023/1992 1517/2081/2050
f 1521/2025/1994 1517/2081/2050 1520/2082/2051
f 1524/2027/1996 1521/2025/1994 1520/2082/2051
f 1524/2027/1996 1520/2082/2051 1523/2083/2052
f 1527/2029/1998 1524/2027/1996 1523/2083/2052
f 1527/2029/1998 1523/2083/2052 1526/2084/2053
f 1530/2031/2000 1527/2029/1998 1526/2084/2053
f 1530/2031/2000 1526/2084/2053 1529/2085/2054
f 1533/2033/2002 1530/2031/2000 1529/2085/2054
f 1533/2033/2002 1529/2085/2054 1532/2086/2055
f 1536/2035/2004 1533/2033/2002 1532/2086/2055
f 1536/2035/2004 1532/2086/2055 1535/2087/2056
f 1539/2037/2006 1536/2035/2004 1535/2087/2056
f 1539/2037/2006 1535/2087/2056 1538/2088/2057
f 1542/2039/2008 1539/2037/2006 1538/2088/2057
f 1542/2039/2008 1538/2088/2057 1541/2041/2010
f 1544/2089/2058 317/2090/2059 1543/2091/2060
f 1543/2091/2060 317/2090/2059 316/2092/2061
f 1543/2093/2060 316/2094/2061 1607/2095/2062
f 1607/2095/2062 316/2094/2061 380/2096/2063
f 1607/2095/2062 380/2096/2063 1606/2097/2064
f 1606/2097/2064 380/2096/2063 379/2098/2065
f 1606/2097/2064 379/2098/2065 1605/2099/2066
f 1605/2099/2066 379/2098/2065 378/2100/2067
f 1605/2099/2066 378/2100/2067 1604/2101/2068
f 1604/2101/2068 378/2100/2067 377/2102/2069
f 1604/2101/2068 377/2102/2069 1603/2103/2070
f 1603/2103/2070 377/2102/2069 376/2104/2071
f 1603/2103/2070 376/2104/2071 1602/2105/2072
f 1602/2105/2072 376/2104/2071 375/2106/2073
f 1602/2105/2072 375/2106/2073 1601/2107/2074
f 1601/2107/2074 375/2106/2073 374/2108/2075
f 1601/2107/2074 374/2108/2075 1600/2109/2076
f 1600/2109/2076 374/2108/2075 373/2110/2077
f 1600/2109/2076 373/2110/2077 1599/2111/2078
f 1599/2111/2078 373/2110/2077 372/2112/2079
f 1599/2111/2078 372/2112/2079 1598/2113/2080
f 1598/2113/2080 372/2112/2079 371/2114/2081
f 1598/2113/2080 371/2114/2081 1597/2115/2082
f 1597/2115/2082 371/2114/2081 370/2116/2083
f 1597/2115/2082 370/2116/2083 1596/2117/2084
f 1596/2117/2084 370/2116/2083 369/2118/2085
f 1596/2117/2084 369/2118/2085 1595/2119/2086
f 1595/2119/2086 369/2118/2085 368/2120/2087
f 1595/2119/2086 368/2120/2087 1594/2121/2088
f 1594/2121/2088 368/2120/2087 367/2122/2089
f 1594/2121/2088 367/2122/2089 1593/2123/2090
f 1593/2123/2090 367/2122/2089 366/2124/2091
f 1593/2123/2090 366/2124/2091 1592/2125/2092
f 1592/2125/2092 366/2124/2091 365/2126/2093
f 1592/2125/2092 365/2126/2093 1591/2127/2094
f 1591/2127/2094 365/2126/2093 364/2128/2095
f 1591/2127/2094 364/2128/2095 1590/2129/2096
f 1590/2129/2096 364/2128/2095 363/2130/2097
f 1590/2129/2096 363/2130/2097 1589/2131/2098
f 1589/2131/2098 363/2130/2097 362/2132/2099
f 1589/2131/2098 362/2132/2099 1588/2133/2100
f 1588/2133/2100 362/2132/2099 361/2134/2101
f 1588/2133/2100 361/2134/2101 1587/2135/2102
f 1587/2135/2102 361/2134/2101 360/2136/2103
f 1587/2135/2102 360/2136/2103 1586/2137/2104
f 1586/2137/2104 360/2136/2103 359/2138/2105
f 1586/2137/2104 359/2138/2105 1585/2139/2106
f 1585/2139/2106 359/2138/2105 358/2140/2107
f 1585/2139/2106 358/2140/2107 1584/2141/2108
f 1584/2141/2108 358/2140/2107 357/2142/2109
f 1584/2141/2108 357/2142/2109 1583/2143/2110
f 1583/2143/2110 357/2142/2109 356/2144/2111
f 1583/2143/2110 356/2144/2111 1582/2145/2112
f 1582/2145/2112 356/2144/2111 355/2146/2113
f 1582/2145/2112 355/2146/2113 1581/2147/2114
f 1581/2147/2114 355/2146/2113 354/2148/2115
f 1581/2147/2114 354/2148/2115 1580/2149/2116
f 1580/2149/2116 354/2148/2115 353/2150/2117
f 1580/2149/2116 353/2150/2117 1579/2151/2118
f 1579/2151/2118 353/2150/2117 352/2152/2119
f 1579/2151/2118 352/2152/2119 1578/2153/2120
f 1578/2153/2120 352/2152/2119 351/2154/2121
f 1578/2153/2120 351/2154/2121 1577/2155/2122
f 1577/2155/2122 351/2154/2121 350/2156/2123
f 1577/2155/2122 350/2156/2123 1576/2157/2124
f 1576/2157/2124 350/2156/2123 349/2158/2125
f 1576/2157/2124 349/2158/2125 1575/2159/2126
f 1575/2159/2126 349/2158/2125 348/2160/2127
f 1575/2159/2126 348/2160/2127 1574/2161/2128
f 1574/2161/2128 348/2160/2127 347/2162/2129
f 1574/2161/2128 347/2162/2129 1573/2163/2130
f 1573/2163/2130 347/2162/2129 346/2164/2131
f 1573/2163/2130 346/2164/2131 1572/2165/2132
f 1572/2165/2132 346/2164/2131 345/2166/2133
f 1572/2165/2132 345/2166/2133 1571/2167/2134
f 1571/2167/2134 345/2166/2133 344/2168/2135
f 1571/2167/2134 344/2168/2135 1570/2169/2136
f 1570/2169/2136 344/2168/2135 343/2170/2137
f 1570/2169/2136 343/2170/2137 1569/2171/2138
f 1569/2171/2138 343/2170/2137 342/2172/2139
f 1569/2171/2138 342/2172/2139 1568/2173/2140
f 1568/2173/2140 342/2172/2139 341/2174/2141
f 1568/2173/2140 341/2174/2141 1567/2175/2142
f 1567/2175/2142 341/2174/2141 340/2176/2143
f 1567/2175/2142 340/2176/2143 1566/2177/2144
f 1566/2177/2144 340/2176/2143 339/2178/2145
f 1566/2177/2144 339/2178/2145 1565/2179/2146
f 1565/2179/2146 339/2178/2145 338/2180/2147
f 1565/2179/2146 338/2180/2147 1564/2181/2148
f 1564/2181/2148 338/2180/2147 337/2182/2149
f 1564/2181/2148 337/2182/2149 1563/2183/2150
f 1563/2183/2150 337/2182/2149 336/2184/2151
f 1563/2183/2150 336/2184/2151 1562/2185/2152
f 1562/2185/2152 336/2184/2151 335/2186/2153
f 1562/2185/2152 335/2186/2153 1561/2187/2154
f 1561/2187/2154 335/2186/2153 334/2188/2155
f 1561/2187/2154 334/2188/2155 1560/2189/2156
f 1560/2189/2156 334/2188/2155 333/2190/2157
f 1560/2189/2156 333/2190/2157 1559/2191/2158
f 1559/2191/2158 333/2190/2157 332/2192/2159
f 1559/2191/2158 332/2192/2159 1558/2193/2160
f 1558/2193/2160 332/2192/2159 331/2194/2161
f 1558/2193/2160 331/2194/2161 1557/2195/2162
f 1557/2195/2162 331/2194/2161 330/2196/2163
f 1557/2195/2162 330/2196/2163 1556/2197/2164
f 1556/2197/2164 330/2196/2163 329/2198/2165
f 1556/2197/2164 329/2198/2165 1555/2199/2166
f 1555/2199/2166 329/2198/2165 328/2200/2167
f 1555/2199/2166 328/2200/2167 1554/2201/2168
f 1554/2201/2168 328/2200/2167 327/2202/2169
f 1554/2201/2168 327/2202/2169 1553/2203/2170
f 1553/2203/2170 327/2202/2169 326/2204/2171
f 1553/2203/2170 326/2204/2171 1552/2205/2172
f 1552/2205/2172 326/2204/2171 325/2206/2173
f 1552/2205/2172 325/2206/2173 1551/2207/2174
f 1551/2207/2174 325/2206/2173 324/2208/2175
f 1551/2207/2174 324/2208/2175 1550/2209/2176
f 1550/2209/2176 324/2208/2175 323/2210/2177
f 1550/2209/2176 323/2210/2177 1549/2211/2178
f 1549/2211/2178 323/2210/2177 322/2212/2179
f 1549/2211/2178 322/2212/2179 1548/2213/2180
f 1548/2213/2180 322/2212/2179 321/2214/2181
f 1548/2213/2180 321/2214/2181 1547/2215/2182
f 1547/2215/2182 321/2214/2181 320/2216/2183
f 1547/2215/2182 320/2216/2183 1546/2217/2184
f 1546/2217/2184 320/2216/2183 319/2218/2185
f 1546/2217/2184 319/2218/2185 1545/2219/2186
f 1545/2219/2186 319/2218/2185 318/2220/2187
f 1545/2219/2186 318/2220/2187 1544/2089/2058
f 1544/2089/2058 318/2220/2187 317/2090/2059
f 1544/2221/2188 1543/2222/2189 1576/2223/2190
f 1576/2223/2190 1543/2222/2189 1607/2224/2191
f 1576/2223/2190 1607/2224/2191 1577/2225/2192
f 1577/2225/2192 1607/2224/2191 1606/2226/2193
f 1577/2225/2192 1606/2226/2193 1578/2227/2194
f 1578/2227/2194 1606/2226/2193 1605/2228/2195
f 1578/2227/2194 1605/2228/2195 1579/2229/2196
f 1579/2229/2196 1605/2228/2195 1604/2230/2197
f 1579/2229/2196 1604/2230/2197 1580/2231/2198
f 1580/2231/2198 1604/2230/2197 1603/2232/2199
f 1580/2231/2198 1603/2232/2199 1581/2233/2200
f 1581/2233/2200 1603/2232/2199 1602/2234/2201
f 1581/2233/2200 1602/2234/2201 1582/2235/2202
f 1582/2235/2202 1602/2234/2201 1601/2236/2203
f 1582/2235/2202 1601/2236/2203 1583/2237/2204
f 1583/2237/2204 1601/2236/2203 1600/2238/2205
f 1583/2237/2204 1600/2238/2205 1584/2239/2206
f 1584/2239/2206 1600/2238/2205 1599/2240/2207
f 1584/2239/2206 1599/2240/2207 1585/2241/2208
f 1585/2241/2208 1599/2240/2207 1598/2242/2209
f 1585/2241/2208 1598/2242/2209 1586/2243/2210
f 1586/2243/2210 1598/2242/2209 1597/2244/2211
f 1586/2243/2210 1597/2244/2211 1587/2245/2212
f 1587/2245/2212 1597/2244/2211 1596/2246/2213
f 1587/2245/2212 1596/2246/2213 1588/2247/2214
f 1588/2247/2214 1596/2246/2213 1595/2248/2215
f 1588/2247/2214 1595/2248/2215 1589/2249/2216
f 1589/2249/2216 1595/2248/2215 1594/2250/2217
f 1589/2249/2216 1594/2250/2217 1590/2251/2218
f 1590/2251/2218 1594/2250/2217 1593/2252/2219
f 1590/2251/2218 1593/2252/2219 1591/2253/2220
f 1591/2253/2220 1593/2252/2219 1592/2254/2221
f 1575/2255/2222 1573/2256/2223 1576/2223/2190
f 1576/2223/2190 1573/2256/2223 1572/2257/2224
f 1576/2223/2190 1572/2257/2224 1571/2258/2225
f 1575/2255/2222 1574/2259/2226 1573/2256/2223
f 1571/2258/2225 1570/2260/2227 1576/2223/2190
f 1576/2223/2190 1570/2260/2227 1569/2261/2228
f 1576/2223/2190 1569/2261/2228 1568/2262/2229
f 1568/2262/2229 1567/2263/2230 1576/2223/2190
f 1576/2223/2190 1567/2263/2230 1566/2264/2231
f 1576/2223/2190 1566/2264/2231 1565/2265/2232
f 1565/2265/2232 1564/2266/2233 1576/2223/2190
f 1576/2223/2190 1564/2266/2233 1563/2267/2234
f 1576/2223/2190 1563/2267/2234 1562/2268/2235
f 1562/2268/2235 1561/2269/2236 1576/2223/2190
f 1576/2223/2190 1561/2269/2236 1560/2270/2237
f 1576/2223/2190 1560/2270/2237 1559/2271/2238
f 1559/2271/2238 1558/2272/2239 1576/2223/2190
f 1576/2223/2190 1558/2272/2239 1557/2273/2240
f 1576/2223/2190 1557/2273/2240 1556/2274/2241
f 1556/2274/2241 1555/2275/2242 1576/2223/2190
f 1576/2223/2190 1555/2275/2242 1554/2276/2243
f 1576/2223/2190 1554/2276/2243 1553/2277/2244
f 1553/2277/2244 1552/2278/2245 1576/2223/2190
f 1576/2223/2190 1552/2278/2245 1551/2279/2246
f 1576/2223/2190 1551/2279/2246 1550/2280/2247
f 1550/2280/2247 1549/2281/2248 1576/2223/2190
f 1576/2223/2190 1549/2281/2248 1548/2282/2249
f 1576/2223/2190 1548/2282/2249 1547/2283/2250
f 1547/2283/2250 1546/2284/2251 1576/2223/2190
f 1576/2223/2190 1546/2284/2251 1545/2285/2252
f 1576/2223/2190 1545/2285/2252 1544/2221/2188
f 1609/2286/2253 252/2287/2254 1608/2288/2255
f 1608/2288/2255 252/2287/2254 251/2289/2256
f 1608/2290/2255 251/2291/2256 1672/2292/2257
f 1672/2292/2257 251/2291/2256 315/2293/2258
f 1672/2292/2257 315/2293/2258 1671/2294/2259
f 1671/2294/2259 315/2293/2258 314/2295/2260
f 1671/2294/2259 314/2295/2260 1670/2296/2261
f 1670/2296/2261 314/2295/2260 313/2297/2262
f 1670/2296/2261 313/2297/2262 1669/2298/2263
f 1669/2298/2263 313/2297/2262 312/2299/2264
f 1669/2298/2263 312/2299/2264 1668/2300/2265
f 1668/2300/2265 312/2299/2264 311/2301/2266
f 1668/2300/2265 311/2301/2266 1667/2302/2267
f 1667/2302/2267 311/2301/2266 310/2303/2268
f 1667/2302/2267 310/2303/2268 1666/2304/2269
f 1666/2304/2269 310/2303/2268 309/2305/2270
f 1666/2304/2269 309/2305/2270 1665/2306/2271
f 1665/2306/2271 309/2305/2270 308/2307/2272
f 1665/2306/2271 308/2307/2272 1664/2308/2273
f 1664/2308/2273 308/2307/2272 307/2309/2274
f 1664/2308/2273 307/2309/2274 1663/2310/2275
f 1663/2310/2275 307/2309/2274 306/2311/2276
f 1663/2310/2275 306/2311/2276 1662/2312/2277
f 1662/2312/2277 306/2311/2276 305/2313/2278
f 1662/2312/2277 305/2313/2278 1661/2314/2279
f 1661/2314/2279 305/2313/2278 304/2315/2280
f 1661/2314/2279 304/2315/2280 1660/2316/2281
f 1660/2316/2281 304/2315/2280 303/2317/2282
f 1660/2316/2281 303/2317/2282 1659/2318/2283
f 1659/2318/2283 303/2317/2282 302/2319/2284
f 1659/2318/2283 302/2319/2284 1658/2320/2285
f 1658/2320/2285 302/2319/2284 301/2321/2286
f 1658/2320/2285 301/2321/2286 1657/2322/2287
f 1657/2322/2287 301/2321/2286 300/2323/2288
f 1657/2322/2287 300/2323/2288 1656/2324/2289
f 1656/2324/2289 300/2323/2288 299/2325/2290
f 1656/2324/2289 299/2325/2290 1655/2326/2291
f 1655/2326/2291 299/2325/2290 298/2327/2292
f 1655/2326/2291 298/2327/2292 1654/2328/2293
f 1654/2328/2293 298/2327/2292 297/2329/2294
f 1654/2328/2293 297/2329/2294 1653/2330/2295
f 1653/2330/2295 297/2329/2294 296/2331/2296
f 1653/2330/2295 296/2331/2296 1652/2332/2297
f 1652/2332/2297 296/2331/2296 295/2333/2298
f 1652/2332/2297 295/2333/2298 1651/2334/2299
f 1651/2334/2299 295/2333/2298 294/2335/2300
f 1651/2334/2299 294/2335/2300 1650/2336/2301
f 1650/2336/2301 294/2335/2300 293/2337/2302
f 1650/2336/2301 293/2337/2302 1649/2338/2303
f 1649/2338/2303 293/2337/2302 292/2339/2304
f 1649/2338/2303 292/2339/2304 1648/2340/2305
f 1648/2340/2305 292/2339/2304 291/2341/2306
f 1648/2340/2305 291/2341/2306 1647/2342/2307
f 1647/2342/2307 291/2341/2306 290/2343/2308
f 1647/2342/2307 290/2343/2308 1646/2344/2309
f 1646/2344/2309 290/2343/2308 289/2345/2310
f 1646/2344/2309 289/2345/2310 1645/2346/2311
f 1645/2346/2311 289/2345/2310 288/2347/2312
f 1645/2346/2311 288/2347/2312 1644/2348/2313
f 1644/2348/2313 288/2347/2312 287/2349/2314
f 1644/2348/2313 287/2349/2314 1643/2350/2315
f 1643/2350/2315 287/2349/2314 286/2351/2316
f 1643/2350/2315 286/2351/2316 1642/2352/2317
f 1642/2352/2317 286/2351/2316 285/2353/2318
f 1642/2352/2317 285/2353/2318 1641/2354/2319
f 1641/2354/2319 285/2353/2318 284/2355/2320
f 1641/2354/2319 284/2355/2320 1640/2356/2321
f 1640/2356/2321 284/2355/2320 283/2357/2322
f 1640/2356/2321 283/2357/2322 1639/2358/2323
f 1639/2358/2323 283/2357/2322 282/2359/2324
f 1639/2358/2323 282/2359/2324 1638/2360/2325
f 1638/2360/2325 282/2359/2324 281/2361/2326
f 1638/2360/2325 281/2361/2326 1637/2362/2327
f 1637/2362/2327 281/2361/2326 280/2363/2328
f 1637/2362/2327 280/2363/2328 1636/2364/2329
f 1636/2364/2329 280/2363/2328 279/2365/2330
f 1636/2364/2329 279/2365/2330 1635/2366/2331
f 1635/2366/2331 279/2365/2330 278/2367/2332
f 1635/2366/2331 278/2367/2332 1634/2368/2333
f 1634/2368/2333 278/2367/2332 277/2369/2334
f 1634/2368/2333 277/2369/2334 1633/2370/2335
f 1633/2370/2335 277/2369/2334 276/2371/2336
f 1633/2370/2335 276/2371/2336 1632/2372/2337
f 1632/2372/2337 276/2371/2336 275/2373/2338
f 1632/2372/2337 275/2373/2338 1631/2374/2339
f 1631/2374/2339 275/2373/2338 274/2375/2340
f 1631/2374/2339 274/2375/2340 1630/2376/2341
f 1630/2376/2341 274/2375/2340 273/2377/2342
f 1630/2376/2341 273/2377/2342 1629/2378/2343
f 1629/2378/2343 273/2377/2342 272/2379/2344
f 1629/2378/2343 272/2379/2344 1628/2380/2345
f 1628/2380/2345 272/2379/2344 271/2381/2346
f 1628/2380/2345 271/2381/2346 1627/2382/2347
f 1627/2382/2347 271/2381/2346 270/2383/2348
f 1627/2382/2347 270/2383/2348 1626/2384/2349
f 1626/2384/2349 270/2383/2348 269/2385/2350
f 1626/2384/2349 269/2385/2350 1625/2386/2351
f 1625/2386/2351 269/2385/2350 268/2387/2352
f 1625/2386/2351 268/2387/2352 1624/2388/2353
f 1624/2388/2353 268/2387/2352 267/2389/2354
f 1624/2388/2353 267/2389/2354 1623/2390/2355
f 1623/2390/2355 267/2389/2354 266/2391/2356
f 1623/2390/2355 266/2391/2356 1622/2392/2357
f 1622/2392/2357 266/2391/2356 265/2393/2358
f 1622/2392/2357 265/2393/2358 1621/2394/2359
f 1621/2394/2359 265/2393/2358 264/2395/2360
f 1621/2394/2359 264/2395/2360 1620/2396/2361
f 1620/2396/2361 264/2395/2360 263/2397/2362
f 1620/2396/2361 263/2397/2362 1619/2398/2363
f 1619/2398/2363 263/2397/2362 262/2399/2364
f 1619/2398/2363 262/2399/2364 1618/2400/2365
f 1618/2400/2365 262/2399/2364 261/2401/2366
f 1618/2400/2365 261/2401/2366 1617/2402/2367
f 1617/2402/2367 261/2401/2366 260/2403/2368
f 1617/2402/2367 260/2403/2368 1616/2404/2369
f 1616/2404/2369 260/2403/2368 259/2405/2370
f 1616/2404/2369 259/2405/2370 1615/2406/2371
f 1615/2406/2371 259/2405/2370 258/2407/2372
f 1615/2406/2371 258/2407/2372 1614/2408/2373
f 1614/2408/2373 258/2407/2372 257/2409/2374
f 1614/2408/2373 257/2409/2374 1613/2410/2375
f 1613/2410/2375 257/2409/2374 256/2411/2376
f 1613/2410/2375 256/2411/2376 1612/2412/2377
f 1612/2412/2377 256/2411/2376 255/2413/2378
f 1612/2412/2377 255/2413/2378 1611/2414/2379
f 1611/2414/2379 255/2413/2378 254/2415/2380
f 1611/2414/2379 254/2415/2380 1610/2416/2381
f 1610/2416/2381 254/2415/2380 253/2417/2382
f 1610/2416/2381 253/2417/2382 1609/2286/2253
f 1609/2286/2253 253/2417/2382 252/2287/2254
f 1609/2418/2383 1608/2419/2384 1641/2420/2385
f 1641/2420/2385 1608/2419/2384 1672/2421/2386
f 1641/2420/2385 1672/2421/2386 1642/2422/2387
f 1642/2422/2387 1672/2421/2386 1671/2423/2388
f 1642/2422/2387 1671/2423/2388 1643/2424/2389
f 1643/2424/2389 1671/2423/2388 1670/2425/2390
f 1643/2424/2389 1670/2425/2390 1644/2426/2391
f 1644/2426/2391 1670/2425/2390 1669/2427/2392
f 1644/2426/2391 1669/2427/2392 1645/2428/2393
f 1645/2428/2393 1669/2427/2392 1668/2429/2394
f 1645/2428/2393 1668/2429/2394 1646/2430/2395
f 1646/2430/2395 1668/2429/2394 1667/2431/2396
f 1646/2430/2395 1667/2431/2396 1647/2432/2397
f 1647/2432/2397 1667/2431/2396 1666/2433/2398
f 1647/2432/2397 1666/2433/2398 1648/2434/2399
f 1648/2434/2399 1666/2433/2398 1665/2435/2400
f 1648/2434/2399 1665/2435/2400 1649/2436/2401
f 1649/2436/2401 1665/2435/2400 1664/2437/2402
f 1649/2436/2401 1664/2437/2402 1650/2438/2403
f 1650/2438/2403 1664/2437/2402 1663/2439/2404
f 1650/2438/2403 1663/2439/2404 1651/2440/2405
f 1651/2440/2405 1663/2439/2404 1662/2441/2406
f 1651/2440/2405 1662/2441/2406 1652/2442/2407
f 1652/2442/2407 1662/2441/2406 1661/2443/2408
f 1652/2442/2407 1661/2443/2408 1653/2444/2409
f 1653/2444/2409 1661/2443/2408 1660/2445/2410
f 1653/2444/2409 1660/2445/2410 1654/2446/2411
f 1654/2446/2411 1660/2445/2410 1659/2447/2412
f 1654/2446/2411 1659/2447/2412 1655/2448/2413
f 1655/2448/2413 1659/2447/2412 1658/2449/2414
f 1655/2448/2413 1658/2449/2414 1656/2450/2415
f 1656/2450/2415 1658/2449/2414 1657/2451/2416
f 1640/2452/2417 1638/2453/2418 1641/2420/2385
f 1641/2420/2385 1638/2453/2418 1637/2454/2419
f 1641/2420/2385 1637/2454/2419 1636/2455/2420
f 1640/2452/2417 1639/2456/2421 1638/2453/2418
f 1636/2455/2420 1635/2457/2422 1641/2420/2385
f 1641/2420/2385 1635/2457/2422 1634/2458/2423
f 1641/2420/2385 1634/2458/2423 1633/2459/2424
f 1633/2459/2424 1632/2460/2425 1641/2420/2385
f 1641/2420/2385 1632/2460/2425 1631/2461/2426
f 1641/2420/2385 1631/2461/2426 1630/2462/2427
f 1630/2462/2427 1629/2463/2428 1641/2420/2385
f 1641/2420/2385 1629/2463/2428 1628/2464/2429
f 1641/2420/2385 1628/2464/2429 1627/2465/2430
f 1627/2465/2430 1626/2466/2431 1641/2420/2385
f 1641/2420/2385 1626/2466/2431 1625/2467/2432
f 1641/2420/2385 1625/2467/2432 1624/2468/2433
f 1624/2468/2433 1623/2469/2434 1641/2420/2385
f 1641/2420/2385 1623/2469/2434 1622/2470/2435
f 1641/2420/2385 1622/2470/2435 1621/2471/2436
f 1621/2471/2436 1620/2472/2437 1641/2420/2385
f 1641/2420/2385 1620/2472/2437 1619/2473/2438
f 1641/2420/2385 1619/2473/2438 1618/2474/2439
f 1618/2474/2439 1617/2475/2440 1641/2420/2385
f 1641/2420/2385 1617/2475/2440 1616/2476/2441
f 1641/2420/2385 1616/2476/2441 1615/2477/2442
f 1615/2477/2442 1614/2478/2443 1641/2420/2385
f 1641/2420/2385 1614/2478/2443 1613/2479/2444
f 1641/2420/2385 1613/2479/2444 1612/2480/2445
f 1612/2480/2445 1611/2481/2446 1641/2420/2385
f 1641/2420/2385 1611/2481/2446 1610/2482/2447
f 1641/2420/2385 1610/2482/2447 1609/2418/2383
f 1674/2483/2448 187/2484/2449 1673/2485/2450
f 1673/2485/2450 187/2484/2449 186/2486/2451
f 1673/2487/2450 186/2488/2451 1737/2489/2452
f 1737/2489/2452 186/2488/2451 250/2490/2453
f 1737/2489/2452 250/2490/2453 1736/2491/2454
f 1736/2491/2454 250/2490/2453 249/2492/2455
f 1736/2491/2454 249/2492/2455 1735/2493/2456
f 1735/2493/2456 249/2492/2455 248/2494/2457
f 1735/2493/2456 248/2494/2457 1734/2495/2458
f 1734/2495/2458 248/2494/2457 247/2496/2459
f 1734/2495/2458 247/2496/2459 1733/2497/2460
f 1733/2497/2460 247/2496/2459 246/2498/2461
f 1733/2497/2460 246/2498/2461 1732/2499/2462
f 1732/2499/2462 246/2498/2461 245/2500/2463
f 1732/2499/2462 245/2500/2463 1731/2501/2464
f 1731/2501/2464 245/2500/2463 244/2502/2465
f 1731/2501/2464 244/2502/2465 1730/2503/2466
f 1730/2503/2466 244/2502/2465 243/2504/2467
f 1730/2503/2466 243/2504/2467 1729/2505/2468
f 1729/2505/2468 243/2504/2467 242/2506/2469
f 1729/2505/2468 242/2506/2469 1728/2507/2470
f 1728/2507/2470 242/2506/2469 241/2508/2471
f 1728/2507/2470 241/2508/2471 1727/2509/2472
f 1727/2509/2472 241/2508/2471 240/2510/2473
f 1727/2509/2472 240/2510/2473 1726/2511/2474
f 1726/2511/2474 240/2510/2473 239/2512/2475
f 1726/2511/2474 239/2512/2475 1725/2513/2476
f 1725/2513/2476 239/2512/2475 238/2514/2477
f 1725/2513/2476 238/2514/2477 1724/2515/2478
f 1724/2515/2478 238/2514/2477 237/2516/2479
f 1724/2515/2478 237/2516/2479 1723/2517/2480
f 1723/2517/2480 237/2516/2479 236/2518/2481
f 1723/2517/2480 236/2518/2481 1722/2519/2482
f 1722/2519/2482 236/2518/2481 235/2520/2483
f 1722/2519/2482 235/2520/2483 1721/2521/2484
f 1721/2521/2484 235/2520/2483 234/2522/2485
f 1721/2521/2484 234/2522/2485 1720/2523/2486
f 1720/2523/2486 234/2522/2485 233/2524/2487
f 1720/2523/2486 233/2524/2487 1719/2525/2488
f 1719/2525/2488 233/2524/2487 232/2526/2489
f 1719/2525/2488 232/2526/2489 1718/2527/2490
f 1718/2527/2490 232/2526/2489 231/2528/2491
f 1718/2527/2490 231/2528/2491 1717/2529/2492
f 1717/2529/2492 231/2528/2491 230/2530/2493
f 1717/2529/2492 230/2530/2493 1716/2531/2494
f 1716/2531/2494 230/2530/2493 229/2532/2495
f 1716/2531/2494 229/2532/2495 1715/2533/2496
f 1715/2533/2496 229/2532/2495 228/2534/2497
f 1715/2533/2496 228/2534/2497 1714/2535/2498
f 1714/2535/2498 228/2534/2497 227/2536/2499
f 1714/2535/2498 227/2536/2499 1713/2537/2500
f 1713/2537/2500 227/2536/2499 226/2538/2501
f 1713/2537/2500 226/2538/2501 1712/2539/2502
f 1712/2539/2502 226/2538/2501 225/2540/2503
f 1712/2539/2502 225/2540/2503 1711/2541/2504
f 1711/2541/2504 225/2540/2503 224/2542/2505
f 1711/2541/2504 224/2542/2505 1710/2543/2506
f 1710/2543/2506 224/2542/2505 223/2544/2507
f 1710/2543/2506 223/2544/2507 1709/2545/2508
f 1709/2545/2508 223/2544/2507 222/2546/2509
f 1709/2545/2508 222/2546/2509 1708/2547/2510
f 1708/2547/2510 222/2546/2509 221/2548/2511
f 1708/2547/2510 221/2548/2511 1707/2549/2512
f 1707/2549/2512 221/2548/2511 220/2550/2513
f 1707/2549/2512 220/2550/2513 1706/2551/2514
f 1706/2551/2514 220/2550/2513 219/2552/2515
f 1706/2551/2514 219/2552/2515 1705/2553/2516
f 1705/2553/2516 219/2552/2515 218/2554/2517
f 1705/2553/2516 218/2554/2517 1704/2555/2518
f 1704/2555/2518 218/2554/2517 217/2556/2519
f 1704/2555/2518 217/2556/2519 1703/2557/2520
f 1703/2557/2520 217/2556/2519 216/2558/2521
f 1703/2557/2520 216/2558/2521 1702/2559/2522
f 1702/2559/2522 216/2558/2521 215/2560/2523
f 1702/2559/2522 215/2560/2523 1701/2561/2524
f 1701/2561/2524 215/2560/2523 214/2562/2525
f 1701/2561/2524 214/2562/2525 1700/2563/2526
f 1700/2563/2526 214/2562/2525 213/2564/2527
f 1700/2563/2526 213/2564/2527 1699/2565/2528
f 1699/2565/2528 213/2564/2527 212/2566/2529
f 1699/2565/2528 212/2566/2529 1698/2567/2530
f 1698/2567/2530 212/2566/2529 211/2568/2531
f 1698/2567/2530 211/2568/2531 1697/2569/2532
f 1697/2569/2532 211/2568/2531 210/2570/2533
f 1697/2569/2532 210/2570/2533 1696/2571/2534
f 1696/2571/2534 210/2570/2533 209/2572/2535
f 1696/2571/2534 209/2572/2535 1695/2573/2536
f 1695/2573/2536 209/2572/2535 208/2574/2537
f 1695/2573/2536 208/2574/2537 1694/2575/2538
f 1694/2575/2538 208/2574/2537 207/2576/2539
f 1694/2575/2538 207/2576/2539 1693/2577/2540
f 1693/2577/2540 207/2576/2539 206/2578/2541
f 1693/2577/2540 206/2578/2541 1692/2579/2542
f 1692/2579/2542 206/2578/2541 205/2580/2543
f 1692/2579/2542 205/2580/2543 1691/2581/2544
f 1691/2581/2544 205/2580/2543 204/2582/2545
f 1691/2581/2544 204/2582/2545 1690/2583/2546
f 1690/2583/2546 204/2582/2545 203/2584/2547
f 1690/2583/2546 203/2584/2547 1689/2585/2548
f 1689/2585/2548 203/2584/2547 202/2586/2549
f 1689/2585/2548 202/2586/2549 1688/2587/2550
f 1688/2587/2550 202/2586/2549 201/2588/2551
f 1688/2587/2550 201/2588/2551 1687/2589/2552
f 1687/2589/2552 201/2588/2551 200/2590/2553
f 1687/2589/2552 200/2590/2553 1686/2591/2554
f 1686/2591/2554 200/2590/2553 199/2592/2555
f 1686/2591/2554 199/2592/2555 1685/2593/2556
f 1685/2593/2556 199/2592/2555 198/2594/2557
f 1685/2593/2556 198/2594/2557 1684/2595/2558
f 1684/2595/2558 198/2594/2557 197/2596/2559
f 1684/2595/2558 197/2596/2559 1683/2597/2560
f 1683/2597/2560 197/2596/2559 196/2598/2561
f 1683/2597/2560 196/2598/2561 1682/2599/2562
f 1682/2599/2562 196/2598/2561 195/2600/2563
f 1682/2599/2562 195/2600/2563 1681/2601/2564
f 1681/2601/2564 195/2600/2563 194/2602/2565
f 1681/2601/2564 194/2602/2565 1680/2603/2566
f 1680/2603/2566 194/2602/2565 193/2604/2567
f 1680/2603/2566 193/2604/2567 1679/2605/2568
f 1679/2605/2568 193/2604/2567 192/2606/2569
f 1679/2605/2568 192/2606/2569 1678/2607/2570
f 1678/2607/2570 192/2606/2569 191/2608/2571
f 1678/2607/2570 191/2608/2571 1677/2609/2572
f 1677/2609/2572 191/2608/2571 190/2610/2573
f 1677/2609/2572 190/2610/2573 1676/2611/2574
f 1676/2611/2574 190/2610/2573 189/2612/2575
f 1676/2611/2574 189/2612/2575 1675/2613/2576
f 1675/2613/2576 189/2612/2575 188/2614/2577
f 1675/2613/2576 188/2614/2577 1674/2483/2448
f 1674/2483/2448 188/2614/2577 187/2484/2449
f 1674/2615/2578 1673/2616/2579 1706/2617/2580
f 1706/2617/2580 1673/2616/2579 1737/2618/2581
f 1706/2617/2580 1737/2618/2581 1707/2619/2582
f 1707/2619/2582 1737/2618/2581 1736/2620/2583
f 1707/2619/2582 1736/2620/2583 1708/2621/2584
f 1708/2621/2584 1736/2620/2583 1735/2622/2585
f 1708/2621/2584 1735/2622/2585 1709/2623/2586
f 1709/2623/2586 1735/2622/2585 1734/2624/2587
f 1709/2623/2586 1734/2624/2587 1710/2625/2588
f 1710/2625/2588 1734/2624/2587 1733/2626/2589
f 1710/2625/2588 1733/2626/2589 1711/2627/2590
f 1711/2627/2590 1733/2626/2589 1732/2628/2591
f 1711/2627/2590 1732/2628/2591 1712/2629/2592
f 1712/2629/2592 1732/2628/2591 1731/2630/2593
f 1712/2629/2592 1731/2630/2593 1713/2631/2594
f 1713/2631/2594 1731/2630/2593 1730/2632/2595
f 1713/2631/2594 1730/2632/2595 1714/2633/2596
f 1714/2633/2596 1730/2632/2595 1729/2634/2597
f 1714/2633/2596 1729/2634/2597 1715/2635/2598
f 1715/2635/2598 1729/2634/2597 1728/2636/2599
f 1715/2635/2598 1728/2636/2599 1716/2637/2600
f 1716/2637/2600 1728/2636/2599 1727/2638/2601
f 1716/2637/2600 1727/2638/2601 1717/2639/2602
f 1717/2639/2602 1727/2638/2601 1726/2640/2603
f 1717/2639/2602 1726/2640/2603 1718/2641/2604
f 1718/2641/2604 1726/2640/2603 1725/2642/2605
f 1718/2641/2604 1725/2642/2605 1719/2643/2606
f 1719/2643/2606 1725/2642/2605 1724/2644/2607
f 1719/2643/2606 1724/2644/2607 1720/2645/2608
f 1720/2645/2608 1724/2644/2607 1723/2646/2609
f 1720/2645/2608 1723/2646/2609 1721/2647/2610
f 1721/2647/2610 1723/2646/2609 1722/2648/2611
f 1705/2649/2612 1703/2650/2613 1706/2617/2580
f 1706/2617/2580 1703/2650/2613 1702/2651/2614
f 1706/2617/2580 1702/2651/2614 1701/2652/2615
f 1705/2649/2612 1704/2653/2616 1703/2650/2613
f 1701/2652/2615 1700/2654/2617 1706/2617/2580
f 1706/2617/2580 1700/2654/2617 1699/2655/2618
f 1706/2617/2580 1699/2655/2618 1698/2656/2619
f 1698/2656/2619 1697/2657/2620 1706/2617/2580
f 1706/2617/2580 1697/2657/2620 1696/2658/2621
f 1706/2617/2580 1696/2658/2621 1695/2659/2622
f 1695/2659/2622 1694/2660/2623 1706/2617/2580
f 1706/2617/2580 1694/2660/2623 1693/2661/2624
f 1706/2617/2580 1693/2661/2624 1692/2662/2625
f 1692/2662/2625 1691/2663/2626 1706/2617/2580
f 1706/2617/2580 1691/2663/2626 1690/2664/2627
f 1706/2617/2580 1690/2664/2627 1689/2665/2628
f 1689/2665/2628 1688/2666/2629 1706/2617/2580
f 1706/2617/2580 1688/2666/2629 1687/2667/2630
f 1706/2617/2580 1687/2667/2630 1686/2668/2631
f 1686/2668/2631 1685/2669/2632 1706/2617/2580
f 1706/2617/2580 1685/2669/2632 1684/2670/2633
f 1706/2617/2580 1684/2670/2633 1683/2671/2634
f 1683/2671/2634 1682/2672/2635 1706/2617/2580
f 1706/2617/2580 1682/2672/2635 1681/2673/2636
f 1706/2617/2580 1681/2673/2636 1680/2674/2637
f 1680/2674/2637 1679/2675/2638 1706/2617/2580
f 1706/2617/2580 1679/2675/2638 1678/2676/2639
f 1706/2617/2580 1678/2676/2639 1677/2677/2640
f 1677/2677/2640 1676/2678/2641 1706/2617/2580
f 1706/2617/2580 1676/2678/2641 1675/2679/2642
f 1706/2617/2580 1675/2679/2642 1674/2615/2578
f 1739/2680/2643 122/2681/2644 1738/2682/2645
f 1738/2682/2645 122/2681/2644 121/2683/2646
f 1738/2684/2645 121/2685/2646 1802/2686/2647
f 1802/2686/2647 121/2685/2646 185/2687/2648
f 1802/2686/2647 185/2687/2648 1801/2688/2649
f 1801/2688/2649 185/2687/2648 184/2689/2650
f 1801/2688/2649 184/2689/2650 1800/2690/2651
f 1800/2690/2651 184/2689/2650 183/2691/2652
f 1800/2690/2651 183/2691/2652 1799/2692/2653
f 1799/2692/2653 183/2691/2652 182/2693/2654
f 1799/2692/2653 182/2693/2654 1798/2694/2655
f 1798/2694/2655 182/2693/2654 181/2695/2656
f 1798/2694/2655 181/2695/2656 1797/2696/2657
f 1797/2696/2657 181/2695/2656 180/2697/2658
f 1797/2696/2657 180/2697/2658 1796/2698/2659
f 1796/2698/2659 180/2697/2658 179/2699/2660
f 1796/2698/2659 179/2699/2660 1795/2700/2661
f 1795/2700/2661 179/2699/2660 178/2701/2662
f 1795/2700/2661 178/2701/2662 1794/2702/2663
f 1794/2702/2663 178/2701/2662 177/2703/2664
f 1794/2702/2663 177/2703/2664 1793/2704/2665
f 1793/2704/2665 177/2703/2664 176/2705/2666
f 1793/2704/2665 176/2705/2666 1792/2706/2667
f 1792/2706/2667 176/2705/2666 175/2707/2668
f 1792/2706/2667 175/2707/2668 1791/2708/2669
f 1791/2708/2669 175/2707/2668 174/2709/2670
f 1791/2708/2669 174/2709/2670 1790/2710/2671
f 1790/2710/2671 174/2709/2670 173/2711/2672
f 1790/2710/2671 173/2711/2672 1789/2712/2673
f 1789/2712/2673 173/2711/2672 172/2713/2674
f 1789/2712/2673 172/2713/2674 1788/2714/2675
f 1788/2714/2675 172/2713/2674 171/2715/2676
f 1788/2714/2675 171/2715/2676 1787/2716/2677
f 1787/2716/2677 171/2715/2676 170/2717/2678
f 1787/2716/2677 170/2717/2678 1786/2718/2679
f 1786/2718/2679 170/2717/2678 169/2719/2680
f 1786/2718/2679 169/2719/2680 1785/2720/2681
f 1785/2720/2681 169/2719/2680 168/2721/2682
f 1785/2720/2681 168/2721/2682 1784/2722/2683
f 1784/2722/2683 168/2721/2682 167/2723/2684
f 1784/2722/2683 167/2723/2684 1783/2724/2685
f 1783/2724/2685 167/2723/2684 166/2725/2686
f 1783/2724/2685 166/2725/2686 1782/2726/2687
f 1782/2726/2687 166/2725/2686 165/2727/2688
f 1782/2726/2687 165/2727/2688 1781/2728/2689
f 1781/2728/2689 165/2727/2688 164/2729/2690
f 1781/2728/2689 164/2729/2690 1780/2730/2691
f 1780/2730/2691 164/2729/2690 163/2731/2692
f 1780/2730/2691 163/2731/2692 1779/2732/2693
f 1779/2732/2693 163/2731/2692 162/2733/2694
f 1779/2732/2693 162/2733/2694 1778/2734/2695
f 1778/2734/2695 162/2733/2694 161/2735/2696
f 1778/2734/2695 161/2735/2696 1777/2736/2697
f 1777/2736/2697 161/2735/2696 160/2737/2698
f 1777/2736/2697 160/2737/2698 1776/2738/2699
f 1776/2738/2699 160/2737/2698 159/2739/2700
f 1776/2738/2699 159/2739/2700 1775/2740/2701
f 1775/2740/2701 159/2739/2700 158/2741/2702
f 1775/2740/2701 158/2741/2702 1774/2742/2703
f 1774/2742/2703 158/2741/2702 157/2743/2704
f 1774/2742/2703 157/2743/2704 1773/2744/2705
f 1773/2744/2705 157/2743/2704 156/2745/2706
f 1773/2744/2705 156/2745/2706 1772/2746/2707
f 1772/2746/2707 156/2745/2706 155/2747/2708
f 1772/2746/2707 155/2747/2708 1771/2748/2709
f 1771/2748/2709 155/2747/2708 154/2749/2710
f 1771/2748/2709 154/2749/2710 1770/2750/2711
f 1770/2750/2711 154/2749/2710 153/2751/2712
f 1770/2750/2711 153/2751/2712 1769/2752/2713
f 1769/2752/2713 153/2751/2712 152/2753/2714
f 1769/2752/2713 152/2753/2714 1768/2754/2715
f 1768/2754/2715 152/2753/2714 151/2755/2716
f 1768/2754/2715 151/2755/2716 1767/2756/2717
f 1767/2756/2717 151/2755/2716 150/2757/2718
f 1767/2756/2717 150/2757/2718 1766/2758/2719
f 1766/2758/2719 150/2757/2718 149/2759/2720
f 1766/2758/2719 149/2759/2720 1765/2760/2721
f 1765/2760/2721 149/2759/2720 148/2761/2722
f 1765/2760/2721 148/2761/2722 1764/2762/2723
f 1764/2762/2723 148/2761/2722 147/2763/2724
f 1764/2762/2723 147/2763/2724 1763/2764/2725
f 1763/2764/2725 147/2763/2724 146/2765/2726
f 1763/2764/2725 146/2765/2726 1762/2766/2727
f 1762/2766/2727 146/2765/2726 145/2767/2728
f 1762/2766/2727 145/2767/2728 1761/2768/2729
f 1761/2768/2729 145/2767/2728 144/2769/2730
f 1761/2768/2729 144/2769/2730 1760/2770/2731
f 1760/2770/2731 144/2769/2730 143/2771/2732
f 1760/2770/2731 143/2771/2732 1759/2772/2733
f 1759/2772/2733 143/2771/2732 142/2773/2734
f 1759/2772/2733 142/2773/2734 1758/2774/2735
f 1758/2774/2735 142/2773/2734 141/2775/2736
f 1758/2774/2735 141/2775/2736 1757/2776/2737
f 1757/2776/2737 141/2775/2736 140/2777/2738
f 1757/2776/2737 140/2777/2738 1756/2778/2739
f 1756/2778/2739 140/2777/2738 139/2779/2740
f 1756/2778/2739 139/2779/2740 1755/2780/2741
f 1755/2780/2741 139/2779/2740 138/2781/2742
f 1755/2780/2741 138/2781/2742 1754/2782/2743
f 1754/2782/2743 138/2781/2742 137/2783/2744
f 1754/2782/2743 137/2783/2744 1753/2784/2745
f 1753/2784/2745 137/2783/2744 136/2785/2746
f 1753/2784/2745 136/2785/2746 1752/2786/2747
f 1752/2786/2747 136/2785/2746 135/2787/2748
f 1752/2786/2747 135/2787/2748 1751/2788/2749
f 1751/2788/2749 135/2787/2748 134/2789/2750
f 1751/2788/2749 134/2789/2750 1750/2790/2751
f 1750/2790/2751 134/2789/2750 133/2791/2752
f 1750/2790/2751 133/2791/2752 1749/2792/2753
f 1749/2792/2753 133/2791/2752 132/2793/2754
f 1749/2792/2753 132/2793/2754 1748/2794/2755
f 1748/2794/2755 132/2793/2754 131/2795/2756
f 1748/2794/2755 131/2795/2756 1747/2796/2757
f 1747/2796/2757 131/2795/2756 130/2797/2758
f 1747/2796/2757 130/2797/2758 1746/2798/2759
f 1746/2798/2759 130/2797/2758 129/2799/2760
f 1746/2798/2759 129/2799/2760 1745/2800/2761
f 1745/2800/2761 129/2799/2760 128/2801/2762
f 1745/2800/2761 128/2801/2762 1744/2802/2763
f 1744/2802/2763 128/2801/2762 127/2803/2764
f 1744/2802/2763 127/2803/2764 1743/2804/2765
f 1743/2804/2765 127/2803/2764 126/2805/2766
f 1743/2804/2765 126/2805/2766 1742/2806/2767
f 1742/2806/2767 126/2805/2766 125/2807/2768
f 1742/2806/2767 125/2807/2768 1741/2808/2769
f 1741/2808/2769 125/2807/2768 124/2809/2770
f 1741/2808/2769 124/2809/2770 1740/2810/2771
f 1740/2810/2771 124/2809/2770 123/2811/2772
f 1740/2810/2771 123/2811/2772 1739/2680/2643
f 1739/2680/2643 123/2811/2772 122/2681/2644
f 1739/2812/2773 1738/2813/2774 1771/2814/2775
f 1771/2814/2775 1738/2813/2774 1802/2815/2776
f 1771/2814/2775 1802/2815/2776 1772/2816/2777
f 1772/2816/2777 1802/2815/2776 1801/2817/2778
f 1772/2816/2777 1801/2817/2778 1773/2818/2779
f 1773/2818/2779 1801/2817/2778 1800/2819/2780
f 1773/2818/2779 1800/2819/2780 1774/2820/2781
f 1774/2820/2781 1800/2819/2780 1799/2821/2782
f 1774/2820/2781 1799/2821/2782 1775/2822/2783
f 1775/2822/2783 1799/2821/2782 1798/2823/2784
f 1775/2822/2783 1798/2823/2784 1776/2824/2785
f 1776/2824/2785 1798/2823/2784 1797/2825/2786
f 1776/2824/2785 1797/2825/2786 1777/2826/2787
f 1777/2826/2787 1797/2825/2786 1796/2827/2788
f 1777/2826/2787 1796/2827/2788 1778/2828/2789
f 1778/2828/2789 1796/2827/2788 1795/2829/2790
f 1778/2828/2789 1795/2829/2790 1779/2830/2791
f 1779/2830/2791 1795/2829/2790 1794/2831/2792
f 1779/2830/2791 1794/2831/2792 1780/2832/2793
f 1780/2832/2793 1794/2831/2792 1793/2833/2794
f 1780/2832/2793 1793/2833/2794 1781/2834/2795
f 1781/2834/2795 1793/2833/2794 1792/2835/2796
f 1781/2834/2795 1792/2835/2796 1782/2836/2797
f 1782/2836/2797 1792/2835/2796 1791/2837/2798
f 1782/2836/2797 1791/2837/2798 1783/2838/2799
f 1783/2838/2799 1791/2837/2798 1790/2839/2800
f 1783/2838/2799 1790/2839/2800 1784/2840/2801
f 1784/2840/2801 1790/2839/2800 1789/2841/2802
f 1784/2840/2801 1789/2841/2802 1785/2842/2803
f 1785/2842/2803 1789/2841/2802 1788/2843/2804
f 1785/2842/2803 1788/2843/2804 1786/2844/2805
f 1786/2844/2805 1788/2843/2804 1787/2845/2806
f 1770/2846/2807 1768/2847/2808 1771/2814/2775
f 1771/2814/2775 1768/2847/2808 1767/2848/2809
f 1771/2814/2775 1767/2848/2809 1766/2849/2810
f 1770/2846/2807 1769/2850/2811 1768/2847/2808
f 1766/2849/2810 1765/2851/2812 1771/2814/2775
f 1771/2814/2775 1765/2851/2812 1764/2852/2813
f 1771/2814/2775 1764/2852/2813 1763/2853/2814
f 1763/2853/2814 1762/2854/2815 1771/2814/2775
f 1771/2814/2775 1762/2854/2815 1761/2855/2816
f 1771/2814/2775 1761/2855/2816 1760/2856/2817
f 1760/2856/2817 1759/2857/2818 1771/2814/2775
f 1771/2814/2775 1759/2857/2818 1758/2858/2819
f 1771/2814/2775 1758/2858/2819 1757/2859/2820
f 1757/2859/2820 1756/2860/2821 1771/2814/2775
f 1771/2814/2775 1756/2860/2821 1755/2861/2822
f 1771/2814/2775 1755/2861/2822 1754/2862/2823
f 1754/2862/2823 1753/2863/2824 1771/2814/2775
f 1771/2814/2775 1753/2863/2824 1752/2864/2825
f 1771/2814/2775 1752/2864/2825 1751/2865/2826
f 1751/2865/2826 1750/2866/2827 1771/2814/2775
f 1771/2814/2775 1750/2866/2827 1749/2867/2828
f 1771/2814/2775 1749/2867/2828 1748/2868/2829
f 1748/2868/2829 1747/2869/2830 1771/2814/2775
f 1771/2814/2775 1747/2869/2830 1746/2870/2831
f 1771/2814/2775 1746/2870/2831 1745/2871/2832
f 1745/2871/2832 1744/2872/2833 1771/2814/2775
f 1771/2814/2775 1744/2872/2833 1743/2873/2834
f 1771/2814/2775 1743/2873/2834 1742/2874/2835
f 1742/2874/2835 1741/2875/2836 1771/2814/2775
f 1771/2814/2775 1741/2875/2836 1740/2876/2837
f 1771/2814/2775 1740/2876/2837 1739/2812/2773
f 30/2877/2838 1803/2878/2839 31/2879/2840
f 31/2879/2840 1803/2878/2839 1804/2880/2841
f 21/2881/2842 17/2882/2843 4/2883/2844
f 4/2883/2844 17/2882/2843 5/2884/2845
f 4/2883/2844 5/2884/2845 1478/2885/2009
f 1478/2885/2009 5/2884/2845 8/2886/2846
f 1478/2885/2009 8/2886/2846 9/2887/2847
f 9/2887/2847 8/2886/2846 19/2888/2848
f 19/2888/2848 8/2886/2846 17/2882/2843
f 19/2888/2848 17/2882/2843 1281/2889/1790
f 1281/2889/1790 17/2882/2843 1282/2890/2043
f 1282/2890/2043 17/2882/2843 21/2881/2842
f 1282/2890/2043 21/2881/2842 1478/2885/2009
f 1478/2885/2009 21/2881/2842 1/2891/2849
f 1478/2885/2009 1/2891/2849 4/2883/2844
f 19/2888/2848 23/2892/2850 12/2893/2851
f 12/2893/2851 23/2892/2850 13/2894/2852
f 12/2893/2851 13/2894/2852 1314/2895/1792
f 1314/2895/1792 13/2894/2852 16/2896/2853
f 1314/2895/1792 16/2896/2853 23/2892/2850
f 1478/2885/2009 9/2887/2847 1314/2895/1792
f 1314/2895/1792 9/2887/2847 12/2893/2851
f 19/2888/2848 1281/2889/1790 23/2892/2850
f 23/2892/2850 1281/2889/1790 1314/2895/1792
f 1313/2897/2854 1301/2898/2855 1314/2899/2856
f 1314/2899/2856 1301/2898/2855 1087/2900/2857
f 1314/2899/2856 1087/2900/2857 1073/2901/2858
f 1073/2901/2858 1087/2900/2857 1074/2902/2859
f 1074/2902/2859 1087/2900/2857 1075/2903/2860
f 1075/2903/2860 1087/2900/2857 1076/2904/2861
f 1076/2904/2861 1087/2900/2857 1077/2905/2862
f 1077/2905/2862 1087/2900/2857 1078/2906/2863
f 1078/2906/2863 1087/2900/2857 1079/2907/2864
f 1079/2907/2864 1087/2900/2857 1080/2908/2865
f 1080/2908/2865 1087/2900/2857 1081/2909/2866
f 1081/2909/2866 1087/2900/2857 1082/2910/2867
f 1082/2910/2867 1087/2900/2857 1083/2911/2868
f 1083/2911/2868 1087/2900/2857 1084/2912/2869
f 1084/2912/2869 1087/2900/2857 1085/2913/2870
f 1085/2913/2870 1087/2900/2857 1086/2914/2871
f 1313/2897/2854 1312/2915/2872 1301/2898/2855
f 1301/2898/2855 1312/2915/2872 1311/2916/2873
f 1301/2898/2855 1311/2916/2873 1310/2917/2874
f 1310/2917/2874 1309/2918/2875 1301/2898/2855
f 1301/2898/2855 1309/2918/2875 1308/2919/2876
f 1301/2898/2855 1308/2919/2876 1307/2920/2877
f 1307/2920/2877 1306/2921/2878 1301/2898/2855
f 1301/2898/2855 1306/2921/2878 1305/2922/2879
f 1301/2898/2855 1305/2922/2879 1304/2923/2880
f 1304/2923/2880 1303/2924/2881 1301/2898/2855
f 1301/2898/2855 1303/2924/2881 1302/2925/2882
f 1301/2898/2855 1300/2926/2883 1087/2900/2857
f 1087/2900/2857 1300/2926/2883 1088/2927/2884
f 1088/2927/2884 1300/2926/2883 1299/2928/2885
f 1088/2927/2884 1299/2928/2885 1089/2929/2886
f 1089/2929/2886 1299/2928/2885 1298/2930/2887
f 1089/2929/2886 1298/2930/2887 1061/2931/2888
f 1061/2931/2888 1298/2930/2887 1062/2932/2889
f 1314/2899/2856 1073/2901/2858 1478/2933/2890
f 1478/2933/2890 1073/2901/2858 1165/2934/2891
f 1478/2933/2890 1165/2934/2891 1230/2935/2892
f 1230/2935/2892 1165/2934/2891 1148/2936/2893
f 1148/2936/2893 1165/2934/2891 1164/2937/2894
f 1148/2936/2893 1164/2937/2894 1163/2938/2895
f 1163/2938/2895 1162/2939/2896 1148/2936/2893
f 1148/2936/2893 1162/2939/2896 1161/2940/2897
f 1148/2936/2893 1161/2940/2897 1160/2941/2898
f 1160/2941/2898 1159/2942/2899 1148/2936/2893
f 1148/2936/2893 1159/2942/2899 1158/2943/2900
f 1148/2936/2893 1158/2943/2900 1157/2944/2901
f 1157/2944/2901 1156/2945/2902 1148/2936/2893
f 1148/2936/2893 1156/2945/2902 1155/2946/2903
f 1148/2936/2893 1155/2946/2903 1154/2947/2904
f 1154/2947/2904 1153/2948/2905 1148/2936/2893
f 1148/2936/2893 1153/2948/2905 1152/2949/2906
f 1148/2936/2893 1152/2949/2906 1151/2950/2907
f 1151/2950/2907 1150/2951/2908 1148/2936/2893
f 1148/2936/2893 1150/2951/2908 1149/2952/2909
f 1494/2953/2910 1493/2954/2911 1230/2935/2892
f 1230/2935/2892 1493/2954/2911 1492/2955/2912
f 1230/2935/2892 1492/2955/2912 1491/2956/2913
f 1491/2956/2913 1490/2957/2914 1230/2935/2892
f 1230/2935/2892 1490/2957/2914 1489/2958/2915
f 1230/2935/2892 1489/2958/2915 1488/2959/2916
f 1488/2959/2916 1487/2960/2917 1230/2935/2892
f 1230/2935/2892 1487/2960/2917 1486/2961/2918
f 1230/2935/2892 1486/2961/2918 1485/2962/2919
f 1485/2962/2919 1484/2963/2920 1230/2935/2892
f 1230/2935/2892 1484/2963/2920 1483/2964/2921
f 1230/2935/2892 1483/2964/2921 1482/2965/2922
f 1482/2965/2922 1481/2966/2923 1230/2935/2892
f 1230/2935/2892 1481/2966/2923 1480/2967/2924
f 1230/2935/2892 1480/2967/2924 1479/2968/2925
f 1479/2968/2925 1478/2933/2890 1230/2935/2892
f 1165/2969/1442 1073/2970/1353 1147/2971/1441
f 1147/2971/1441 1073/2970/1353 1072/2972/1322
f 31/2973/2926 1804/2974/2927 32/2975/2928
f 32/2975/2928 1804/2974/2927 1805/2976/2929
f 30/2977/2930 33/2978/2931 1803/2979/2932
f 1803/2979/2932 33/2978/2931 1806/2980/2933
f 33/2981/2934 32/2982/2935 1806/2983/2936
f 1806/2983/2936 32/2982/2935 1805/2984/2937
f 1805/2985/2938 1804/2986/2939 1806/2987/2940
f 1806/2987/2940 1804/2986/2939 1803/2988/2941
f 625/2989/2942 624/2990/2943 100/2991/2944
f 100/2991/2944 624/2990/2943 657/2992/2945
f 100/2991/2944 657/2992/2945 101/2993/1726
f 101/2993/1726 657/2992/2945 689/2994/2946
f 101/2993/1726 689/2994/2946 688/2995/2947
f 688/2995/2947 687/2996/2948 101/2993/1726
f 101/2993/1726 687/2996/2948 686/2997/2949
f 101/2993/1726 686/2997/2949 685/2998/2950
f 685/2998/2950 684/2999/2951 101/2993/1726
f 101/2993/1726 684/2999/2951 683/3000/2952
f 101/2993/1726 683/3000/2952 682/3001/2953
f 682/3001/2953 681/3002/2954 101/2993/1726
f 101/2993/1726 681/3002/2954 680/3003/2955
f 101/2993/1726 680/3003/2955 679/3004/2956
f 679/3004/2956 678/3005/2957 101/2993/1726
f 101/2993/1726 678/3005/2957 677/3006/2958
f 101/2993/1726 677/3006/2958 676/3007/2959
f 676/3007/2959 675/3008/2960 101/2993/1726
f 101/2993/1726 675/3008/2960 674/3009/2961
f 101/2993/1726 674/3009/2961 673/3010/2962
f 673/3010/2962 672/3011/2963 101/2993/1726
f 101/2993/1726 672/3011/2963 671/3012/2964
f 101/2993/1726 671/3012/2964 670/3013/2965
f 670/3013/2965 669/3014/2966 101/2993/1726
f 101/2993/1726 669/3014/2966 668/3015/2967
f 101/2993/1726 668/3015/2967 667/3016/2968
f 667/3016/2968 666/3017/2969 101/2993/1726
f 101/2993/1726 666/3017/2969 665/3018/2970
f 101/2993/1726 665/3018/2970 664/3019/2971
f 664/3019/2971 663/3020/2972 101/2993/1726
f 101/2993/1726 663/3020/2972 662/3021/2973
f 101/2993/1726 662/3021/2973 661/3022/2974
f 661/3022/2974 660/3023/2975 101/2993/1726
f 101/2993/1726 660/3023/2975 659/3024/2976
f 101/2993/1726 659/3024/2976 658/3025/1724
f 556/3026/2977 655/3027/2978 100/2991/2944
f 100/2991/2944 655/3027/2978 654/3028/2979
f 100/2991/2944 654/3028/2979 653/3029/2980
f 653/3029/2980 652/3030/2981 100/2991/2944
f 100/2991/2944 652/3030/2981 651/3031/2982
f 100/2991/2944 651/3031/2982 650/3032/2983
f 650/3032/2983 649/3033/2984 100/2991/2944
f 100/2991/2944 649/3033/2984 648/3034/2985
f 100/2991/2944 648/3034/2985 647/3035/2986
f 647/3035/2986 646/3036/2987 100/2991/2944
f 100/2991/2944 646/3036/2987 645/3037/2988
f 100/2991/2944 645/3037/2988 644/3038/2989
f 644/3038/2989 643/3039/2990 100/2991/2944
f 100/2991/2944 643/3039/2990 642/3040/2991
f 100/2991/2944 642/3040/2991 641/3041/2992
f 641/3041/2992 640/3042/2993 100/2991/2944
f 100/2991/2944 640/3042/2993 639/3043/2994
f 100/2991/2944 639/3043/2994 638/3044/2995
f 638/3044/2995 637/3045/2996 100/2991/2944
f 100/2991/2944 637/3045/2996 636/3046/2997
f 100/2991/2944 636/3046/2997 635/3047/2998
f 635/3047/2998 634/3048/2999 100/2991/2944
f 100/2991/2944 634/3048/2999 633/3049/3000
f 100/2991/2944 633/3049/3000 632/3050/3001
f 632/3050/3001 631/3051/3002 100/2991/2944
f 100/2991/2944 631/3051/3002 630/3052/3003
f 100/2991/2944 630/3052/3003 629/3053/3004
f 629/3053/3004 628/3054/3005 100/2991/2944
f 100/2991/2944 628/3054/3005 627/3055/3006
f 100/2991/2944 627/3055/3006 626/3056/3007
f 626/3056/3007 625/2989/2942 100/2991/2944
f 480/3057/3008 479/3058/3009 1810/3059/3010
f 1810/3059/3010 479/3058/3009 536/3060/3011
f 1810/3059/3010 536/3060/3011 535/3061/3012
f 1810/3059/3010 535/3061/3012 1807/3062/3013
f 1807/3062/3013 535/3061/3012 534/3063/3014
f 1807/3062/3013 534/3063/3014 533/3064/3015
f 533/3064/3015 532/3065/3016 1807/3062/3013
f 1807/3062/3013 532/3065/3016 1811/3066/3017
f 1807/3062/3013 1811/3066/3017 1812/3067/3018
f 1812/3067/3018 1811/3066/3017 1814/3068/3019
f 1812/3067/3018 1814/3068/3019 63/3069/3020
f 63/3069/3020 1814/3068/3019 64/3070/3021
f 64/3070/3021 1814/3068/3019 1816/3071/3022
f 64/3070/3021 1816/3071/3022 65/3072/3023
f 65/3072/3023 1816/3071/3022 1818/3073/3024
f 65/3072/3023 1818/3073/3024 66/3074/3025
f 66/3074/3025 1818/3073/3024 1820/3075/3026
f 66/3074/3025 1820/3075/3026 67/3076/3027
f 67/3076/3027 1820/3075/3026 1822/3077/3028
f 67/3076/3027 1822/3077/3028 68/3078/3029
f 68/3078/3029 1822/3077/3028 1824/3079/3030
f 68/3078/3029 1824/3079/3030 69/3080/3031
f 69/3080/3031 1824/3079/3030 1826/3081/3032
f 69/3080/3031 1826/3081/3032 70/3082/3033
f 70/3082/3033 1826/3081/3032 1828/3083/3034
f 70/3082/3033 1828/3083/3034 71/3084/3035
f 71/3084/3035 1828/3083/3034 1830/3085/3036
f 71/3084/3035 1830/3085/3036 72/3086/3037
f 72/3086/3037 1830/3085/3036 1832/3087/3038
f 72/3086/3037 1832/3087/3038 73/3088/3039
f 73/3088/3039 1832/3087/3038 1834/3089/3040
f 73/3088/3039 1834/3089/3040 74/3090/3041
f 74/3090/3041 1834/3089/3040 1836/3091/3042
f 74/3090/3041 1836/3091/3042 75/3092/3043
f 75/3092/3043 1836/3091/3042 1838/3093/3044
f 75/3092/3043 1838/3093/3044 76/3094/3045
f 76/3094/3045 1838/3093/3044 1840/3095/3046
f 76/3094/3045 1840/3095/3046 77/3096/3047
f 77/3096/3047 1840/3095/3046 1842/3097/3048
f 77/3096/3047 1842/3097/3048 78/3098/3049
f 78/3098/3049 1842/3097/3048 79/3099/3050
f 79/3099/3050 1842/3097/3048 1841/3100/3051
f 79/3099/3050 1841/3100/3051 506/3101/3052
f 506/3101/3052 1841/3100/3051 507/3102/3053
f 507/3102/3053 1841/3100/3051 1839/3103/3054
f 507/3102/3053 1839/3103/3054 508/3104/3055
f 508/3104/3055 1839/3103/3054 509/3105/3056
f 509/3105/3056 1839/3103/3054 1837/3106/3057
f 509/3105/3056 1837/3106/3057 510/3107/3058
f 510/3107/3058 1837/3106/3057 1835/3108/3059
f 510/3107/3058 1835/3108/3059 511/3109/3060
f 511/3109/3060 1835/3108/3059 512/3110/3061
f 512/3110/3061 1835/3108/3059 1833/3111/3062
f 512/3110/3061 1833/3111/3062 513/3112/3063
f 513/3112/3063 1833/3111/3062 1831/3113/3064
f 513/3112/3063 1831/3113/3064 514/3114/3065
f 514/3114/3065 1831/3113/3064 515/3115/3066
f 515/3115/3066 1831/3113/3064 1829/3116/3067
f 515/3115/3066 1829/3116/3067 516/3117/3068
f 516/3117/3068 1829/3116/3067 1827/3118/3069
f 516/3117/3068 1827/3118/3069 517/3119/3070
f 517/3119/3070 1827/3118/3069 1825/3120/3071
f 517/3119/3070 1825/3120/3071 518/3121/3072
f 518/3121/3072 1825/3120/3071 519/3122/3073
f 519/3122/3073 1825/3120/3071 1823/3123/3074
f 519/3122/3073 1823/3123/3074 520/3124/3075
f 520/3124/3075 1823/3123/3074 521/3125/3076
f 521/3125/3076 1823/3123/3074 1821/3126/3077
f 521/3125/3076 1821/3126/3077 522/3127/3078
f 522/3127/3078 1821/3126/3077 1819/3128/3079
f 522/3127/3078 1819/3128/3079 523/3129/3080
f 523/3129/3080 1819/3128/3079 524/3130/3081
f 524/3130/3081 1819/3128/3079 1817/3131/3082
f 524/3130/3081 1817/3131/3082 525/3132/3083
f 525/3132/3083 1817/3131/3082 526/3133/3084
f 526/3133/3084 1817/3131/3082 1815/3134/3085
f 526/3133/3084 1815/3134/3085 527/3135/3086
f 527/3135/3086 1815/3134/3085 1813/3136/3087
f 527/3135/3086 1813/3136/3087 528/3137/3088
f 528/3137/3088 1813/3136/3087 529/3138/3089
f 529/3138/3089 1813/3136/3087 530/3139/3090
f 530/3139/3090 1813/3136/3087 1811/3066/3017
f 530/3139/3090 1811/3066/3017 531/3140/3091
f 531/3140/3091 1811/3066/3017 532/3065/3016
f 506/3101/3052 505/3141/3092 79/3099/3050
f 63/3069/3020 62/3142/3093 1812/3067/3018
f 1812/3067/3018 62/3142/3093 1808/3143/3094
f 1812/3067/3018 1808/3143/3094 1807/3062/3013
f 1807/3062/3013 1808/3143/3094 1810/3059/3010
f 62/3142/3093 61/3144/3095 1808/3143/3094
f 1808/3143/3094 61/3144/3095 1809/3145/3096
f 1808/3143/3094 1809/3145/3096 1810/3059/3010
f 1810/3059/3010 1809/3145/3096 381/3146/3097
f 1810/3059/3010 381/3146/3097 480/3057/3008
f 61/3144/3095 60/3147/3098 1809/3145/3096
f 1809/3145/3096 60/3147/3098 381/3146/3097
f 60/3147/3098 59/3148/3099 381/3146/3097
f 1816/3071/3022 1814/3068/3019 1813/3136/3087
f 1813/3136/3087 1814/3068/3019 1811/3066/3017
f 1818/3073/3024 1816/3071/3022 1815/3134/3085
f 1815/3134/3085 1816/3071/3022 1813/3136/3087
f 1820/3075/3026 1818/3073/3024 1817/3131/3082
f 1817/3131/3082 1818/3073/3024 1815/3134/3085
f 1822/3077/3028 1820/3075/3026 1819/3128/3079
f 1819/3128/3079 1820/3075/3026 1817/3131/3082
f 1824/3079/3030 1822/3077/3028 1821/3126/3077
f 1821/3126/3077 1822/3077/3028 1819/3128/3079
f 1826/3081/3032 1824/3079/3030 1823/3123/3074
f 1823/3123/3074 1824/3079/3030 1821/3126/3077
f 1828/3083/3034 1826/3081/3032 1825/3120/3071
f 1825/3120/3071 1826/3081/3032 1823/3123/3074
f 1830/3085/3036 1828/3083/3034 1827/3118/3069
f 1827/3118/3069 1828/3083/3034 1825/3120/3071
f 1832/3087/3038 1830/3085/3036 1829/3116/3067
f 1829/3116/3067 1830/3085/3036 1827/3118/3069
f 1834/3089/3040 1832/3087/3038 1831/3113/3064
f 1831/3113/3064 1832/3087/3038 1829/3116/3067
f 1836/3091/3042 1834/3089/3040 1833/3111/3062
f 1833/3111/3062 1834/3089/3040 1831/3113/3064
f 1838/3093/3044 1836/3091/3042 1835/3108/3059
f 1835/3108/3059 1836/3091/3042 1833/3111/3062
f 1840/3095/3046 1838/3093/3044 1837/3106/3057
f 1837/3106/3057 1838/3093/3044 1835/3108/3059
f 1842/3097/3048 1840/3095/3046 1839/3103/3054
f 1839/3103/3054 1840/3095/3046 1837/3106/3057
f 1841/3100/3051 1842/3097/3048 1839/3103/3054
f 895/3149/3100 894/3150/3101 58/3151/3102
f 58/3151/3102 894/3150/3101 413/3152/3103
f 58/3151/3102 413/3152/3103 59/3153/3099
f 59/3153/3099 413/3152/3103 412/3154/3104
f 59/3153/3099 412/3154/3104 411/3155/3105
f 411/3155/3105 410/3156/3106 59/3153/3099
f 59/3153/3099 410/3156/3106 409/3157/3107
f 59/3153/3099 409/3157/3107 408/3158/3108
f 408/3158/3108 407/3159/3109 59/3153/3099
f 59/3153/3099 407/3159/3109 406/3160/3110
f 59/3153/3099 406/3160/3110 405/3161/3111
f 405/3161/3111 404/3162/3112 59/3153/3099
f 59/3153/3099 404/3162/3112 403/3163/3113
f 59/3153/3099 403/3163/3113 402/3164/3114
f 402/3164/3114 401/3165/3115 59/3153/3099
f 59/3153/3099 401/3165/3115 400/3166/3116
f 59/3153/3099 400/3166/3116 399/3167/3117
f 399/3167/3117 398/3168/3118 59/3153/3099
f 59/3153/3099 398/3168/3118 397/3169/3119
f 59/3153/3099 397/3169/3119 396/3170/3120
f 396/3170/3120 395/3171/3121 59/3153/3099
f 59/3153/3099 395/3171/3121 394/3172/3122
f 59/3153/3099 394/3172/3122 393/3173/3123
f 393/3173/3123 392/3174/3124 59/3153/3099
f 59/3153/3099 392/3174/3124 391/3175/3125
f 59/3153/3099 391/3175/3125 390/3176/3126
f 390/3176/3126 389/3177/3127 59/3153/3099
f 59/3153/3099 389/3177/3127 388/3178/3128
f 59/3153/3099 388/3178/3128 387/3179/3129
f 387/3179/3129 386/3180/3130 59/3153/3099
f 59/3153/3099 386/3180/3130 385/3181/3131
f 59/3153/3099 385/3181/3131 384/3182/3132
f 384/3182/3132 383/3183/3133 59/3153/3099
f 59/3153/3099 383/3183/3133 382/3184/3134
f 59/3153/3099 382/3184/3134 381/3185/3097
f 826/3186/3135 925/3187/3136 58/3151/3102
f 58/3151/3102 925/3187/3136 924/3188/3137
f 58/3151/3102 924/3188/3137 923/3189/3138
f 923/3189/3138 922/3190/3139 58/3151/3102
f 58/3151/3102 922/3190/3139 921/3191/3140
f 58/3151/3102 921/3191/3140 920/3192/3141
f 920/3192/3141 919/3193/3142 58/3151/3102
f 58/3151/3102 919/3193/3142 918/3194/3143
f 58/3151/3102 918/3194/3143 917/3195/3144
f 917/3195/3144 916/3196/3145 58/3151/3102
f 58/3151/3102 916/3196/3145 915/3197/3146
f 58/3151/3102 915/3197/3146 914/3198/3147
f 914/3198/3147 913/3199/3148 58/3151/3102
f 58/3151/3102 913/3199/3148 912/3200/3149
f 58/3151/3102 912/3200/3149 911/3201/3150
f 911/3201/3150 910/3202/3151 58/3151/3102
f 58/3151/3102 910/3202/3151 909/3203/3152
f 58/3151/3102 909/3203/3152 908/3204/3153
f 908/3204/3153 907/3205/3154 58/3151/3102
f 58/3151/3102 907/3205/3154 906/3206/3155
f 58/3151/3102 906/3206/3155 905/3207/3156
f 905/3207/3156 904/3208/3157 58/3151/3102
f 58/3151/3102 904/3208/3157 903/3209/3158
f 58/3151/3102 903/3209/3158 902/3210/3159
f 902/3210/3159 901/3211/3160 58/3151/3102
f 58/3151/3102 901/3211/3160 900/3212/3161
f 58/3151/3102 900/3212/3161 899/3213/3162
f 899/3213/3162 898/3214/3163 58/3151/3102
f 58/3151/3102 898/3214/3163 897/3215/3164
f 58/3151/3102 897/3215/3164 896/3216/3165
f 896/3216/3165 895/3149/3100 58/3151/3102
f 826/3217/3135 58/3218/3102 827/3219/3166
f 827/3219/3166 58/3218/3102 1844/3220/3167
f 827/3219/3166 1844/3220/3167 828/3221/3168
f 828/3221/3168 1844/3220/3167 1363/3222/3169
f 1363/3222/3169 1844/3220/3167 1364/3223/3170
f 1364/3223/3170 1844/3220/3167 1846/3224/3171
f 1364/3223/3170 1846/3224/3171 1365/3225/3172
f 1365/3225/3172 1846/3224/3171 1366/3226/3173
f 1366/3226/3173 1846/3224/3171 1367/3227/3174
f 1367/3227/3174 1846/3224/3171 1848/3228/3175
f 1367/3227/3174 1848/3228/3175 1368/3229/3176
f 1368/3229/3176 1848/3228/3175 1369/3230/3177
f 1369/3230/3177 1848/3228/3175 1850/3231/3178
f 1369/3230/3177 1850/3231/3178 1370/3232/3179
f 1370/3232/3179 1850/3231/3178 1371/3233/3180
f 1371/3233/3180 1850/3231/3178 1372/3234/3181
f 1372/3234/3181 1850/3231/3178 1852/3235/3182
f 1372/3234/3181 1852/3235/3182 1373/3236/3183
f 1373/3236/3183 1852/3235/3182 1374/3237/3184
f 1374/3237/3184 1852/3235/3182 1854/3238/3185
f 1374/3237/3184 1854/3238/3185 1375/3239/3186
f 1375/3239/3186 1854/3238/3185 1856/3240/3187
f 1375/3239/3186 1856/3240/3187 1376/3241/3188
f 1376/3241/3188 1856/3240/3187 1377/3242/3189
f 1377/3242/3189 1856/3240/3187 1858/3243/3190
f 1377/3242/3189 1858/3243/3190 1378/3244/3191
f 1378/3244/3191 1858/3243/3190 1379/3245/3192
f 1379/3245/3192 1858/3243/3190 1860/3246/3193
f 1379/3245/3192 1860/3246/3193 1380/3247/3194
f 1380/3247/3194 1860/3246/3193 1862/3248/3195
f 1380/3247/3194 1862/3248/3195 1381/3249/3196
f 1381/3249/3196 1862/3248/3195 1382/3250/3197
f 1382/3250/3197 1862/3248/3195 1864/3251/3198
f 1382/3250/3197 1864/3251/3198 1383/3252/3199
f 1383/3252/3199 1864/3251/3198 1866/3253/3200
f 1383/3252/3199 1866/3253/3200 1384/3254/3201
f 1384/3254/3201 1866/3253/3200 1385/3255/3202
f 1385/3255/3202 1866/3253/3200 1868/3256/3203
f 1385/3255/3202 1868/3256/3203 1386/3257/3204
f 1386/3257/3204 1868/3256/3203 1870/3258/3205
f 1386/3257/3204 1870/3258/3205 1387/3259/3206
f 1387/3259/3206 1870/3258/3205 1388/3260/3207
f 1388/3260/3207 1870/3258/3205 1872/3261/3208
f 1388/3260/3207 1872/3261/3208 1389/3262/3209
f 1389/3262/3209 1872/3261/3208 1874/3263/3210
f 1389/3262/3209 1874/3263/3210 1390/3264/3211
f 1390/3264/3211 1874/3263/3210 1876/3265/3212
f 1390/3264/3211 1876/3265/3212 1391/3266/3213
f 1391/3266/3213 1876/3265/3212 1392/3267/3214
f 1392/3267/3214 1876/3265/3212 1878/3268/3215
f 1392/3267/3214 1878/3268/3215 1393/3269/3216
f 1393/3269/3216 1878/3268/3215 30/3270/67
f 1393/3269/3216 30/3270/67 29/3271/65
f 1844/3220/3167 58/3218/3102 1843/3272/3217
f 1843/3272/3217 58/3218/3102 57/3273/3218
f 1843/3272/3217 57/3273/3218 56/3274/3219
f 1843/3272/3217 56/3274/3219 1845/3275/3220
f 1845/3275/3220 56/3274/3219 55/3276/3221
f 1845/3275/3220 55/3276/3221 1847/3277/3222
f 1847/3277/3222 55/3276/3221 54/3278/3223
f 1847/3277/3222 54/3278/3223 1849/3279/3224
f 1849/3279/3224 54/3278/3223 53/3280/3225
f 1849/3279/3224 53/3280/3225 1851/3281/3226
f 1851/3281/3226 53/3280/3225 52/3282/3227
f 1851/3281/3226 52/3282/3227 1853/3283/3228
f 1853/3283/3228 52/3282/3227 51/3284/3229
f 1853/3283/3228 51/3284/3229 1855/3285/3230
f 1855/3285/3230 51/3284/3229 50/3286/3231
f 1855/3285/3230 50/3286/3231 1857/3287/3232
f 1857/3287/3232 50/3286/3231 49/3288/3233
f 1857/3287/3232 49/3288/3233 1859/3289/3234
f 1859/3289/3234 49/3288/3233 48/3290/3235
f 1859/3289/3234 48/3290/3235 1861/3291/3236
f 1861/3291/3236 48/3290/3235 47/3292/3237
f 1861/3291/3236 47/3292/3237 1863/3293/3238
f 1863/3293/3238 47/3292/3237 46/3294/3239
f 1863/3293/3238 46/3294/3239 1865/3295/3240
f 1865/3295/3240 46/3294/3239 45/3296/3241
f 1865/3295/3240 45/3296/3241 1867/3297/3242
f 1867/3297/3242 45/3296/3241 44/3298/3243
f 1867/3297/3242 44/3298/3243 1869/3299/3244
f 1869/3299/3244 44/3298/3243 43/3300/3245
f 1869/3299/3244 43/3300/3245 1871/3301/3246
f 1871/3301/3246 43/3300/3245 42/3302/3247
f 1871/3301/3246 42/3302/3247 1873/3303/3248
f 1873/3303/3248 42/3302/3247 41/3304/3249
f 1873/3303/3248 41/3304/3249 1875/3305/3250
f 1875/3305/3250 41/3304/3249 40/3306/3251
f 1875/3305/3250 40/3306/3251 1877/3307/3252
f 1877/3307/3252 40/3306/3251 39/3308/3253
f 1877/3307/3252 39/3308/3253 30/3270/67
f 30/3270/67 39/3308/3253 33/3309/68
f 33/3309/68 39/3308/3253 34/3310/72
f 1846/3224/3171 1844/3220/3167 1845/3275/3220
f 1845/3275/3220 1844/3220/3167 1843/3272/3217
f 1848/3228/3175 1846/3224/3171 1845/3275/3220
f 1850/3231/3178 1848/3228/3175 1847/3277/3222
f 1847/3277/3222 1848/3228/3175 1845/3275/3220
f 1852/3235/3182 1850/3231/3178 1849/3279/3224
f 1849/3279/3224 1850/3231/3178 1847/3277/3222
f 1854/3238/3185 1852/3235/3182 1851/3281/3226
f 1851/3281/3226 1852/3235/3182 1849/3279/3224
f 1856/3240/3187 1854/3238/3185 1853/3283/3228
f 1853/3283/3228 1854/3238/3185 1851/3281/3226
f 1858/3243/3190 1856/3240/3187 1855/3285/3230
f 1855/3285/3230 1856/3240/3187 1853/3283/3228
f 1860/3246/3193 1858/3243/3190 1857/3287/3232
f 1857/3287/3232 1858/3243/3190 1855/3285/3230
f 1862/3248/3195 1860/3246/3193 1859/3289/3234
f 1859/3289/3234 1860/3246/3193 1857/3287/3232
f 1864/3251/3198 1862/3248/3195 1861/3291/3236
f 1861/3291/3236 1862/3248/3195 1859/3289/3234
f 1866/3253/3200 1864/3251/3198 1863/3293/3238
f 1863/3293/3238 1864/3251/3198 1861/3291/3236
f 1868/3256/3203 1866/3253/3200 1865/3295/3240
f 1865/3295/3240 1866/3253/3200 1863/3293/3238
f 1870/3258/3205 1868/3256/3203 1867/3297/3242
f 1867/3297/3242 1868/3256/3203 1865/3295/3240
f 1872/3261/3208 1870/3258/3205 1869/3299/3244
f 1869/3299/3244 1870/3258/3205 1867/3297/3242
f 1874/3263/3210 1872/3261/3208 1871/3301/3246
f 1871/3301/3246 1872/3261/3208 1869/3299/3244
f 1876/3265/3212 1874/3263/3210 1873/3303/3248
f 1873/3303/3248 1874/3263/3210 1871/3301/3246
f 1878/3268/3215 1876/3265/3212 1875/3305/3250
f 1875/3305/3250 1876/3265/3212 1873/3303/3248
f 30/3270/67 1878/3268/3215 1877/3307/3252
f 1877/3307/3252 1878/3268/3215 1875/3305/3250
f 80/3311/3254 79/3312/3050 957/3313/3255
f 957/3313/3255 79/3312/3050 505/3314/3092
f 556/3315/2977 100/3316/2944 557/3317/3256
f 557/3317/3256 100/3316/2944 1880/3318/3257
f 557/3317/3256 1880/3318/3257 558/3319/3258
f 558/3319/3258 1880/3318/3257 926/3320/3259
f 926/3320/3259 1880/3318/3257 927/3321/3260
f 927/3321/3260 1880/3318/3257 1882/3322/3261
f 927/3321/3260 1882/3322/3261 928/3323/3262
f 928/3323/3262 1882/3322/3261 929/3324/3263
f 929/3324/3263 1882/3322/3261 930/3325/3264
f 930/3325/3264 1882/3322/3261 1884/3326/3265
f 930/3325/3264 1884/3326/3265 931/3327/3266
f 931/3327/3266 1884/3326/3265 932/3328/3267
f 932/3328/3267 1884/3326/3265 1886/3329/3268
f 932/3328/3267 1886/3329/3268 933/3330/3269
f 933/3330/3269 1886/3329/3268 934/3331/3270
f 934/3331/3270 1886/3329/3268 935/3332/3271
f 935/3332/3271 1886/3329/3268 1888/3333/3272
f 935/3332/3271 1888/3333/3272 936/3334/3273
f 936/3334/3273 1888/3333/3272 937/3335/3274
f 937/3335/3274 1888/3333/3272 1890/3336/3275
f 937/3335/3274 1890/3336/3275 938/3337/3276
f 938/3337/3276 1890/3336/3275 1892/3338/3277
f 938/3337/3276 1892/3338/3277 939/3339/3278
f 939/3339/3278 1892/3338/3277 940/3340/3279
f 940/3340/3279 1892/3338/3277 1894/3341/3280
f 940/3340/3279 1894/3341/3280 941/3342/3281
f 941/3342/3281 1894/3341/3280 942/3343/3282
f 942/3343/3282 1894/3341/3280 1896/3344/3283
f 942/3343/3282 1896/3344/3283 943/3345/3284
f 943/3345/3284 1896/3344/3283 1898/3346/3285
f 943/3345/3284 1898/3346/3285 944/3347/3286
f 944/3347/3286 1898/3346/3285 945/3348/3287
f 945/3348/3287 1898/3346/3285 1900/3349/3288
f 945/3348/3287 1900/3349/3288 946/3350/3289
f 946/3350/3289 1900/3349/3288 1902/3351/3290
f 946/3350/3289 1902/3351/3290 947/3352/3291
f 947/3352/3291 1902/3351/3290 948/3353/3292
f 948/3353/3292 1902/3351/3290 1904/3354/3293
f 948/3353/3292 1904/3354/3293 949/3355/3294
f 949/3355/3294 1904/3354/3293 1906/3356/3295
f 949/3355/3294 1906/3356/3295 950/3357/3296
f 950/3357/3296 1906/3356/3295 951/3358/3297
f 951/3358/3297 1906/3356/3295 1908/3359/3298
f 951/3358/3297 1908/3359/3298 952/3360/3299
f 952/3360/3299 1908/3359/3298 1910/3361/3300
f 952/3360/3299 1910/3361/3300 953/3362/3301
f 953/3362/3301 1910/3361/3300 1912/3363/3302
f 953/3362/3301 1912/3363/3302 954/3364/3303
f 954/3364/3303 1912/3363/3302 955/3365/3304
f 955/3365/3304 1912/3363/3302 1914/3366/3305
f 955/3365/3304 1914/3366/3305 956/3367/3306
f 956/3367/3306 1914/3366/3305 957/3368/3255
f 957/3368/3255 1914/3366/3305 1913/3369/3307
f 957/3368/3255 1913/3369/3307 81/3370/3308
f 81/3370/3308 1913/3369/3307 82/3371/3309
f 82/3371/3309 1913/3369/3307 1911/3372/3310
f 82/3371/3309 1911/3372/3310 83/3373/3311
f 83/3373/3311 1911/3372/3310 1909/3374/3312
f 83/3373/3311 1909/3374/3312 84/3375/3313
f 84/3375/3313 1909/3374/3312 1907/3376/3314
f 84/3375/3313 1907/3376/3314 85/3377/3315
f 85/3377/3315 1907/3376/3314 1905/3378/3316
f 85/3377/3315 1905/3378/3316 86/3379/3317
f 86/3379/3317 1905/3378/3316 1903/3380/3318
f 86/3379/3317 1903/3380/3318 87/3381/3319
f 87/3381/3319 1903/3380/3318 1901/3382/3320
f 87/3381/3319 1901/3382/3320 88/3383/3321
f 88/3383/3321 1901/3382/3320 1899/3384/3322
f 88/3383/3321 1899/3384/3322 89/3385/3323
f 89/3385/3323 1899/3384/3322 1897/3386/3324
f 89/3385/3323 1897/3386/3324 90/3387/3325
f 90/3387/3325 1897/3386/3324 1895/3388/3326
f 90/3387/3325 1895/3388/3326 91/3389/3327
f 91/3389/3327 1895/3388/3326 1893/3390/3328
f 91/3389/3327 1893/3390/3328 92/3391/3329
f 92/3391/3329 1893/3390/3328 1891/3392/3330
f 92/3391/3329 1891/3392/3330 93/3393/3331
f 93/3393/3331 1891/3392/3330 1889/3394/3332
f 93/3393/3331 1889/3394/3332 94/3395/3333
f 94/3395/3333 1889/3394/3332 1887/3396/3334
f 94/3395/3333 1887/3396/3334 95/3397/3335
f 95/3397/3335 1887/3396/3334 1885/3398/3336
f 95/3397/3335 1885/3398/3336 96/3399/3337
f 96/3399/3337 1885/3398/3336 1883/3400/3338
f 96/3399/3337 1883/3400/3338 97/3401/3339
f 97/3401/3339 1883/3400/3338 1881/3402/3340
f 97/3401/3339 1881/3402/3340 98/3403/3341
f 98/3403/3341 1881/3402/3340 1879/3404/3342
f 98/3403/3341 1879/3404/3342 99/3405/3343
f 99/3405/3343 1879/3404/3342 100/3316/2944
f 100/3316/2944 1879/3404/3342 1880/3318/3257
f 81/3370/3308 80/3406/3254 957/3368/3255
f 1882/3322/3261 1880/3318/3257 1881/3402/3340
f 1881/3402/3340 1880/3318/3257 1879/3404/3342
f 1884/3326/3265 1882/3322/3261 1881/3402/3340
f 1886/3329/3268 1884/3326/3265 1883/3400/3338
f 1883/3400/3338 1884/3326/3265 1881/3402/3340
f 1888/3333/3272 1886/3329/3268 1885/3398/3336
f 1885/3398/3336 1886/3329/3268 1883/3400/3338
f 1890/3336/3275 1888/3333/3272 1887/3396/3334
f 1887/3396/3334 1888/3333/3272 1885/3398/3336
f 1892/3338/3277 1890/3336/3275 1889/3394/3332
f 1889/3394/3332 1890/3336/3275 1887/3396/3334
f 1894/3341/3280 1892/3338/3277 1891/3392/3330
f 1891/3392/3330 1892/3338/3277 1889/3394/3332
f 1896/3344/3283 1894/3341/3280 1893/3390/3328
f 1893/3390/3328 1894/3341/3280 1891/3392/3330
f 1898/3346/3285 1896/3344/3283 1895/3388/3326
f 1895/3388/3326 1896/3344/3283 1893/3390/3328
f 1900/3349/3288 1898/3346/3285 1897/3386/3324
f 1897/3386/3324 1898/3346/3285 1895/3388/3326
f 1902/3351/3290 1900/3349/3288 1899/3384/3322
f 1899/3384/3322 1900/3349/3288 1897/3386/3324
f 1904/3354/3293 1902/3351/3290 1901/3382/3320
f 1901/3382/3320 1902/3351/3290 1899/3384/3322
f 1906/3356/3295 1904/3354/3293 1903/3380/3318
f 1903/3380/3318 1904/3354/3293 1901/3382/3320
f 1908/3359/3298 1906/3356/3295 1905/3378/3316
f 1905/3378/3316 1906/3356/3295 1903/3380/3318
f 1910/3361/3300 1908/3359/3298 1907/3376/3314
f 1907/3376/3314 1908/3359/3298 1905/3378/3316
f 1912/3363/3302 1910/3361/3300 1909/3374/3312
f 1909/3374/3312 1910/3361/3300 1907/3376/3314
f 1914/3366/3305 1912/3363/3302 1911/3372/3310
f 1911/3372/3310 1912/3363/3302 1909/3374/3312
f 1913/3369/3307 1914/3366/3305 1911/3372/3310
# 1914 vertices
# 3406 texture params
# 3343 normals
# 3840 facets

# 1 groups
